service_date,day_type,mode,rides,is_outlier
2001-01-01,U,bus,297192,True
2001-01-02,W,bus,780827,False
2001-01-03,W,bus,824923,False
2001-01-04,W,bus,870021,False
2001-01-05,W,bus,890426,False
2001-01-06,A,bus,577401,False
2001-01-07,U,bus,375831,False
2001-01-08,W,bus,985221,False
2001-01-09,W,bus,978377,False
2001-01-10,W,bus,984884,False
2001-01-11,W,bus,995561,False
2001-01-12,W,bus,1018985,False
2001-01-13,A,bus,591791,False
2001-01-14,U,bus,373091,False
2001-01-15,W,bus,675845,True
2001-01-16,W,bus,1024367,False
2001-01-17,W,bus,1018690,False
2001-01-18,W,bus,1006996,False
2001-01-19,W,bus,909964,False
2001-01-20,A,bus,582348,False
2001-01-21,U,bus,378381,False
2001-01-22,W,bus,1005936,False
2001-01-23,W,bus,1019983,False
2001-01-24,W,bus,991661,False
2001-01-25,W,bus,1004257,False
2001-01-26,W,bus,965324,False
2001-01-27,A,bus,590836,False
2001-01-28,U,bus,368819,False
2001-01-29,W,bus,953532,False
2001-01-30,W,bus,982046,False
2001-01-31,W,bus,999392,False
2001-02-01,W,bus,1054608,False
2001-02-02,W,bus,966701,False
2001-02-03,A,bus,611703,False
2001-02-04,U,bus,404212,False
2001-02-05,W,bus,1045944,False
2001-02-06,W,bus,1039393,False
2001-02-07,W,bus,1015059,False
2001-02-08,W,bus,1007760,False
2001-02-09,W,bus,970826,False
2001-02-10,A,bus,605404,False
2001-02-11,U,bus,405433,False
2001-02-12,W,bus,872330,False
2001-02-13,W,bus,1050834,False
2001-02-14,W,bus,1004304,False
2001-02-15,W,bus,1028938,False
2001-02-16,W,bus,1033040,False
2001-02-17,A,bus,591717,False
2001-02-18,U,bus,388788,False
2001-02-19,W,bus,782447,True
2001-02-20,W,bus,1035400,False
2001-02-21,W,bus,986212,False
2001-02-22,W,bus,986399,False
2001-02-23,W,bus,1024235,False
2001-02-24,A,bus,505193,True
2001-02-25,U,bus,351637,False
2001-02-26,W,bus,1009329,False
2001-02-27,W,bus,1000630,False
2001-02-28,W,bus,990416,False
2001-03-01,W,bus,1051889,False
2001-03-02,W,bus,1062234,False
2001-03-03,A,bus,678870,True
2001-03-04,U,bus,385978,False
2001-03-05,W,bus,863086,True
2001-03-06,W,bus,1013530,False
2001-03-07,W,bus,1028462,False
2001-03-08,W,bus,1000946,False
2001-03-09,W,bus,1038368,False
2001-03-10,A,bus,633472,False
2001-03-11,U,bus,410081,False
2001-03-12,W,bus,979411,False
2001-03-13,W,bus,1017685,False
2001-03-14,W,bus,1025283,False
2001-03-15,W,bus,960667,False
2001-03-16,W,bus,923613,True
2001-03-17,A,bus,602158,False
2001-03-18,U,bus,412146,False
2001-03-19,W,bus,1021700,False
2001-03-20,W,bus,1034388,False
2001-03-21,W,bus,1029332,False
2001-03-22,W,bus,1030741,False
2001-03-23,W,bus,1030685,False
2001-03-24,A,bus,604139,False
2001-03-25,U,bus,348817,False
2001-03-26,W,bus,989316,False
2001-03-27,W,bus,1017904,False
2001-03-28,W,bus,1007699,False
2001-03-29,W,bus,1020098,False
2001-03-30,W,bus,978244,False
2001-03-31,A,bus,626223,False
2001-04-01,U,bus,417716,False
2001-04-02,W,bus,1023629,False
2001-04-03,W,bus,1057275,False
2001-04-04,W,bus,1047634,False
2001-04-05,W,bus,973118,False
2001-04-06,W,bus,1015046,False
2001-04-07,A,bus,642265,False
2001-04-08,U,bus,437035,False
2001-04-09,W,bus,998290,False
2001-04-10,W,bus,1024817,False
2001-04-11,W,bus,985906,False
2001-04-12,W,bus,991795,False
2001-04-13,W,bus,865706,False
2001-04-14,A,bus,628526,False
2001-04-15,U,bus,364972,False
2001-04-16,W,bus,859713,False
2001-04-17,W,bus,877834,False
2001-04-18,W,bus,907539,False
2001-04-19,W,bus,917518,False
2001-04-20,W,bus,922082,False
2001-04-21,A,bus,603039,False
2001-04-22,U,bus,384255,False
2001-04-23,W,bus,979788,False
2001-04-24,W,bus,1031150,False
2001-04-25,W,bus,977794,False
2001-04-26,W,bus,1028140,False
2001-04-27,W,bus,1034472,False
2001-04-28,A,bus,624970,False
2001-04-29,U,bus,423377,False
2001-04-30,W,bus,1008390,False
2001-05-01,W,bus,1067496,False
2001-05-02,W,bus,1034088,False
2001-05-03,W,bus,1065048,False
2001-05-04,W,bus,1046692,False
2001-05-05,A,bus,637957,False
2001-05-06,U,bus,417760,False
2001-05-07,W,bus,1007381,False
2001-05-08,W,bus,1044379,False
2001-05-09,W,bus,1041324,False
2001-05-10,W,bus,1018705,False
2001-05-11,W,bus,1004068,False
2001-05-12,A,bus,649008,False
2001-05-13,U,bus,422270,False
2001-05-14,W,bus,963027,False
2001-05-15,W,bus,1035512,False
2001-05-16,W,bus,995884,False
2001-05-17,W,bus,1006118,False
2001-05-18,W,bus,1027834,False
2001-05-19,A,bus,645603,False
2001-05-20,U,bus,427040,False
2001-05-21,W,bus,958236,False
2001-05-22,W,bus,1019568,False
2001-05-23,W,bus,978614,False
2001-05-24,W,bus,973423,False
2001-05-25,W,bus,988982,False
2001-05-26,A,bus,512958,True
2001-05-27,U,bus,390535,False
2001-05-28,U,bus,392906,False
2001-05-29,W,bus,1003029,False
2001-05-30,W,bus,1002940,False
2001-05-31,W,bus,965359,False
2001-06-01,W,bus,1057056,False
2001-06-02,A,bus,618944,False
2001-06-03,U,bus,432408,False
2001-06-04,W,bus,1029447,False
2001-06-05,W,bus,935443,False
2001-06-06,W,bus,1004243,False
2001-06-07,W,bus,1004748,False
2001-06-08,W,bus,1012502,False
2001-06-09,A,bus,639444,False
2001-06-10,U,bus,438393,False
2001-06-11,W,bus,910186,False
2001-06-12,W,bus,946314,False
2001-06-13,W,bus,911372,False
2001-06-14,W,bus,891710,False
2001-06-15,W,bus,912712,False
2001-06-16,A,bus,675335,False
2001-06-17,U,bus,422714,False
2001-06-18,W,bus,909937,False
2001-06-19,W,bus,944122,False
2001-06-20,W,bus,939471,False
2001-06-21,W,bus,900375,False
2001-06-22,W,bus,957514,False
2001-06-23,A,bus,631716,False
2001-06-24,U,bus,443240,False
2001-06-25,W,bus,947130,False
2001-06-26,W,bus,944301,False
2001-06-27,W,bus,944274,False
2001-06-28,W,bus,942731,False
2001-06-29,W,bus,996694,False
2001-06-30,A,bus,649995,False
2001-07-01,U,bus,435317,False
2001-07-02,W,bus,958879,False
2001-07-03,W,bus,990209,False
2001-07-04,U,bus,461383,False
2001-07-05,W,bus,918500,False
2001-07-06,W,bus,958011,False
2001-07-07,A,bus,599172,False
2001-07-08,U,bus,439513,False
2001-07-09,W,bus,935542,False
2001-07-10,W,bus,937066,False
2001-07-11,W,bus,960775,False
2001-07-12,W,bus,949551,False
2001-07-13,W,bus,957097,False
2001-07-14,A,bus,629660,False
2001-07-15,U,bus,420137,False
2001-07-16,W,bus,880246,False
2001-07-17,W,bus,920250,False
2001-07-18,W,bus,935427,False
2001-07-19,W,bus,949691,False
2001-07-20,W,bus,937942,False
2001-07-21,A,bus,593545,False
2001-07-22,U,bus,379766,False
2001-07-23,W,bus,854318,False
2001-07-24,W,bus,939133,False
2001-07-25,W,bus,874776,False
2001-07-26,W,bus,954848,False
2001-07-27,W,bus,933625,False
2001-07-28,A,bus,607195,False
2001-07-29,U,bus,432534,False
2001-07-30,W,bus,908372,False
2001-07-31,W,bus,884617,False
2001-08-01,W,bus,873553,False
2001-08-02,W,bus,790639,False
2001-08-03,W,bus,984483,False
2001-08-04,A,bus,648406,False
2001-08-05,U,bus,453344,False
2001-08-06,W,bus,907499,False
2001-08-07,W,bus,875431,False
2001-08-08,W,bus,854367,False
2001-08-09,W,bus,846305,False
2001-08-10,W,bus,946431,False
2001-08-11,A,bus,607614,False
2001-08-12,U,bus,420182,False
2001-08-13,W,bus,892382,False
2001-08-14,W,bus,866757,False
2001-08-15,W,bus,878793,False
2001-08-16,W,bus,800887,False
2001-08-17,W,bus,929083,False
2001-08-18,A,bus,569201,False
2001-08-19,U,bus,439920,False
2001-08-20,W,bus,876831,False
2001-08-21,W,bus,894995,False
2001-08-22,W,bus,864392,False
2001-08-23,W,bus,906026,False
2001-08-24,W,bus,926014,False
2001-08-25,A,bus,518211,False
2001-08-26,U,bus,439715,False
2001-08-27,W,bus,900370,False
2001-08-28,W,bus,933626,False
2001-08-29,W,bus,901782,False
2001-08-30,W,bus,913200,False
2001-08-31,W,bus,986749,False
2001-09-01,A,bus,639977,False
2001-09-02,U,bus,470771,False
2001-09-03,U,bus,448248,False
2001-09-04,W,bus,1120482,False
2001-09-05,W,bus,1047878,False
2001-09-06,W,bus,1053246,False
2001-09-07,W,bus,1070339,False
2001-09-08,A,bus,645427,False
2001-09-09,U,bus,492026,False
2001-09-10,W,bus,1075781,False
2001-09-11,W,bus,957593,False
2001-09-12,W,bus,931165,False
2001-09-13,W,bus,1010171,False
2001-09-14,W,bus,1034666,False
2001-09-15,A,bus,615097,False
2001-09-16,U,bus,417392,False
2001-09-17,W,bus,919985,False
2001-09-18,W,bus,1039365,False
2001-09-19,W,bus,939442,False
2001-09-20,W,bus,973094,False
2001-09-21,W,bus,967583,False
2001-09-22,A,bus,641096,False
2001-09-23,U,bus,361048,False
2001-09-24,W,bus,940207,False
2001-09-25,W,bus,968563,False
2001-09-26,W,bus,1028542,False
2001-09-27,W,bus,1024125,False
2001-09-28,W,bus,1024142,False
2001-09-29,A,bus,639464,False
2001-09-30,U,bus,412037,False
2001-10-01,W,bus,1069361,False
2001-10-02,W,bus,1078342,False
2001-10-03,W,bus,1018388,False
2001-10-04,W,bus,902598,False
2001-10-05,W,bus,1034680,False
2001-10-06,A,bus,628587,False
2001-10-07,U,bus,404926,False
2001-10-08,W,bus,802729,True
2001-10-09,W,bus,1055377,False
2001-10-10,W,bus,898767,True
2001-10-11,W,bus,1025128,False
2001-10-12,W,bus,1000153,False
2001-10-13,A,bus,515481,True
2001-10-14,U,bus,409065,False
2001-10-15,W,bus,1037513,False
2001-10-16,W,bus,1022047,False
2001-10-17,W,bus,1036702,False
2001-10-18,W,bus,1017434,False
2001-10-19,W,bus,956423,False
2001-10-20,A,bus,632093,False
2001-10-21,U,bus,433014,False
2001-10-22,W,bus,1012782,False
2001-10-23,W,bus,1000304,False
2001-10-24,W,bus,867027,True
2001-10-25,W,bus,947047,False
2001-10-26,W,bus,981933,False
2001-10-27,A,bus,582223,False
2001-10-28,U,bus,405374,False
2001-10-29,W,bus,1019942,False
2001-10-30,W,bus,994503,False
2001-10-31,W,bus,978585,False
2001-11-01,W,bus,1029256,False
2001-11-02,W,bus,1042714,False
2001-11-03,A,bus,648350,False
2001-11-04,U,bus,443453,False
2001-11-05,W,bus,1057697,False
2001-11-06,W,bus,1044478,False
2001-11-07,W,bus,1033982,False
2001-11-08,W,bus,1004574,False
2001-11-09,W,bus,931849,False
2001-11-10,A,bus,618184,False
2001-11-11,U,bus,416118,False
2001-11-12,W,bus,812747,True
2001-11-13,W,bus,1026715,False
2001-11-14,W,bus,994462,False
2001-11-15,W,bus,983434,False
2001-11-16,W,bus,1046467,False
2001-11-17,A,bus,653210,False
2001-11-18,U,bus,414683,False
2001-11-19,W,bus,999890,False
2001-11-20,W,bus,1005581,False
2001-11-21,W,bus,988420,False
2001-11-22,U,bus,322788,False
2001-11-23,W,bus,641780,True
2001-11-24,A,bus,504548,False
2001-11-25,U,bus,373755,False
2001-11-26,W,bus,993754,False
2001-11-27,W,bus,985583,False
2001-11-28,W,bus,981842,False
2001-11-29,W,bus,972155,False
2001-11-30,W,bus,1039082,False
2001-12-01,A,bus,640965,False
2001-12-02,U,bus,418878,False
2001-12-03,W,bus,1051222,False
2001-12-04,W,bus,1049416,False
2001-12-05,W,bus,1039940,False
2001-12-06,W,bus,1020021,False
2001-12-07,W,bus,1023743,False
2001-12-08,A,bus,620074,False
2001-12-09,U,bus,406917,False
2001-12-10,W,bus,1005376,False
2001-12-11,W,bus,1010462,False
2001-12-12,W,bus,981259,False
2001-12-13,W,bus,990166,False
2001-12-14,W,bus,982986,False
2001-12-15,A,bus,623138,False
2001-12-16,U,bus,407448,False
2001-12-17,W,bus,995060,False
2001-12-18,W,bus,1014592,False
2001-12-19,W,bus,958790,False
2001-12-20,W,bus,987827,False
2001-12-21,W,bus,994499,False
2001-12-22,A,bus,586969,False
2001-12-23,U,bus,393359,False
2001-12-24,W,bus,525908,True
2001-12-25,U,bus,218872,True
2001-12-26,W,bus,619967,False
2001-12-27,W,bus,690465,False
2001-12-28,W,bus,739404,False
2001-12-29,A,bus,473194,False
2001-12-30,U,bus,306871,False
2001-12-31,W,bus,650794,False
2002-01-01,U,bus,294360,False
2002-01-02,W,bus,766853,False
2002-01-03,W,bus,838088,False
2002-01-04,W,bus,858709,False
2002-01-05,A,bus,542470,False
2002-01-06,U,bus,370508,False
2002-01-07,W,bus,953807,False
2002-01-08,W,bus,973200,False
2002-01-09,W,bus,985622,False
2002-01-10,W,bus,974188,False
2002-01-11,W,bus,1006535,False
2002-01-12,A,bus,565955,False
2002-01-13,U,bus,371378,False
2002-01-14,W,bus,985931,False
2002-01-15,W,bus,983090,False
2002-01-16,W,bus,955758,False
2002-01-17,W,bus,968715,False
2002-01-18,W,bus,967930,False
2002-01-19,A,bus,556405,False
2002-01-20,U,bus,374069,False
2002-01-21,W,bus,648994,True
2002-01-22,W,bus,1012565,False
2002-01-23,W,bus,990484,False
2002-01-24,W,bus,1007218,False
2002-01-25,W,bus,1028432,False
2002-01-26,A,bus,611356,False
2002-01-27,U,bus,408878,False
2002-01-28,W,bus,1009923,False
2002-01-29,W,bus,979719,False
2002-01-30,W,bus,936013,False
2002-01-31,W,bus,879895,False
2002-02-01,W,bus,954707,False
2002-02-02,A,bus,614544,False
2002-02-03,U,bus,401958,False
2002-02-04,W,bus,988315,False
2002-02-05,W,bus,997471,False
2002-02-06,W,bus,1011650,False
2002-02-07,W,bus,1011915,False
2002-02-08,W,bus,1027036,False
2002-02-09,A,bus,650477,False
2002-02-10,U,bus,379613,False
2002-02-11,W,bus,985014,False
2002-02-12,W,bus,811567,True
2002-02-13,W,bus,1019675,False
2002-02-14,W,bus,1014122,False
2002-02-15,W,bus,1007654,False
2002-02-16,A,bus,617307,False
2002-02-17,U,bus,423922,False
2002-02-18,W,bus,759013,True
2002-02-19,W,bus,985390,False
2002-02-20,W,bus,986615,False
2002-02-21,W,bus,977261,False
2002-02-22,W,bus,1016162,False
2002-02-23,A,bus,629609,False
2002-02-24,U,bus,421160,False
2002-02-25,W,bus,979843,False
2002-02-26,W,bus,933204,False
2002-02-27,W,bus,939542,False
2002-02-28,W,bus,941136,False
2002-03-01,W,bus,973482,False
2002-03-02,A,bus,512767,False
2002-03-03,U,bus,331715,False
2002-03-04,W,bus,726815,True
2002-03-05,W,bus,978944,False
2002-03-06,W,bus,1008215,False
2002-03-07,W,bus,1008102,False
2002-03-08,W,bus,993813,False
2002-03-09,A,bus,493346,True
2002-03-10,U,bus,361758,False
2002-03-11,W,bus,1008613,False
2002-03-12,W,bus,1021380,False
2002-03-13,W,bus,1022145,False
2002-03-14,W,bus,1010579,False
2002-03-15,W,bus,1005654,False
2002-03-16,A,bus,615103,False
2002-03-17,U,bus,390344,False
2002-03-18,W,bus,992913,False
2002-03-19,W,bus,990801,False
2002-03-20,W,bus,993245,False
2002-03-21,W,bus,930667,False
2002-03-22,W,bus,961386,False
2002-03-23,A,bus,617210,False
2002-03-24,U,bus,370997,False
2002-03-25,W,bus,895573,True
2002-03-26,W,bus,938869,False
2002-03-27,W,bus,989393,False
2002-03-28,W,bus,965734,False
2002-03-29,W,bus,755230,True
2002-03-30,A,bus,616271,False
2002-03-31,U,bus,377026,False
2002-04-01,W,bus,971162,False
2002-04-02,W,bus,970537,False
2002-04-03,W,bus,1007100,False
2002-04-04,W,bus,995075,False
2002-04-05,W,bus,1014222,False
2002-04-06,A,bus,639707,False
2002-04-07,U,bus,355354,False
2002-04-08,W,bus,937560,False
2002-04-09,W,bus,1013106,False
2002-04-10,W,bus,1020986,False
2002-04-11,W,bus,1036014,False
2002-04-12,W,bus,917031,False
2002-04-13,A,bus,631465,False
2002-04-14,U,bus,438900,False
2002-04-15,W,bus,926258,False
2002-04-16,W,bus,899896,False
2002-04-17,W,bus,892185,False
2002-04-18,W,bus,896865,False
2002-04-19,W,bus,905545,False
2002-04-20,A,bus,574009,False
2002-04-21,U,bus,356144,False
2002-04-22,W,bus,974101,False
2002-04-23,W,bus,1021788,False
2002-04-24,W,bus,918721,False
2002-04-25,W,bus,1000933,False
2002-04-26,W,bus,1026348,False
2002-04-27,A,bus,513069,False
2002-04-28,U,bus,365481,False
2002-04-29,W,bus,1001321,False
2002-04-30,W,bus,1000608,False
2002-05-01,W,bus,1031532,False
2002-05-02,W,bus,976392,False
2002-05-03,W,bus,1075694,False
2002-05-04,A,bus,660227,False
2002-05-05,U,bus,443915,False
2002-05-06,W,bus,994227,False
2002-05-07,W,bus,1010608,False
2002-05-08,W,bus,968509,False
2002-05-09,W,bus,1009271,False
2002-05-10,W,bus,1047188,False
2002-05-11,A,bus,492841,False
2002-05-12,U,bus,358446,False
2002-05-13,W,bus,975822,False
2002-05-14,W,bus,1009365,False
2002-05-15,W,bus,1015551,False
2002-05-16,W,bus,906240,True
2002-05-17,W,bus,991682,False
2002-05-18,A,bus,638862,False
2002-05-19,U,bus,419434,False
2002-05-20,W,bus,994112,False
2002-05-21,W,bus,1008846,False
2002-05-22,W,bus,999920,False
2002-05-23,W,bus,969174,False
2002-05-24,W,bus,995434,False
2002-05-25,A,bus,558891,False
2002-05-26,U,bus,436570,False
2002-05-27,U,bus,395210,False
2002-05-28,W,bus,959547,False
2002-05-29,W,bus,980049,False
2002-05-30,W,bus,990460,False
2002-05-31,W,bus,1040502,False
2002-06-01,A,bus,667264,False
2002-06-02,U,bus,423135,False
2002-06-03,W,bus,1001778,False
2002-06-04,W,bus,915667,False
2002-06-05,W,bus,1005307,False
2002-06-06,W,bus,1044279,False
2002-06-07,W,bus,1036716,False
2002-06-08,A,bus,649574,False
2002-06-09,U,bus,446760,False
2002-06-10,W,bus,944065,False
2002-06-11,W,bus,969387,False
2002-06-12,W,bus,986714,False
2002-06-13,W,bus,967153,False
2002-06-14,W,bus,980140,False
2002-06-15,A,bus,644968,False
2002-06-16,U,bus,456833,False
2002-06-17,W,bus,980090,False
2002-06-18,W,bus,996706,False
2002-06-19,W,bus,992928,False
2002-06-20,W,bus,975703,False
2002-06-21,W,bus,979910,False
2002-06-22,A,bus,634013,False
2002-06-23,U,bus,444454,False
2002-06-24,W,bus,884749,False
2002-06-25,W,bus,926613,False
2002-06-26,W,bus,879533,False
2002-06-27,W,bus,914452,False
2002-06-28,W,bus,934562,False
2002-06-29,A,bus,636792,False
2002-06-30,U,bus,441101,False
2002-07-01,W,bus,948966,False
2002-07-02,W,bus,955991,False
2002-07-03,W,bus,1004276,False
2002-07-04,U,bus,441126,False
2002-07-05,W,bus,807831,False
2002-07-06,A,bus,597877,False
2002-07-07,U,bus,445916,False
2002-07-08,W,bus,929870,False
2002-07-09,W,bus,919623,False
2002-07-10,W,bus,941513,False
2002-07-11,W,bus,969657,False
2002-07-12,W,bus,963191,False
2002-07-13,A,bus,624850,False
2002-07-14,U,bus,433166,False
2002-07-15,W,bus,949705,False
2002-07-16,W,bus,946077,False
2002-07-17,W,bus,931752,False
2002-07-18,W,bus,942643,False
2002-07-19,W,bus,960153,False
2002-07-20,A,bus,635657,False
2002-07-21,U,bus,412477,False
2002-07-22,W,bus,900537,False
2002-07-23,W,bus,955084,False
2002-07-24,W,bus,945502,False
2002-07-25,W,bus,931679,False
2002-07-26,W,bus,942389,False
2002-07-27,A,bus,595484,False
2002-07-28,U,bus,414913,False
2002-07-29,W,bus,893147,False
2002-07-30,W,bus,934322,False
2002-07-31,W,bus,912632,False
2002-08-01,W,bus,969159,False
2002-08-02,W,bus,1004199,False
2002-08-03,A,bus,674990,False
2002-08-04,U,bus,451144,False
2002-08-05,W,bus,941406,False
2002-08-06,W,bus,955681,False
2002-08-07,W,bus,940727,False
2002-08-08,W,bus,945096,False
2002-08-09,W,bus,968109,False
2002-08-10,A,bus,667701,False
2002-08-11,U,bus,437332,False
2002-08-12,W,bus,908503,False
2002-08-13,W,bus,871791,False
2002-08-14,W,bus,893558,False
2002-08-15,W,bus,920323,False
2002-08-16,W,bus,903666,False
2002-08-17,A,bus,644076,False
2002-08-18,U,bus,490868,False
2002-08-19,W,bus,847798,False
2002-08-20,W,bus,918696,False
2002-08-21,W,bus,904673,False
2002-08-22,W,bus,829797,True
2002-08-23,W,bus,903292,False
2002-08-24,A,bus,625725,False
2002-08-25,U,bus,441076,False
2002-08-26,W,bus,920546,False
2002-08-27,W,bus,923644,False
2002-08-28,W,bus,922170,False
2002-08-29,W,bus,808555,False
2002-08-30,W,bus,987793,False
2002-08-31,A,bus,666152,False
2002-09-01,U,bus,477226,False
2002-09-02,U,bus,381482,True
2002-09-03,W,bus,1106907,False
2002-09-04,W,bus,1087925,False
2002-09-05,W,bus,1083538,False
2002-09-06,W,bus,1082951,False
2002-09-07,A,bus,643335,False
2002-09-08,U,bus,439942,False
2002-09-09,W,bus,1071206,False
2002-09-10,W,bus,1050992,False
2002-09-11,W,bus,1045640,False
2002-09-12,W,bus,1059762,False
2002-09-13,W,bus,1064345,False
2002-09-14,A,bus,642689,False
2002-09-15,U,bus,421429,False
2002-09-16,W,bus,1049667,False
2002-09-17,W,bus,1064546,False
2002-09-18,W,bus,1039162,False
2002-09-19,W,bus,1038608,False
2002-09-20,W,bus,1019280,True
2002-09-21,A,bus,674983,False
2002-09-22,U,bus,416973,False
2002-09-23,W,bus,1055515,False
2002-09-24,W,bus,1055580,False
2002-09-25,W,bus,1064437,False
2002-09-26,W,bus,1057421,False
2002-09-27,W,bus,1058970,False
2002-09-28,A,bus,632188,False
2002-09-29,U,bus,421618,False
2002-09-30,W,bus,1048696,False
2002-10-01,W,bus,1098830,True
2002-10-02,W,bus,1059836,False
2002-10-03,W,bus,1100107,False
2002-10-04,W,bus,1024955,True
2002-10-05,A,bus,672805,False
2002-10-06,U,bus,423210,False
2002-10-07,W,bus,1086922,False
2002-10-08,W,bus,1074824,False
2002-10-09,W,bus,1064324,False
2002-10-10,W,bus,1072954,False
2002-10-11,W,bus,1074197,False
2002-10-12,A,bus,612527,False
2002-10-13,U,bus,407917,False
2002-10-14,W,bus,806818,True
2002-10-15,W,bus,1068455,False
2002-10-16,W,bus,1036205,False
2002-10-17,W,bus,1030300,False
2002-10-18,W,bus,1059316,False
2002-10-19,A,bus,654965,False
2002-10-20,U,bus,424767,False
2002-10-21,W,bus,1057968,False
2002-10-22,W,bus,1047657,False
2002-10-23,W,bus,1013066,False
2002-10-24,W,bus,1014798,False
2002-10-25,W,bus,1022926,False
2002-10-26,A,bus,626185,False
2002-10-27,U,bus,413385,False
2002-10-28,W,bus,1041265,False
2002-10-29,W,bus,1025525,False
2002-10-30,W,bus,1036745,False
2002-10-31,W,bus,1000155,False
2002-11-01,W,bus,1069031,False
2002-11-02,A,bus,647400,False
2002-11-03,U,bus,418620,False
2002-11-04,W,bus,1072235,False
2002-11-05,W,bus,994530,False
2002-11-06,W,bus,1045767,False
2002-11-07,W,bus,1065889,False
2002-11-08,W,bus,995294,False
2002-11-09,A,bus,630142,False
2002-11-10,U,bus,419858,False
2002-11-11,W,bus,780558,True
2002-11-12,W,bus,1029700,False
2002-11-13,W,bus,1035982,False
2002-11-14,W,bus,956533,False
2002-11-15,W,bus,1042694,False
2002-11-16,A,bus,600110,False
2002-11-17,U,bus,393692,False
2002-11-18,W,bus,1018831,False
2002-11-19,W,bus,1058349,False
2002-11-20,W,bus,1033748,False
2002-11-21,W,bus,983825,False
2002-11-22,W,bus,1030889,False
2002-11-23,A,bus,631388,False
2002-11-24,U,bus,393321,False
2002-11-25,W,bus,992101,False
2002-11-26,W,bus,959679,False
2002-11-27,W,bus,946620,False
2002-11-28,U,bus,297477,True
2002-11-29,W,bus,676405,True
2002-11-30,A,bus,525319,True
2002-12-01,U,bus,362192,False
2002-12-02,W,bus,966808,False
2002-12-03,W,bus,1007666,False
2002-12-04,W,bus,1003459,False
2002-12-05,W,bus,1005218,False
2002-12-06,W,bus,1018401,False
2002-12-07,A,bus,627855,False
2002-12-08,U,bus,396717,False
2002-12-09,W,bus,994622,False
2002-12-10,W,bus,1030456,False
2002-12-11,W,bus,1021640,False
2002-12-12,W,bus,1015667,False
2002-12-13,W,bus,1020480,False
2002-12-14,A,bus,653848,False
2002-12-15,U,bus,435253,False
2002-12-16,W,bus,1003932,False
2002-12-17,W,bus,985528,False
2002-12-18,W,bus,939870,False
2002-12-19,W,bus,1020038,False
2002-12-20,W,bus,984913,False
2002-12-21,A,bus,614025,False
2002-12-22,U,bus,404210,False
2002-12-23,W,bus,827316,False
2002-12-24,W,bus,621673,False
2002-12-25,U,bus,237547,False
2002-12-26,W,bus,661076,False
2002-12-27,W,bus,744896,False
2002-12-28,A,bus,528087,False
2002-12-29,U,bus,380197,False
2002-12-30,W,bus,773707,False
2002-12-31,W,bus,792623,False
2003-01-01,U,bus,325478,False
2003-01-02,W,bus,757781,False
2003-01-03,W,bus,861580,False
2003-01-04,A,bus,570941,False
2003-01-05,U,bus,377813,False
2003-01-06,W,bus,982617,False
2003-01-07,W,bus,982542,False
2003-01-08,W,bus,1011812,False
2003-01-09,W,bus,979678,False
2003-01-10,W,bus,963808,False
2003-01-11,A,bus,506478,False
2003-01-12,U,bus,346918,False
2003-01-13,W,bus,973653,False
2003-01-14,W,bus,940805,False
2003-01-15,W,bus,928578,False
2003-01-16,W,bus,945280,False
2003-01-17,W,bus,973358,False
2003-01-18,A,bus,512435,False
2003-01-19,U,bus,327279,False
2003-01-20,W,bus,604089,True
2003-01-21,W,bus,954156,False
2003-01-22,W,bus,912033,False
2003-01-23,W,bus,822317,False
2003-01-24,W,bus,893501,False
2003-01-25,A,bus,547944,False
2003-01-26,U,bus,335046,False
2003-01-27,W,bus,922033,False
2003-01-28,W,bus,952120,False
2003-01-29,W,bus,970605,False
2003-01-30,W,bus,993731,False
2003-01-31,W,bus,929004,False
2003-02-01,A,bus,639705,False
2003-02-02,U,bus,415598,False
2003-02-03,W,bus,1039918,False
2003-02-04,W,bus,980582,False
2003-02-05,W,bus,961776,False
2003-02-06,W,bus,981973,False
2003-02-07,W,bus,953979,False
2003-02-08,A,bus,563430,False
2003-02-09,U,bus,367964,False
2003-02-10,W,bus,948507,False
2003-02-11,W,bus,928346,False
2003-02-12,W,bus,749254,True
2003-02-13,W,bus,978871,False
2003-02-14,W,bus,985806,False
2003-02-15,A,bus,543945,False
2003-02-16,U,bus,365939,False
2003-02-17,W,bus,709845,True
2003-02-18,W,bus,974450,False
2003-02-19,W,bus,982943,False
2003-02-20,W,bus,988095,False
2003-02-21,W,bus,1005940,False
2003-02-22,A,bus,529921,False
2003-02-23,U,bus,377363,False
2003-02-24,W,bus,908324,False
2003-02-25,W,bus,897857,False
2003-02-26,W,bus,939161,False
2003-02-27,W,bus,951569,False
2003-02-28,W,bus,1011530,False
2003-03-01,A,bus,610177,False
2003-03-02,U,bus,347417,False
2003-03-03,W,bus,822165,False
2003-03-04,W,bus,964967,False
2003-03-05,W,bus,868551,False
2003-03-06,W,bus,874641,False
2003-03-07,W,bus,980484,False
2003-03-08,A,bus,550093,False
2003-03-09,U,bus,335884,False
2003-03-10,W,bus,916661,False
2003-03-11,W,bus,971894,False
2003-03-12,W,bus,981590,False
2003-03-13,W,bus,978881,False
2003-03-14,W,bus,1009566,False
2003-03-15,A,bus,637081,False
2003-03-16,U,bus,429227,False
2003-03-17,W,bus,976703,False
2003-03-18,W,bus,963349,False
2003-03-19,W,bus,938499,False
2003-03-20,W,bus,936654,False
2003-03-21,W,bus,967479,False
2003-03-22,A,bus,577660,False
2003-03-23,U,bus,410745,False
2003-03-24,W,bus,962889,False
2003-03-25,W,bus,973017,False
2003-03-26,W,bus,968581,False
2003-03-27,W,bus,969195,False
2003-03-28,W,bus,815984,True
2003-03-29,A,bus,555638,False
2003-03-30,U,bus,372071,False
2003-03-31,W,bus,973924,False
2003-04-01,W,bus,1028531,False
2003-04-02,W,bus,1020829,False
2003-04-03,W,bus,995062,False
2003-04-04,W,bus,912458,False
2003-04-05,A,bus,593273,False
2003-04-06,U,bus,370275,False
2003-04-07,W,bus,873605,False
2003-04-08,W,bus,947482,False
2003-04-09,W,bus,986992,False
2003-04-10,W,bus,1007977,False
2003-04-11,W,bus,912918,False
2003-04-12,A,bus,602670,False
2003-04-13,U,bus,407540,False
2003-04-14,W,bus,904517,False
2003-04-15,W,bus,894368,False
2003-04-16,W,bus,836328,False
2003-04-17,W,bus,815274,False
2003-04-18,W,bus,769997,True
2003-04-19,A,bus,562148,False
2003-04-20,U,bus,368478,False
2003-04-21,W,bus,925231,False
2003-04-22,W,bus,964240,False
2003-04-23,W,bus,923474,False
2003-04-24,W,bus,961316,False
2003-04-25,W,bus,979369,False
2003-04-26,A,bus,588057,False
2003-04-27,U,bus,403462,False
2003-04-28,W,bus,962103,False
2003-04-29,W,bus,958977,False
2003-04-30,W,bus,828642,True
2003-05-01,W,bus,971218,False
2003-05-02,W,bus,1039212,False
2003-05-03,A,bus,645503,False
2003-05-04,U,bus,395799,False
2003-05-05,W,bus,1006467,False
2003-05-06,W,bus,1007795,False
2003-05-07,W,bus,977279,False
2003-05-08,W,bus,984692,False
2003-05-09,W,bus,992211,False
2003-05-10,A,bus,577508,False
2003-05-11,U,bus,322449,True
2003-05-12,W,bus,956974,False
2003-05-13,W,bus,981698,False
2003-05-14,W,bus,911890,True
2003-05-15,W,bus,971525,False
2003-05-16,W,bus,999630,False
2003-05-17,A,bus,614484,False
2003-05-18,U,bus,403043,False
2003-05-19,W,bus,961806,False
2003-05-20,W,bus,966295,False
2003-05-21,W,bus,992696,False
2003-05-22,W,bus,967683,False
2003-05-23,W,bus,969112,False
2003-05-24,A,bus,591523,False
2003-05-25,U,bus,408454,False
2003-05-26,U,bus,380796,False
2003-05-27,W,bus,961009,False
2003-05-28,W,bus,910537,True
2003-05-29,W,bus,961715,False
2003-05-30,W,bus,988281,False
2003-05-31,A,bus,575015,False
2003-06-01,U,bus,422827,False
2003-06-02,W,bus,978201,False
2003-06-03,W,bus,992041,False
2003-06-04,W,bus,997077,False
2003-06-05,W,bus,991907,False
2003-06-06,W,bus,962917,False
2003-06-07,A,bus,634650,False
2003-06-08,U,bus,380953,False
2003-06-09,W,bus,987516,False
2003-06-10,W,bus,940459,False
2003-06-11,W,bus,961149,False
2003-06-12,W,bus,969572,False
2003-06-13,W,bus,976147,False
2003-06-14,A,bus,626911,False
2003-06-15,U,bus,421515,False
2003-06-16,W,bus,955066,False
2003-06-17,W,bus,965718,False
2003-06-18,W,bus,897454,False
2003-06-19,W,bus,946693,False
2003-06-20,W,bus,938177,False
2003-06-21,A,bus,610796,False
2003-06-22,U,bus,423283,False
2003-06-23,W,bus,855955,False
2003-06-24,W,bus,928442,False
2003-06-25,W,bus,841205,False
2003-06-26,W,bus,833307,False
2003-06-27,W,bus,890776,False
2003-06-28,A,bus,561500,False
2003-06-29,U,bus,421380,False
2003-06-30,W,bus,884729,False
2003-07-01,W,bus,957351,False
2003-07-02,W,bus,936777,False
2003-07-03,W,bus,983110,False
2003-07-04,U,bus,471591,False
2003-07-05,A,bus,549605,False
2003-07-06,U,bus,389816,False
2003-07-07,W,bus,852771,False
2003-07-08,W,bus,846175,False
2003-07-09,W,bus,871942,False
2003-07-10,W,bus,893195,False
2003-07-11,W,bus,907669,False
2003-07-12,A,bus,607118,False
2003-07-13,U,bus,421579,False
2003-07-14,W,bus,905206,False
2003-07-15,W,bus,874304,False
2003-07-16,W,bus,915630,False
2003-07-17,W,bus,861722,False
2003-07-18,W,bus,902204,False
2003-07-19,A,bus,619480,False
2003-07-20,U,bus,403847,False
2003-07-21,W,bus,883219,False
2003-07-22,W,bus,889426,False
2003-07-23,W,bus,906650,False
2003-07-24,W,bus,896387,False
2003-07-25,W,bus,903368,False
2003-07-26,A,bus,584819,False
2003-07-27,U,bus,367151,False
2003-07-28,W,bus,849172,False
2003-07-29,W,bus,903830,False
2003-07-30,W,bus,880392,False
2003-07-31,W,bus,889575,False
2003-08-01,W,bus,912597,False
2003-08-02,A,bus,678701,False
2003-08-03,U,bus,387659,False
2003-08-04,W,bus,920408,False
2003-08-05,W,bus,918113,False
2003-08-06,W,bus,883115,False
2003-08-07,W,bus,923161,False
2003-08-08,W,bus,903597,False
2003-08-09,A,bus,638279,False
2003-08-10,U,bus,418764,False
2003-08-11,W,bus,806587,False
2003-08-12,W,bus,864526,False
2003-08-13,W,bus,875224,False
2003-08-14,W,bus,857542,False
2003-08-15,W,bus,873580,False
2003-08-16,A,bus,627785,False
2003-08-17,U,bus,462931,False
2003-08-18,W,bus,821919,False
2003-08-19,W,bus,853603,False
2003-08-20,W,bus,838351,False
2003-08-21,W,bus,820578,False
2003-08-22,W,bus,867524,False
2003-08-23,A,bus,585510,False
2003-08-24,U,bus,408305,False
2003-08-25,W,bus,850528,False
2003-08-26,W,bus,836703,False
2003-08-27,W,bus,862298,False
2003-08-28,W,bus,857707,False
2003-08-29,W,bus,902436,False
2003-08-30,A,bus,622090,False
2003-08-31,U,bus,396860,False
2003-09-01,U,bus,326772,False
2003-09-02,W,bus,1025978,False
2003-09-03,W,bus,1059974,False
2003-09-04,W,bus,1040002,False
2003-09-05,W,bus,1044868,False
2003-09-06,A,bus,625347,False
2003-09-07,U,bus,421385,False
2003-09-08,W,bus,1028540,False
2003-09-09,W,bus,1030074,False
2003-09-10,W,bus,1019275,False
2003-09-11,W,bus,1018196,False
2003-09-12,W,bus,1002297,False
2003-09-13,A,bus,601330,False
2003-09-14,U,bus,386248,False
2003-09-15,W,bus,1015639,False
2003-09-16,W,bus,1033950,False
2003-09-17,W,bus,1023215,False
2003-09-18,W,bus,1023301,False
2003-09-19,W,bus,1019769,False
2003-09-20,A,bus,618523,False
2003-09-21,U,bus,421320,False
2003-09-22,W,bus,992288,False
2003-09-23,W,bus,1023379,False
2003-09-24,W,bus,973736,False
2003-09-25,W,bus,1006367,False
2003-09-26,W,bus,939175,True
2003-09-27,A,bus,591935,False
2003-09-28,U,bus,377248,False
2003-09-29,W,bus,1001427,False
2003-09-30,W,bus,1000725,False
2003-10-01,W,bus,1051684,False
2003-10-02,W,bus,1016259,False
2003-10-03,W,bus,999345,False
2003-10-04,A,bus,651128,False
2003-10-05,U,bus,428277,False
2003-10-06,W,bus,1018276,False
2003-10-07,W,bus,1051869,False
2003-10-08,W,bus,1026066,False
2003-10-09,W,bus,1011003,False
2003-10-10,W,bus,1031598,False
2003-10-11,A,bus,628499,False
2003-10-12,U,bus,411927,False
2003-10-13,W,bus,780132,True
2003-10-14,W,bus,928265,True
2003-10-15,W,bus,1026737,False
2003-10-16,W,bus,1013203,False
2003-10-17,W,bus,1023752,False
2003-10-18,A,bus,633461,False
2003-10-19,U,bus,422713,False
2003-10-20,W,bus,1077011,False
2003-10-21,W,bus,958546,False
2003-10-22,W,bus,1003925,False
2003-10-23,W,bus,1008328,False
2003-10-24,W,bus,1008879,False
2003-10-25,A,bus,615584,False
2003-10-26,U,bus,395925,False
2003-10-27,W,bus,990268,False
2003-10-28,W,bus,978501,False
2003-10-29,W,bus,986799,False
2003-10-30,W,bus,1006074,False
2003-10-31,W,bus,996142,False
2003-11-01,A,bus,606945,False
2003-11-02,U,bus,397515,False
2003-11-03,W,bus,1007989,False
2003-11-04,W,bus,1003988,False
2003-11-05,W,bus,1015157,False
2003-11-06,W,bus,1015139,False
2003-11-07,W,bus,906629,True
2003-11-08,A,bus,566334,False
2003-11-09,U,bus,383993,False
2003-11-10,W,bus,981163,False
2003-11-11,W,bus,789039,True
2003-11-12,W,bus,977852,False
2003-11-13,W,bus,901163,False
2003-11-14,W,bus,964479,False
2003-11-15,A,bus,567411,False
2003-11-16,U,bus,382584,False
2003-11-17,W,bus,996959,False
2003-11-18,W,bus,881272,False
2003-11-19,W,bus,1011052,False
2003-11-20,W,bus,1006072,False
2003-11-21,W,bus,1004115,False
2003-11-22,A,bus,608476,False
2003-11-23,U,bus,352918,False
2003-11-24,W,bus,897941,False
2003-11-25,W,bus,945699,False
2003-11-26,W,bus,930556,False
2003-11-27,U,bus,292469,True
2003-11-28,W,bus,557794,True
2003-11-29,A,bus,484077,False
2003-11-30,U,bus,378933,False
2003-12-01,W,bus,998632,False
2003-12-02,W,bus,984587,False
2003-12-03,W,bus,1002993,False
2003-12-04,W,bus,962556,False
2003-12-05,W,bus,968576,False
2003-12-06,A,bus,587823,False
2003-12-07,U,bus,393784,False
2003-12-08,W,bus,975766,False
2003-12-09,W,bus,959147,False
2003-12-10,W,bus,945145,False
2003-12-11,W,bus,936467,False
2003-12-12,W,bus,912540,False
2003-12-13,A,bus,544810,False
2003-12-14,U,bus,369050,False
2003-12-15,W,bus,936119,False
2003-12-16,W,bus,926650,False
2003-12-17,W,bus,925481,False
2003-12-18,W,bus,917919,False
2003-12-19,W,bus,926113,False
2003-12-20,A,bus,564850,False
2003-12-21,U,bus,415703,False
2003-12-22,W,bus,797301,False
2003-12-23,W,bus,770607,False
2003-12-24,W,bus,610061,True
2003-12-25,U,bus,247349,False
2003-12-26,W,bus,605667,False
2003-12-27,A,bus,507042,False
2003-12-28,U,bus,358852,False
2003-12-29,W,bus,732494,False
2003-12-30,W,bus,725126,False
2003-12-31,W,bus,678329,False
2004-01-01,U,bus,300347,False
2004-01-02,W,bus,754051,False
2004-01-03,A,bus,560436,False
2004-01-04,U,bus,303611,False
2004-01-05,W,bus,894467,False
2004-01-06,W,bus,788158,False
2004-01-07,W,bus,851011,False
2004-01-08,W,bus,903950,False
2004-01-09,W,bus,929117,False
2004-01-10,A,bus,526469,False
2004-01-11,U,bus,368655,False
2004-01-12,W,bus,982070,False
2004-01-13,W,bus,977382,False
2004-01-14,W,bus,956180,False
2004-01-15,W,bus,962171,False
2004-01-16,W,bus,969715,False
2004-01-17,A,bus,534831,False
2004-01-18,U,bus,342002,False
2004-01-19,W,bus,557712,True
2004-01-20,W,bus,939415,False
2004-01-21,W,bus,949321,False
2004-01-22,W,bus,854150,False
2004-01-23,W,bus,903734,False
2004-01-24,A,bus,521800,False
2004-01-25,U,bus,343967,False
2004-01-26,W,bus,925536,False
2004-01-27,W,bus,906997,False
2004-01-28,W,bus,887763,False
2004-01-29,W,bus,855905,False
2004-01-30,W,bus,756185,True
2004-01-31,A,bus,531967,False
2004-02-01,U,bus,355491,False
2004-02-02,W,bus,914997,False
2004-02-03,W,bus,957823,False
2004-02-04,W,bus,947079,False
2004-02-05,W,bus,931453,False
2004-02-06,W,bus,937566,False
2004-02-07,A,bus,553301,False
2004-02-08,U,bus,369314,False
2004-02-09,W,bus,948814,False
2004-02-10,W,bus,948181,False
2004-02-11,W,bus,959174,False
2004-02-12,W,bus,796644,True
2004-02-13,W,bus,958969,False
2004-02-14,A,bus,610834,False
2004-02-15,U,bus,368733,False
2004-02-16,W,bus,684054,True
2004-02-17,W,bus,966524,False
2004-02-18,W,bus,957521,False
2004-02-19,W,bus,971162,False
2004-02-20,W,bus,933678,False
2004-02-21,A,bus,585429,False
2004-02-22,U,bus,402374,False
2004-02-23,W,bus,954873,False
2004-02-24,W,bus,957453,False
2004-02-25,W,bus,967236,False
2004-02-26,W,bus,973201,False
2004-02-27,W,bus,980935,False
2004-02-28,A,bus,607923,False
2004-02-29,U,bus,413029,False
2004-03-01,W,bus,828169,True
2004-03-02,W,bus,992418,False
2004-03-03,W,bus,1007360,False
2004-03-04,W,bus,936797,False
2004-03-05,W,bus,939138,False
2004-03-06,A,bus,602180,False
2004-03-07,U,bus,370231,False
2004-03-08,W,bus,969634,False
2004-03-09,W,bus,965244,False
2004-03-10,W,bus,973415,False
2004-03-11,W,bus,927076,False
2004-03-12,W,bus,942238,False
2004-03-13,A,bus,587662,False
2004-03-14,U,bus,376244,False
2004-03-15,W,bus,953320,False
2004-03-16,W,bus,942197,False
2004-03-17,W,bus,932468,False
2004-03-18,W,bus,934303,False
2004-03-19,W,bus,988154,False
2004-03-20,A,bus,607378,False
2004-03-21,U,bus,365502,False
2004-03-22,W,bus,941254,False
2004-03-23,W,bus,966919,False
2004-03-24,W,bus,917804,False
2004-03-25,W,bus,948790,False
2004-03-26,W,bus,858131,False
2004-03-27,A,bus,585553,False
2004-03-28,U,bus,377339,False
2004-03-29,W,bus,949103,False
2004-03-30,W,bus,949847,False
2004-03-31,W,bus,943445,False
2004-04-01,W,bus,1000741,False
2004-04-02,W,bus,1012716,False
2004-04-03,A,bus,633629,False
2004-04-04,U,bus,407772,False
2004-04-05,W,bus,971292,False
2004-04-06,W,bus,977036,False
2004-04-07,W,bus,975244,False
2004-04-08,W,bus,967733,False
2004-04-09,W,bus,799356,False
2004-04-10,A,bus,568003,False
2004-04-11,U,bus,372246,False
2004-04-12,W,bus,809673,False
2004-04-13,W,bus,831527,False
2004-04-14,W,bus,859829,False
2004-04-15,W,bus,864352,False
2004-04-16,W,bus,861336,False
2004-04-17,A,bus,596237,False
2004-04-18,U,bus,423705,False
2004-04-19,W,bus,951686,False
2004-04-20,W,bus,934712,False
2004-04-21,W,bus,943108,False
2004-04-22,W,bus,904333,False
2004-04-23,W,bus,977752,False
2004-04-24,A,bus,570050,False
2004-04-25,U,bus,373444,False
2004-04-26,W,bus,962323,False
2004-04-27,W,bus,985057,False
2004-04-28,W,bus,914358,False
2004-04-29,W,bus,909979,False
2004-04-30,W,bus,988876,False
2004-05-01,A,bus,577088,False
2004-05-02,U,bus,417360,False
2004-05-03,W,bus,1028235,False
2004-05-04,W,bus,1025965,False
2004-05-05,W,bus,1019276,False
2004-05-06,W,bus,994277,False
2004-05-07,W,bus,960594,False
2004-05-08,A,bus,628268,False
2004-05-09,U,bus,441379,False
2004-05-10,W,bus,939473,False
2004-05-11,W,bus,965692,False
2004-05-12,W,bus,944663,False
2004-05-13,W,bus,929271,False
2004-05-14,W,bus,899684,False
2004-05-15,A,bus,615125,False
2004-05-16,U,bus,418466,False
2004-05-17,W,bus,961334,False
2004-05-18,W,bus,957288,False
2004-05-19,W,bus,1010917,True
2004-05-20,W,bus,971148,False
2004-05-21,W,bus,945657,False
2004-05-22,A,bus,571606,False
2004-05-23,U,bus,398101,False
2004-05-24,W,bus,964387,False
2004-05-25,W,bus,967725,False
2004-05-26,W,bus,970166,False
2004-05-27,W,bus,960973,False
2004-05-28,W,bus,978308,False
2004-05-29,A,bus,556778,False
2004-05-30,U,bus,327264,False
2004-05-31,U,bus,352611,False
2004-06-01,W,bus,988657,False
2004-06-02,W,bus,995228,False
2004-06-03,W,bus,1037077,False
2004-06-04,W,bus,1031015,False
2004-06-05,A,bus,664804,False
2004-06-06,U,bus,433813,False
2004-06-07,W,bus,975883,False
2004-06-08,W,bus,985865,False
2004-06-09,W,bus,967899,False
2004-06-10,W,bus,927625,False
2004-06-11,W,bus,951407,False
2004-06-12,A,bus,626396,False
2004-06-13,U,bus,418700,False
2004-06-14,W,bus,947940,False
2004-06-15,W,bus,973303,False
2004-06-16,W,bus,948614,False
2004-06-17,W,bus,938259,False
2004-06-18,W,bus,945720,False
2004-06-19,A,bus,621841,False
2004-06-20,U,bus,431055,False
2004-06-21,W,bus,783458,True
2004-06-22,W,bus,959598,False
2004-06-23,W,bus,858709,False
2004-06-24,W,bus,828438,False
2004-06-25,W,bus,894184,False
2004-06-26,A,bus,611676,False
2004-06-27,U,bus,430542,False
2004-06-28,W,bus,853024,False
2004-06-29,W,bus,911992,False
2004-06-30,W,bus,906761,False
2004-07-01,W,bus,953538,False
2004-07-02,W,bus,937281,False
2004-07-03,A,bus,587961,False
2004-07-04,U,bus,446583,False
2004-07-05,U,bus,420521,False
2004-07-06,W,bus,877429,False
2004-07-07,W,bus,885461,False
2004-07-08,W,bus,909149,False
2004-07-09,W,bus,869159,False
2004-07-10,A,bus,593638,False
2004-07-11,U,bus,418827,False
2004-07-12,W,bus,883883,False
2004-07-13,W,bus,923012,False
2004-07-14,W,bus,906552,False
2004-07-15,W,bus,912348,False
2004-07-16,W,bus,898626,False
2004-07-17,A,bus,622104,False
2004-07-18,U,bus,440154,False
2004-07-19,W,bus,898918,False
2004-07-20,W,bus,896643,False
2004-07-21,W,bus,857917,False
2004-07-22,W,bus,858154,True
2004-07-23,W,bus,912722,False
2004-07-24,A,bus,586037,False
2004-07-25,U,bus,425968,False
2004-07-26,W,bus,852027,True
2004-07-27,W,bus,885055,False
2004-07-28,W,bus,883672,False
2004-07-29,W,bus,881356,False
2004-07-30,W,bus,918563,False
2004-07-31,A,bus,646791,False
2004-08-01,U,bus,455048,False
2004-08-02,W,bus,882460,False
2004-08-03,W,bus,933741,False
2004-08-04,W,bus,867932,False
2004-08-05,W,bus,918039,False
2004-08-06,W,bus,918834,False
2004-08-07,A,bus,608291,False
2004-08-08,U,bus,432272,False
2004-08-09,W,bus,866609,False
2004-08-10,W,bus,859980,False
2004-08-11,W,bus,848020,False
2004-08-12,W,bus,836018,False
2004-08-13,W,bus,887566,False
2004-08-14,A,bus,659976,False
2004-08-15,U,bus,428984,False
2004-08-16,W,bus,836413,False
2004-08-17,W,bus,847772,False
2004-08-18,W,bus,845492,False
2004-08-19,W,bus,861625,False
2004-08-20,W,bus,868398,False
2004-08-21,A,bus,660686,False
2004-08-22,U,bus,475738,False
2004-08-23,W,bus,857805,False
2004-08-24,W,bus,819217,True
2004-08-25,W,bus,831352,False
2004-08-26,W,bus,860869,False
2004-08-27,W,bus,878628,False
2004-08-28,A,bus,548649,False
2004-08-29,U,bus,407683,False
2004-08-30,W,bus,884633,False
2004-08-31,W,bus,899858,False
2004-09-01,W,bus,973679,False
2004-09-02,W,bus,953427,False
2004-09-03,W,bus,975876,False
2004-09-04,A,bus,653547,False
2004-09-05,U,bus,465576,False
2004-09-06,U,bus,409232,False
2004-09-07,W,bus,1050387,False
2004-09-08,W,bus,1050697,False
2004-09-09,W,bus,1045824,False
2004-09-10,W,bus,1053387,False
2004-09-11,A,bus,637407,False
2004-09-12,U,bus,448166,False
2004-09-13,W,bus,1042442,False
2004-09-14,W,bus,1046788,False
2004-09-15,W,bus,1024350,False
2004-09-16,W,bus,1029871,False
2004-09-17,W,bus,1047045,False
2004-09-18,A,bus,636532,False
2004-09-19,U,bus,434873,False
2004-09-20,W,bus,1037831,False
2004-09-21,W,bus,1050001,False
2004-09-22,W,bus,1032930,False
2004-09-23,W,bus,1044192,False
2004-09-24,W,bus,1036019,False
2004-09-25,A,bus,627583,False
2004-09-26,U,bus,424978,False
2004-09-27,W,bus,1027685,False
2004-09-28,W,bus,1032855,False
2004-09-29,W,bus,1026441,False
2004-09-30,W,bus,1028258,False
2004-10-01,W,bus,1093423,False
2004-10-02,A,bus,682534,False
2004-10-03,U,bus,450247,False
2004-10-04,W,bus,1069102,False
2004-10-05,W,bus,1061080,False
2004-10-06,W,bus,1049585,False
2004-10-07,W,bus,1065448,False
2004-10-08,W,bus,993752,False
2004-10-09,A,bus,657042,False
2004-10-10,U,bus,421756,False
2004-10-11,W,bus,798129,True
2004-10-12,W,bus,1049798,False
2004-10-13,W,bus,1041758,False
2004-10-14,W,bus,1039134,False
2004-10-15,W,bus,1030816,False
2004-10-16,A,bus,626844,False
2004-10-17,U,bus,444240,False
2004-10-18,W,bus,996730,False
2004-10-19,W,bus,1021166,False
2004-10-20,W,bus,1023397,False
2004-10-21,W,bus,1052476,False
2004-10-22,W,bus,1042359,False
2004-10-23,A,bus,596052,False
2004-10-24,U,bus,436838,False
2004-10-25,W,bus,1026913,False
2004-10-26,W,bus,1022142,False
2004-10-27,W,bus,1034962,False
2004-10-28,W,bus,1033261,False
2004-10-29,W,bus,1025574,False
2004-10-30,A,bus,594150,False
2004-10-31,U,bus,429612,False
2004-11-01,W,bus,953969,True
2004-11-02,W,bus,913103,True
2004-11-03,W,bus,1075369,False
2004-11-04,W,bus,1018608,False
2004-11-05,W,bus,1062739,False
2004-11-06,A,bus,647460,False
2004-11-07,U,bus,427407,False
2004-11-08,W,bus,1033733,False
2004-11-09,W,bus,1035702,False
2004-11-10,W,bus,1042750,False
2004-11-11,W,bus,812757,True
2004-11-12,W,bus,924772,False
2004-11-13,A,bus,625173,False
2004-11-14,U,bus,413442,False
2004-11-15,W,bus,1006969,False
2004-11-16,W,bus,1025607,False
2004-11-17,W,bus,1018184,False
2004-11-18,W,bus,951154,False
2004-11-19,W,bus,1021327,False
2004-11-20,A,bus,627629,False
2004-11-21,U,bus,427753,False
2004-11-22,W,bus,1018065,False
2004-11-23,W,bus,1019132,False
2004-11-24,W,bus,835824,False
2004-11-25,U,bus,287787,True
2004-11-26,W,bus,591445,True
2004-11-27,A,bus,472803,False
2004-11-28,U,bus,384795,False
2004-11-29,W,bus,962243,False
2004-11-30,W,bus,970374,False
2004-12-01,W,bus,1032681,False
2004-12-02,W,bus,1018483,False
2004-12-03,W,bus,1060084,False
2004-12-04,A,bus,638045,False
2004-12-05,U,bus,425127,False
2004-12-06,W,bus,1000415,False
2004-12-07,W,bus,948268,False
2004-12-08,W,bus,1017145,False
2004-12-09,W,bus,1006857,False
2004-12-10,W,bus,1010307,False
2004-12-11,A,bus,602774,False
2004-12-12,U,bus,388481,False
2004-12-13,W,bus,922941,False
2004-12-14,W,bus,934042,False
2004-12-15,W,bus,974391,False
2004-12-16,W,bus,969829,False
2004-12-17,W,bus,978842,False
2004-12-18,A,bus,587269,False
2004-12-19,U,bus,320403,False
2004-12-20,W,bus,726487,False
2004-12-21,W,bus,783801,False
2004-12-22,W,bus,725010,False
2004-12-23,W,bus,670666,False
2004-12-24,W,bus,425489,True
2004-12-25,U,bus,213912,True
2004-12-26,U,bus,327069,False
2004-12-27,W,bus,650769,False
2004-12-28,W,bus,698229,False
2004-12-29,W,bus,726475,False
2004-12-30,W,bus,738698,False
2004-12-31,W,bus,633996,False
2005-01-01,U,bus,334140,False
2005-01-02,U,bus,373512,False
2005-01-03,W,bus,894571,False
2005-01-04,W,bus,972798,False
2005-01-05,W,bus,851226,False
2005-01-06,W,bus,862750,False
2005-01-07,W,bus,915274,False
2005-01-08,A,bus,533884,False
2005-01-09,U,bus,358628,False
2005-01-10,W,bus,979955,False
2005-01-11,W,bus,954938,False
2005-01-12,W,bus,972407,False
2005-01-13,W,bus,931709,False
2005-01-14,W,bus,894841,False
2005-01-15,A,bus,481878,False
2005-01-16,U,bus,314149,False
2005-01-17,W,bus,539410,True
2005-01-18,W,bus,907849,False
2005-01-19,W,bus,947581,False
2005-01-20,W,bus,936302,False
2005-01-21,W,bus,968823,False
2005-01-22,A,bus,422190,False
2005-01-23,U,bus,345136,False
2005-01-24,W,bus,957377,False
2005-01-25,W,bus,995268,False
2005-01-26,W,bus,947433,False
2005-01-27,W,bus,955413,False
2005-01-28,W,bus,857968,False
2005-01-29,A,bus,559310,False
2005-01-30,U,bus,387197,False
2005-01-31,W,bus,992251,False
2005-02-01,W,bus,1050914,False
2005-02-02,W,bus,1046742,False
2005-02-03,W,bus,1061904,False
2005-02-04,W,bus,1062971,False
2005-02-05,A,bus,670035,False
2005-02-06,U,bus,413456,False
2005-02-07,W,bus,987016,False
2005-02-08,W,bus,1005698,False
2005-02-09,W,bus,989259,False
2005-02-10,W,bus,1012514,False
2005-02-11,W,bus,999975,False
2005-02-12,A,bus,665453,False
2005-02-13,U,bus,384592,False
2005-02-14,W,bus,1015673,False
2005-02-15,W,bus,980220,False
2005-02-16,W,bus,1002714,False
2005-02-17,W,bus,981996,False
2005-02-18,W,bus,983784,False
2005-02-19,A,bus,619586,False
2005-02-20,U,bus,365108,False
2005-02-21,W,bus,723673,True
2005-02-22,W,bus,1002989,False
2005-02-23,W,bus,996383,False
2005-02-24,W,bus,982207,False
2005-02-25,W,bus,1002592,False
2005-02-26,A,bus,603707,False
2005-02-27,U,bus,386996,False
2005-02-28,W,bus,943655,False
2005-03-01,W,bus,1012943,False
2005-03-02,W,bus,984054,False
2005-03-03,W,bus,1030040,False
2005-03-04,W,bus,1027003,False
2005-03-05,A,bus,625252,False
2005-03-06,U,bus,451472,False
2005-03-07,W,bus,814934,True
2005-03-08,W,bus,1009879,False
2005-03-09,W,bus,996362,False
2005-03-10,W,bus,941999,False
2005-03-11,W,bus,994830,False
2005-03-12,A,bus,581761,False
2005-03-13,U,bus,393195,False
2005-03-14,W,bus,980033,False
2005-03-15,W,bus,1017371,False
2005-03-16,W,bus,1011281,False
2005-03-17,W,bus,989736,False
2005-03-18,W,bus,1017219,False
2005-03-19,A,bus,610862,False
2005-03-20,U,bus,416015,False
2005-03-21,W,bus,849240,False
2005-03-22,W,bus,861916,False
2005-03-23,W,bus,837601,False
2005-03-24,W,bus,848267,False
2005-03-25,W,bus,717162,False
2005-03-26,A,bus,550378,False
2005-03-27,U,bus,392111,False
2005-03-28,W,bus,968792,False
2005-03-29,W,bus,1001423,False
2005-03-30,W,bus,942056,False
2005-03-31,W,bus,966045,False
2005-04-01,W,bus,1050962,False
2005-04-02,A,bus,663367,False
2005-04-03,U,bus,440189,False
2005-04-04,W,bus,1035659,False
2005-04-05,W,bus,1048343,False
2005-04-06,W,bus,1005400,False
2005-04-07,W,bus,1001832,False
2005-04-08,W,bus,1034023,False
2005-04-09,A,bus,645280,False
2005-04-10,U,bus,439237,False
2005-04-11,W,bus,1013684,False
2005-04-12,W,bus,938160,False
2005-04-13,W,bus,1016213,False
2005-04-14,W,bus,1026667,False
2005-04-15,W,bus,953214,False
2005-04-16,A,bus,637641,False
2005-04-17,U,bus,428663,False
2005-04-18,W,bus,1015285,False
2005-04-19,W,bus,1011163,False
2005-04-20,W,bus,963837,False
2005-04-21,W,bus,954629,False
2005-04-22,W,bus,926157,False
2005-04-23,A,bus,541013,False
2005-04-24,U,bus,401026,False
2005-04-25,W,bus,1003896,False
2005-04-26,W,bus,1002029,False
2005-04-27,W,bus,932943,False
2005-04-28,W,bus,945137,False
2005-04-29,W,bus,1036716,False
2005-04-30,A,bus,635054,False
2005-05-01,U,bus,406509,False
2005-05-02,W,bus,1000310,False
2005-05-03,W,bus,1045152,False
2005-05-04,W,bus,1036608,False
2005-05-05,W,bus,1044204,False
2005-05-06,W,bus,1027299,False
2005-05-07,A,bus,613000,False
2005-05-08,U,bus,441575,False
2005-05-09,W,bus,960649,False
2005-05-10,W,bus,1033686,False
2005-05-11,W,bus,908042,False
2005-05-12,W,bus,976440,False
2005-05-13,W,bus,980674,False
2005-05-14,A,bus,615871,False
2005-05-15,U,bus,400447,False
2005-05-16,W,bus,1005555,False
2005-05-17,W,bus,1013627,False
2005-05-18,W,bus,1003414,False
2005-05-19,W,bus,951340,False
2005-05-20,W,bus,1028933,False
2005-05-21,A,bus,647441,False
2005-05-22,U,bus,436056,False
2005-05-23,W,bus,997640,False
2005-05-24,W,bus,1017021,False
2005-05-25,W,bus,1002504,False
2005-05-26,W,bus,995429,False
2005-05-27,W,bus,987014,False
2005-05-28,A,bus,583683,False
2005-05-29,U,bus,415969,False
2005-05-30,U,bus,403677,False
2005-05-31,W,bus,968847,False
2005-06-01,W,bus,1041992,False
2005-06-02,W,bus,1015376,False
2005-06-03,W,bus,1049697,False
2005-06-04,A,bus,621165,False
2005-06-05,U,bus,448366,False
2005-06-06,W,bus,1012097,False
2005-06-07,W,bus,1003186,False
2005-06-08,W,bus,984240,False
2005-06-09,W,bus,1000130,False
2005-06-10,W,bus,997687,False
2005-06-11,A,bus,647313,False
2005-06-12,U,bus,446785,False
2005-06-13,W,bus,973038,False
2005-06-14,W,bus,955995,False
2005-06-15,W,bus,941737,False
2005-06-16,W,bus,931626,False
2005-06-17,W,bus,998232,False
2005-06-18,A,bus,636265,False
2005-06-19,U,bus,459729,False
2005-06-20,W,bus,880325,False
2005-06-21,W,bus,889907,False
2005-06-22,W,bus,890705,False
2005-06-23,W,bus,888587,False
2005-06-24,W,bus,869672,False
2005-06-25,A,bus,629963,False
2005-06-26,U,bus,456191,False
2005-06-27,W,bus,867853,False
2005-06-28,W,bus,870601,False
2005-06-29,W,bus,871256,False
2005-06-30,W,bus,878941,False
2005-07-01,W,bus,945326,False
2005-07-02,A,bus,686826,False
2005-07-03,U,bus,559176,True
2005-07-04,U,bus,422316,False
2005-07-05,W,bus,913873,False
2005-07-06,W,bus,926125,False
2005-07-07,W,bus,929359,False
2005-07-08,W,bus,950222,False
2005-07-09,A,bus,623556,False
2005-07-10,U,bus,444647,False
2005-07-11,W,bus,913284,False
2005-07-12,W,bus,909026,False
2005-07-13,W,bus,923039,False
2005-07-14,W,bus,936684,False
2005-07-15,W,bus,937018,False
2005-07-16,A,bus,640959,False
2005-07-17,U,bus,443824,False
2005-07-18,W,bus,902531,False
2005-07-19,W,bus,937251,False
2005-07-20,W,bus,888241,False
2005-07-21,W,bus,920983,False
2005-07-22,W,bus,945311,False
2005-07-23,A,bus,604287,False
2005-07-24,U,bus,393689,False
2005-07-25,W,bus,850441,False
2005-07-26,W,bus,876111,False
2005-07-27,W,bus,931658,False
2005-07-28,W,bus,923931,False
2005-07-29,W,bus,928563,False
2005-07-30,A,bus,637235,False
2005-07-31,U,bus,446615,False
2005-08-01,W,bus,954299,False
2005-08-02,W,bus,939108,False
2005-08-03,W,bus,950814,False
2005-08-04,W,bus,941632,False
2005-08-05,W,bus,965152,False
2005-08-06,A,bus,648849,False
2005-08-07,U,bus,457639,False
2005-08-08,W,bus,910549,False
2005-08-09,W,bus,917522,False
2005-08-10,W,bus,913900,False
2005-08-11,W,bus,859482,False
2005-08-12,W,bus,929636,False
2005-08-13,A,bus,608908,False
2005-08-14,U,bus,437664,False
2005-08-15,W,bus,892308,False
2005-08-16,W,bus,904327,False
2005-08-17,W,bus,909306,False
2005-08-18,W,bus,855225,True
2005-08-19,W,bus,934667,False
2005-08-20,A,bus,659629,False
2005-08-21,U,bus,511141,False
2005-08-22,W,bus,897988,False
2005-08-23,W,bus,907676,False
2005-08-24,W,bus,909467,False
2005-08-25,W,bus,907614,False
2005-08-26,W,bus,916046,False
2005-08-27,A,bus,632625,False
2005-08-28,U,bus,445633,False
2005-08-29,W,bus,921906,False
2005-08-30,W,bus,931235,False
2005-08-31,W,bus,928354,False
2005-09-01,W,bus,1019495,True
2005-09-02,W,bus,1015964,False
2005-09-03,A,bus,699122,False
2005-09-04,U,bus,504460,False
2005-09-05,U,bus,469528,False
2005-09-06,W,bus,1094714,False
2005-09-07,W,bus,1090847,False
2005-09-08,W,bus,1090390,False
2005-09-09,W,bus,1092990,False
2005-09-10,A,bus,662248,False
2005-09-11,U,bus,460444,False
2005-09-12,W,bus,1088861,False
2005-09-13,W,bus,1081012,False
2005-09-14,W,bus,1072662,False
2005-09-15,W,bus,1070331,False
2005-09-16,W,bus,1061189,False
2005-09-17,A,bus,677602,False
2005-09-18,U,bus,473997,False
2005-09-19,W,bus,1033841,False
2005-09-20,W,bus,1091052,False
2005-09-21,W,bus,1085278,False
2005-09-22,W,bus,1045853,False
2005-09-23,W,bus,1068977,False
2005-09-24,A,bus,632952,False
2005-09-25,U,bus,428577,False
2005-09-26,W,bus,1050587,False
2005-09-27,W,bus,1091710,False
2005-09-28,W,bus,1019140,False
2005-09-29,W,bus,1065350,False
2005-09-30,W,bus,1114521,False
2005-10-01,A,bus,708008,False
2005-10-02,U,bus,451633,False
2005-10-03,W,bus,1137817,False
2005-10-04,W,bus,1099740,False
2005-10-05,W,bus,1099507,False
2005-10-06,W,bus,1084528,False
2005-10-07,W,bus,1037669,False
2005-10-08,A,bus,638239,False
2005-10-09,U,bus,427142,False
2005-10-10,W,bus,811357,True
2005-10-11,W,bus,1076154,False
2005-10-12,W,bus,1053577,False
2005-10-13,W,bus,1068998,False
2005-10-14,W,bus,1091226,False
2005-10-15,A,bus,670497,False
2005-10-16,U,bus,456332,False
2005-10-17,W,bus,1046900,False
2005-10-18,W,bus,1071110,False
2005-10-19,W,bus,1056343,False
2005-10-20,W,bus,1057585,False
2005-10-21,W,bus,1064058,False
2005-10-22,A,bus,624399,False
2005-10-23,U,bus,421490,False
2005-10-24,W,bus,995935,False
2005-10-25,W,bus,1034930,False
2005-10-26,W,bus,1041390,False
2005-10-27,W,bus,1039411,False
2005-10-28,W,bus,1050188,False
2005-10-29,A,bus,646559,False
2005-10-30,U,bus,436487,False
2005-10-31,W,bus,1000931,False
2005-11-01,W,bus,1104565,False
2005-11-02,W,bus,1077276,False
2005-11-03,W,bus,1108680,False
2005-11-04,W,bus,994280,False
2005-11-05,A,bus,624689,False
2005-11-06,U,bus,425669,False
2005-11-07,W,bus,1060057,False
2005-11-08,W,bus,998603,False
2005-11-09,W,bus,1034556,False
2005-11-10,W,bus,1049433,False
2005-11-11,W,bus,862413,False
2005-11-12,A,bus,626889,False
2005-11-13,U,bus,416141,False
2005-11-14,W,bus,1021597,False
2005-11-15,W,bus,1001890,False
2005-11-16,W,bus,960835,False
2005-11-17,W,bus,982303,False
2005-11-18,W,bus,997001,False
2005-11-19,A,bus,643136,False
2005-11-20,U,bus,424683,False
2005-11-21,W,bus,1023750,False
2005-11-22,W,bus,1012669,False
2005-11-23,W,bus,946475,False
2005-11-24,U,bus,265869,True
2005-11-25,W,bus,542621,True
2005-11-26,A,bus,520348,False
2005-11-27,U,bus,378931,False
2005-11-28,W,bus,964783,False
2005-11-29,W,bus,964736,False
2005-11-30,W,bus,975689,False
2005-12-01,W,bus,1002814,False
2005-12-02,W,bus,1012143,False
2005-12-03,A,bus,602909,False
2005-12-04,U,bus,394671,False
2005-12-05,W,bus,959432,False
2005-12-06,W,bus,943778,False
2005-12-07,W,bus,922076,False
2005-12-08,W,bus,900776,False
2005-12-09,W,bus,922330,False
2005-12-10,A,bus,545442,False
2005-12-11,U,bus,384544,False
2005-12-12,W,bus,974895,False
2005-12-13,W,bus,984740,False
2005-12-14,W,bus,959741,False
2005-12-15,W,bus,972435,False
2005-12-16,W,bus,952574,False
2005-12-17,A,bus,576780,False
2005-12-18,U,bus,371336,False
2005-12-19,W,bus,860779,False
2005-12-20,W,bus,894974,False
2005-12-21,W,bus,918067,False
2005-12-22,W,bus,912016,False
2005-12-23,W,bus,878003,False
2005-12-24,A,bus,481238,False
2005-12-25,U,bus,263158,True
2005-12-26,U,bus,437677,False
2005-12-27,W,bus,735303,False
2005-12-28,W,bus,711850,False
2005-12-29,W,bus,738031,False
2005-12-30,W,bus,762706,False
2005-12-31,A,bus,526241,False
2006-01-01,U,bus,287126,True
2006-01-02,U,bus,360273,False
2006-01-03,W,bus,772171,False
2006-01-04,W,bus,759600,False
2006-01-05,W,bus,766560,False
2006-01-06,W,bus,788239,False
2006-01-07,A,bus,518237,False
2006-01-08,U,bus,367927,False
2006-01-09,W,bus,917702,False
2006-01-10,W,bus,938390,False
2006-01-11,W,bus,927898,False
2006-01-12,W,bus,955926,False
2006-01-13,W,bus,887164,False
2006-01-14,A,bus,558211,False
2006-01-15,U,bus,381225,False
2006-01-16,W,bus,605772,True
2006-01-17,W,bus,948555,False
2006-01-18,W,bus,954238,False
2006-01-19,W,bus,983087,False
2006-01-20,W,bus,944694,False
2006-01-21,A,bus,542740,False
2006-01-22,U,bus,371481,False
2006-01-23,W,bus,976988,False
2006-01-24,W,bus,972893,False
2006-01-25,W,bus,980770,False
2006-01-26,W,bus,988382,False
2006-01-27,W,bus,889516,False
2006-01-28,A,bus,568287,False
2006-01-29,U,bus,380026,False
2006-01-30,W,bus,966708,False
2006-01-31,W,bus,995530,False
2006-02-01,W,bus,1035412,False
2006-02-02,W,bus,1025866,False
2006-02-03,W,bus,1020411,False
2006-02-04,A,bus,587568,False
2006-02-05,U,bus,390808,False
2006-02-06,W,bus,986048,False
2006-02-07,W,bus,1008328,False
2006-02-08,W,bus,977974,False
2006-02-09,W,bus,984574,False
2006-02-10,W,bus,1003608,False
2006-02-11,A,bus,601208,False
2006-02-12,U,bus,405657,False
2006-02-13,W,bus,799595,True
2006-02-14,W,bus,1044587,False
2006-02-15,W,bus,988045,False
2006-02-16,W,bus,930188,False
2006-02-17,W,bus,942685,False
2006-02-18,A,bus,450578,True
2006-02-19,U,bus,334766,False
2006-02-20,W,bus,681948,True
2006-02-21,W,bus,993188,False
2006-02-22,W,bus,999636,False
2006-02-23,W,bus,991146,False
2006-02-24,W,bus,987623,False
2006-02-25,A,bus,580618,False
2006-02-26,U,bus,386242,False
2006-02-27,W,bus,959193,False
2006-02-28,W,bus,987195,False
2006-03-01,W,bus,1020267,False
2006-03-02,W,bus,986927,False
2006-03-03,W,bus,1021045,False
2006-03-04,A,bus,609288,False
2006-03-05,U,bus,363219,False
2006-03-06,W,bus,794246,True
2006-03-07,W,bus,1006095,False
2006-03-08,W,bus,982979,False
2006-03-09,W,bus,979823,False
2006-03-10,W,bus,1015665,False
2006-03-11,A,bus,614019,False
2006-03-12,U,bus,400822,False
2006-03-13,W,bus,968366,False
2006-03-14,W,bus,1000900,False
2006-03-15,W,bus,1005800,False
2006-03-16,W,bus,953483,False
2006-03-17,W,bus,989694,False
2006-03-18,A,bus,603484,False
2006-03-19,U,bus,413687,False
2006-03-20,W,bus,963013,False
2006-03-21,W,bus,943649,False
2006-03-22,W,bus,982523,False
2006-03-23,W,bus,979617,False
2006-03-24,W,bus,978424,False
2006-03-25,A,bus,620929,False
2006-03-26,U,bus,433649,False
2006-03-27,W,bus,962206,False
2006-03-28,W,bus,981183,False
2006-03-29,W,bus,987756,False
2006-03-30,W,bus,996804,False
2006-03-31,W,bus,1028124,False
2006-04-01,A,bus,620450,False
2006-04-02,U,bus,391830,False
2006-04-03,W,bus,985177,False
2006-04-04,W,bus,1042810,False
2006-04-05,W,bus,1020222,False
2006-04-06,W,bus,998368,False
2006-04-07,W,bus,880902,False
2006-04-08,A,bus,607382,False
2006-04-09,U,bus,426567,False
2006-04-10,W,bus,880692,False
2006-04-11,W,bus,885029,False
2006-04-12,W,bus,877362,False
2006-04-13,W,bus,871878,False
2006-04-14,W,bus,804781,False
2006-04-15,A,bus,592251,False
2006-04-16,U,bus,324770,False
2006-04-17,W,bus,964793,False
2006-04-18,W,bus,1000958,False
2006-04-19,W,bus,984239,False
2006-04-20,W,bus,938226,False
2006-04-21,W,bus,999808,False
2006-04-22,A,bus,607395,False
2006-04-23,U,bus,415959,False
2006-04-24,W,bus,998455,False
2006-04-25,W,bus,953034,False
2006-04-26,W,bus,952603,False
2006-04-27,W,bus,955057,False
2006-04-28,W,bus,1008989,False
2006-04-29,A,bus,574038,False
2006-04-30,U,bus,345287,False
2006-05-01,W,bus,997873,False
2006-05-02,W,bus,1045233,False
2006-05-03,W,bus,1060500,False
2006-05-04,W,bus,1047587,False
2006-05-05,W,bus,1023957,False
2006-05-06,A,bus,637405,False
2006-05-07,U,bus,438858,False
2006-05-08,W,bus,1010412,False
2006-05-09,W,bus,1004081,False
2006-05-10,W,bus,1007923,False
2006-05-11,W,bus,926462,False
2006-05-12,W,bus,958553,False
2006-05-13,A,bus,587533,False
2006-05-14,U,bus,411861,False
2006-05-15,W,bus,961857,False
2006-05-16,W,bus,994913,False
2006-05-17,W,bus,964565,False
2006-05-18,W,bus,987234,False
2006-05-19,W,bus,994011,False
2006-05-20,A,bus,619536,False
2006-05-21,U,bus,423940,False
2006-05-22,W,bus,996607,False
2006-05-23,W,bus,1013298,False
2006-05-24,W,bus,951852,False
2006-05-25,W,bus,978387,False
2006-05-26,W,bus,988688,False
2006-05-27,A,bus,646979,False
2006-05-28,U,bus,461625,False
2006-05-29,U,bus,381213,False
2006-05-30,W,bus,945888,False
2006-05-31,W,bus,968145,False
2006-06-01,W,bus,1028046,False
2006-06-02,W,bus,1031966,False
2006-06-03,A,bus,668592,False
2006-06-04,U,bus,457674,False
2006-06-05,W,bus,1005516,False
2006-06-06,W,bus,1008096,False
2006-06-07,W,bus,1012230,False
2006-06-08,W,bus,1011430,False
2006-06-09,W,bus,988332,False
2006-06-10,A,bus,573542,False
2006-06-11,U,bus,424510,False
2006-06-12,W,bus,960901,False
2006-06-13,W,bus,961923,False
2006-06-14,W,bus,941928,False
2006-06-15,W,bus,907237,False
2006-06-16,W,bus,966314,False
2006-06-17,A,bus,616266,False
2006-06-18,U,bus,412366,False
2006-06-19,W,bus,880777,False
2006-06-20,W,bus,889908,False
2006-06-21,W,bus,859537,False
2006-06-22,W,bus,872019,False
2006-06-23,W,bus,905242,False
2006-06-24,A,bus,607951,False
2006-06-25,U,bus,407079,False
2006-06-26,W,bus,852939,False
2006-06-27,W,bus,886147,False
2006-06-28,W,bus,886828,False
2006-06-29,W,bus,899339,False
2006-06-30,W,bus,950077,False
2006-07-01,A,bus,631294,False
2006-07-02,U,bus,440041,False
2006-07-03,W,bus,802169,False
2006-07-04,U,bus,450356,False
2006-07-05,W,bus,901332,False
2006-07-06,W,bus,925381,False
2006-07-07,W,bus,928760,False
2006-07-08,A,bus,625575,False
2006-07-09,U,bus,443095,False
2006-07-10,W,bus,900356,False
2006-07-11,W,bus,873419,False
2006-07-12,W,bus,926286,False
2006-07-13,W,bus,922492,False
2006-07-14,W,bus,889540,False
2006-07-15,A,bus,603018,False
2006-07-16,U,bus,418278,False
2006-07-17,W,bus,886469,False
2006-07-18,W,bus,927651,False
2006-07-19,W,bus,911699,False
2006-07-20,W,bus,827202,False
2006-07-21,W,bus,931578,False
2006-07-22,A,bus,625346,False
2006-07-23,U,bus,446438,False
2006-07-24,W,bus,906725,False
2006-07-25,W,bus,919219,False
2006-07-26,W,bus,897731,False
2006-07-27,W,bus,894993,False
2006-07-28,W,bus,900144,False
2006-07-29,A,bus,593188,False
2006-07-30,U,bus,416361,False
2006-07-31,W,bus,831261,True
2006-08-01,W,bus,894297,False
2006-08-02,W,bus,872246,False
2006-08-03,W,bus,911057,False
2006-08-04,W,bus,951984,False
2006-08-05,A,bus,645372,False
2006-08-06,U,bus,451477,False
2006-08-07,W,bus,905263,False
2006-08-08,W,bus,916905,False
2006-08-09,W,bus,909623,False
2006-08-10,W,bus,856682,False
2006-08-11,W,bus,909305,False
2006-08-12,A,bus,652458,False
2006-08-13,U,bus,433792,False
2006-08-14,W,bus,857738,False
2006-08-15,W,bus,888214,False
2006-08-16,W,bus,878842,False
2006-08-17,W,bus,874196,False
2006-08-18,W,bus,869355,False
2006-08-19,A,bus,612065,False
2006-08-20,U,bus,481484,False
2006-08-21,W,bus,878842,False
2006-08-22,W,bus,896666,False
2006-08-23,W,bus,891561,False
2006-08-24,W,bus,831663,True
2006-08-25,W,bus,895640,False
2006-08-26,A,bus,592637,False
2006-08-27,U,bus,417115,False
2006-08-28,W,bus,792601,True
2006-08-29,W,bus,891705,False
2006-08-30,W,bus,913445,False
2006-08-31,W,bus,917102,False
2006-09-01,W,bus,977274,False
2006-09-02,A,bus,668504,False
2006-09-03,U,bus,488706,False
2006-09-04,U,bus,404856,False
2006-09-05,W,bus,1056228,False
2006-09-06,W,bus,1069326,False
2006-09-07,W,bus,1043601,False
2006-09-08,W,bus,985806,False
2006-09-09,A,bus,609019,False
2006-09-10,U,bus,379770,False
2006-09-11,W,bus,981275,False
2006-09-12,W,bus,1030796,False
2006-09-13,W,bus,992146,False
2006-09-14,W,bus,1054398,False
2006-09-15,W,bus,1060398,False
2006-09-16,A,bus,651694,False
2006-09-17,U,bus,433989,False
2006-09-18,W,bus,1037929,False
2006-09-19,W,bus,1041255,False
2006-09-20,W,bus,1053131,False
2006-09-21,W,bus,1044501,False
2006-09-22,W,bus,993335,False
2006-09-23,A,bus,584517,False
2006-09-24,U,bus,420423,False
2006-09-25,W,bus,1041474,False
2006-09-26,W,bus,1054882,False
2006-09-27,W,bus,1035426,False
2006-09-28,W,bus,1043356,False
2006-09-29,W,bus,1058057,False
2006-09-30,A,bus,636906,False
2006-10-01,U,bus,462755,False
2006-10-02,W,bus,981933,False
2006-10-03,W,bus,1064774,False
2006-10-04,W,bus,1026517,False
2006-10-05,W,bus,1060282,False
2006-10-06,W,bus,1055911,False
2006-10-07,A,bus,641240,False
2006-10-08,U,bus,452460,False
2006-10-09,W,bus,806458,True
2006-10-10,W,bus,1055021,False
2006-10-11,W,bus,1022625,False
2006-10-12,W,bus,998899,False
2006-10-13,W,bus,1014747,False
2006-10-14,A,bus,622249,False
2006-10-15,U,bus,420083,False
2006-10-16,W,bus,1011001,False
2006-10-17,W,bus,1029815,False
2006-10-18,W,bus,1035671,False
2006-10-19,W,bus,1035827,False
2006-10-20,W,bus,1031742,False
2006-10-21,A,bus,631254,False
2006-10-22,U,bus,389726,False
2006-10-23,W,bus,1018534,False
2006-10-24,W,bus,1043962,False
2006-10-25,W,bus,1057646,False
2006-10-26,W,bus,994421,False
2006-10-27,W,bus,1007282,False
2006-10-28,A,bus,622775,False
2006-10-29,U,bus,434824,False
2006-10-30,W,bus,1033777,False
2006-10-31,W,bus,997495,False
2006-11-01,W,bus,1053237,False
2006-11-02,W,bus,1012046,False
2006-11-03,W,bus,959706,False
2006-11-04,A,bus,609584,False
2006-11-05,U,bus,435747,False
2006-11-06,W,bus,1026257,False
2006-11-07,W,bus,1033037,False
2006-11-08,W,bus,1046870,False
2006-11-09,W,bus,1001116,False
2006-11-10,W,bus,935843,False
2006-11-11,A,bus,591773,False
2006-11-12,U,bus,417471,False
2006-11-13,W,bus,1007564,False
2006-11-14,W,bus,1047208,False
2006-11-15,W,bus,1039976,False
2006-11-16,W,bus,998140,False
2006-11-17,W,bus,1018763,False
2006-11-18,A,bus,620464,False
2006-11-19,U,bus,417408,False
2006-11-20,W,bus,1022880,False
2006-11-21,W,bus,1022970,False
2006-11-22,W,bus,980561,False
2006-11-23,U,bus,318233,True
2006-11-24,W,bus,628700,True
2006-11-25,A,bus,549875,True
2006-11-26,U,bus,400592,False
2006-11-27,W,bus,1012191,False
2006-11-28,W,bus,1030255,False
2006-11-29,W,bus,976231,False
2006-11-30,W,bus,985569,False
2006-12-01,W,bus,912314,False
2006-12-02,A,bus,595637,False
2006-12-03,U,bus,375419,False
2006-12-04,W,bus,962864,False
2006-12-05,W,bus,992857,False
2006-12-06,W,bus,1015490,False
2006-12-07,W,bus,921792,False
2006-12-08,W,bus,952445,False
2006-12-09,A,bus,590225,False
2006-12-10,U,bus,406068,False
2006-12-11,W,bus,995926,False
2006-12-12,W,bus,991473,False
2006-12-13,W,bus,1020619,False
2006-12-14,W,bus,1007667,False
2006-12-15,W,bus,1002739,False
2006-12-16,A,bus,632218,True
2006-12-17,U,bus,432910,False
2006-12-18,W,bus,990534,False
2006-12-19,W,bus,1019785,False
2006-12-20,W,bus,975226,False
2006-12-21,W,bus,924778,False
2006-12-22,W,bus,906201,False
2006-12-23,A,bus,578507,False
2006-12-24,U,bus,391926,False
2006-12-25,U,bus,242369,False
2006-12-26,W,bus,652808,True
2006-12-27,W,bus,732919,False
2006-12-28,W,bus,758151,False
2006-12-29,W,bus,816636,False
2006-12-30,A,bus,589298,False
2006-12-31,U,bus,412048,False
2007-01-01,U,bus,326042,False
2007-01-02,W,bus,772549,False
2007-01-03,W,bus,871683,False
2007-01-04,W,bus,814984,False
2007-01-05,W,bus,862748,False
2007-01-06,A,bus,580851,False
2007-01-07,U,bus,384626,False
2007-01-08,W,bus,976783,False
2007-01-09,W,bus,978577,False
2007-01-10,W,bus,968643,False
2007-01-11,W,bus,967218,False
2007-01-12,W,bus,973391,False
2007-01-13,A,bus,562827,False
2007-01-14,U,bus,368736,False
2007-01-15,W,bus,604564,True
2007-01-16,W,bus,978082,False
2007-01-17,W,bus,977527,False
2007-01-18,W,bus,982237,False
2007-01-19,W,bus,978490,False
2007-01-20,A,bus,576490,False
2007-01-21,U,bus,364130,False
2007-01-22,W,bus,1002003,False
2007-01-23,W,bus,1011645,False
2007-01-24,W,bus,1006911,False
2007-01-25,W,bus,988347,False
2007-01-26,W,bus,901880,False
2007-01-27,A,bus,578477,False
2007-01-28,U,bus,345116,False
2007-01-29,W,bus,945286,False
2007-01-30,W,bus,952201,False
2007-01-31,W,bus,943384,False
2007-02-01,W,bus,1007882,False
2007-02-02,W,bus,958446,False
2007-02-03,A,bus,454188,True
2007-02-04,U,bus,266510,False
2007-02-05,W,bus,761572,True
2007-02-06,W,bus,850354,False
2007-02-07,W,bus,933093,False
2007-02-08,W,bus,948308,False
2007-02-09,W,bus,944364,False
2007-02-10,A,bus,546086,False
2007-02-11,U,bus,369026,False
2007-02-12,W,bus,793846,False
2007-02-13,W,bus,805441,False
2007-02-14,W,bus,884567,False
2007-02-15,W,bus,933588,False
2007-02-16,W,bus,928048,False
2007-02-17,A,bus,562470,False
2007-02-18,U,bus,394698,False
2007-02-19,W,bus,736322,False
2007-02-20,W,bus,1030943,False
2007-02-21,W,bus,1036604,False
2007-02-22,W,bus,1018598,False
2007-02-23,W,bus,999849,False
2007-02-24,A,bus,544391,False
2007-02-25,U,bus,331808,False
2007-02-26,W,bus,953661,False
2007-02-27,W,bus,998059,False
2007-02-28,W,bus,997324,False
2007-03-01,W,bus,991173,False
2007-03-02,W,bus,961731,False
2007-03-03,A,bus,582869,False
2007-03-04,U,bus,400292,False
2007-03-05,W,bus,861145,True
2007-03-06,W,bus,1004928,False
2007-03-07,W,bus,1000287,False
2007-03-08,W,bus,1019684,False
2007-03-09,W,bus,1021269,False
2007-03-10,A,bus,645222,False
2007-03-11,U,bus,435861,False
2007-03-12,W,bus,1009154,False
2007-03-13,W,bus,1053169,True
2007-03-14,W,bus,1010219,False
2007-03-15,W,bus,1011742,False
2007-03-16,W,bus,1019835,False
2007-03-17,A,bus,622487,False
2007-03-18,U,bus,420366,False
2007-03-19,W,bus,1007874,False
2007-03-20,W,bus,1031451,False
2007-03-21,W,bus,970928,False
2007-03-22,W,bus,1025487,False
2007-03-23,W,bus,997803,False
2007-03-24,A,bus,619377,False
2007-03-25,U,bus,442112,False
2007-03-26,W,bus,1011806,False
2007-03-27,W,bus,1010067,False
2007-03-28,W,bus,981180,False
2007-03-29,W,bus,1014456,False
2007-03-30,W,bus,1037493,False
2007-03-31,A,bus,608037,False
2007-04-01,U,bus,425595,False
2007-04-02,W,bus,936869,False
2007-04-03,W,bus,932688,False
2007-04-04,W,bus,874823,False
2007-04-05,W,bus,892666,False
2007-04-06,W,bus,822387,False
2007-04-07,A,bus,547926,False
2007-04-08,U,bus,374365,False
2007-04-09,W,bus,1002171,False
2007-04-10,W,bus,1048978,False
2007-04-11,W,bus,921761,False
2007-04-12,W,bus,1015749,False
2007-04-13,W,bus,946466,False
2007-04-14,A,bus,619468,False
2007-04-15,U,bus,447385,False
2007-04-16,W,bus,1057373,False
2007-04-17,W,bus,1058244,False
2007-04-18,W,bus,1030970,False
2007-04-19,W,bus,987896,False
2007-04-20,W,bus,1049980,False
2007-04-21,A,bus,672236,False
2007-04-22,U,bus,474187,False
2007-04-23,W,bus,1021947,False
2007-04-24,W,bus,1054294,False
2007-04-25,W,bus,927830,False
2007-04-26,W,bus,954930,False
2007-04-27,W,bus,1017433,False
2007-04-28,A,bus,657645,False
2007-04-29,U,bus,467869,False
2007-04-30,W,bus,1030435,False
2007-05-01,W,bus,1096741,False
2007-05-02,W,bus,1067338,False
2007-05-03,W,bus,1102282,False
2007-05-04,W,bus,1081903,False
2007-05-05,A,bus,664729,False
2007-05-06,U,bus,470694,False
2007-05-07,W,bus,1059535,False
2007-05-08,W,bus,1079400,False
2007-05-09,W,bus,1061512,False
2007-05-10,W,bus,1065947,False
2007-05-11,W,bus,1050841,False
2007-05-12,A,bus,660001,False
2007-05-13,U,bus,446076,False
2007-05-14,W,bus,1017451,False
2007-05-15,W,bus,999166,False
2007-05-16,W,bus,1028004,False
2007-05-17,W,bus,1043033,False
2007-05-18,W,bus,1044582,False
2007-05-19,A,bus,684079,False
2007-05-20,U,bus,422463,False
2007-05-21,W,bus,1039954,False
2007-05-22,W,bus,1044661,False
2007-05-23,W,bus,1028065,False
2007-05-24,W,bus,1009067,False
2007-05-25,W,bus,995233,False
2007-05-26,A,bus,556682,False
2007-05-27,U,bus,451833,False
2007-05-28,U,bus,415256,False
2007-05-29,W,bus,1024735,False
2007-05-30,W,bus,1055384,False
2007-05-31,W,bus,997007,False
2007-06-01,W,bus,1079848,False
2007-06-02,A,bus,680844,False
2007-06-03,U,bus,461358,False
2007-06-04,W,bus,988557,False
2007-06-05,W,bus,1067413,False
2007-06-06,W,bus,1047624,False
2007-06-07,W,bus,1041490,False
2007-06-08,W,bus,1025937,False
2007-06-09,A,bus,661835,False
2007-06-10,U,bus,466294,False
2007-06-11,W,bus,1000007,False
2007-06-12,W,bus,1015390,False
2007-06-13,W,bus,955467,False
2007-06-14,W,bus,944081,False
2007-06-15,W,bus,1018966,False
2007-06-16,A,bus,633038,False
2007-06-17,U,bus,464411,False
2007-06-18,W,bus,898272,False
2007-06-19,W,bus,954392,False
2007-06-20,W,bus,952574,False
2007-06-21,W,bus,941671,False
2007-06-22,W,bus,915690,False
2007-06-23,A,bus,576598,False
2007-06-24,U,bus,451145,False
2007-06-25,W,bus,922491,False
2007-06-26,W,bus,887917,False
2007-06-27,W,bus,905210,False
2007-06-28,W,bus,927302,False
2007-06-29,W,bus,968906,False
2007-06-30,A,bus,680629,False
2007-07-01,U,bus,495101,False
2007-07-02,W,bus,955129,False
2007-07-03,W,bus,1048504,False
2007-07-04,U,bus,486961,False
2007-07-05,W,bus,933153,False
2007-07-06,W,bus,956208,False
2007-07-07,A,bus,640418,False
2007-07-08,U,bus,443791,False
2007-07-09,W,bus,896820,False
2007-07-10,W,bus,939774,False
2007-07-11,W,bus,973860,False
2007-07-12,W,bus,962640,False
2007-07-13,W,bus,956346,False
2007-07-14,A,bus,687968,False
2007-07-15,U,bus,489228,False
2007-07-16,W,bus,939642,False
2007-07-17,W,bus,945057,False
2007-07-18,W,bus,939708,False
2007-07-19,W,bus,935717,False
2007-07-20,W,bus,959207,False
2007-07-21,A,bus,685445,False
2007-07-22,U,bus,480317,False
2007-07-23,W,bus,937452,False
2007-07-24,W,bus,935763,False
2007-07-25,W,bus,939278,False
2007-07-26,W,bus,919288,False
2007-07-27,W,bus,923332,False
2007-07-28,A,bus,641760,False
2007-07-29,U,bus,457951,False
2007-07-30,W,bus,917757,False
2007-07-31,W,bus,946285,False
2007-08-01,W,bus,974958,False
2007-08-02,W,bus,944912,False
2007-08-03,W,bus,976842,False
2007-08-04,A,bus,646378,False
2007-08-05,U,bus,457228,False
2007-08-06,W,bus,908881,False
2007-08-07,W,bus,930259,False
2007-08-08,W,bus,911127,False
2007-08-09,W,bus,921233,False
2007-08-10,W,bus,942284,False
2007-08-11,A,bus,710009,False
2007-08-12,U,bus,472709,False
2007-08-13,W,bus,901029,False
2007-08-14,W,bus,905711,False
2007-08-15,W,bus,906121,False
2007-08-16,W,bus,910468,False
2007-08-17,W,bus,940525,False
2007-08-18,A,bus,613516,False
2007-08-19,U,bus,384648,False
2007-08-20,W,bus,869663,False
2007-08-21,W,bus,927597,False
2007-08-22,W,bus,929593,False
2007-08-23,W,bus,848806,False
2007-08-24,W,bus,886880,False
2007-08-25,A,bus,660678,False
2007-08-26,U,bus,491356,False
2007-08-27,W,bus,952232,False
2007-08-28,W,bus,986289,False
2007-08-29,W,bus,961627,False
2007-08-30,W,bus,968474,False
2007-08-31,W,bus,1012720,False
2007-09-01,A,bus,697334,False
2007-09-02,U,bus,506887,False
2007-09-03,U,bus,461629,False
2007-09-04,W,bus,1096027,False
2007-09-05,W,bus,1097897,False
2007-09-06,W,bus,1068817,False
2007-09-07,W,bus,1043967,False
2007-09-08,A,bus,700510,False
2007-09-09,U,bus,484803,False
2007-09-10,W,bus,1072218,False
2007-09-11,W,bus,1108582,False
2007-09-12,W,bus,1090043,False
2007-09-13,W,bus,1073415,False
2007-09-14,W,bus,1070397,False
2007-09-15,A,bus,642789,False
2007-09-16,U,bus,455579,False
2007-09-17,W,bus,1080112,False
2007-09-18,W,bus,1104193,False
2007-09-19,W,bus,1098945,False
2007-09-20,W,bus,1085299,False
2007-09-21,W,bus,1077275,False
2007-09-22,A,bus,678534,False
2007-09-23,U,bus,481232,False
2007-09-24,W,bus,1065887,False
2007-09-25,W,bus,1064946,False
2007-09-26,W,bus,1009515,False
2007-09-27,W,bus,1093222,False
2007-09-28,W,bus,1080223,False
2007-09-29,A,bus,678705,False
2007-09-30,U,bus,463947,False
2007-10-01,W,bus,1088750,False
2007-10-02,W,bus,1129578,False
2007-10-03,W,bus,1141300,False
2007-10-04,W,bus,1121496,False
2007-10-05,W,bus,1108038,False
2007-10-06,A,bus,693470,False
2007-10-07,U,bus,450253,False
2007-10-08,W,bus,857090,True
2007-10-09,W,bus,1119151,False
2007-10-10,W,bus,1075443,False
2007-10-11,W,bus,1080412,False
2007-10-12,W,bus,1081900,False
2007-10-13,A,bus,657864,False
2007-10-14,U,bus,452914,False
2007-10-15,W,bus,1087003,False
2007-10-16,W,bus,1084935,False
2007-10-17,W,bus,1096384,False
2007-10-18,W,bus,1056395,False
2007-10-19,W,bus,974134,True
2007-10-20,A,bus,731918,False
2007-10-21,U,bus,499779,False
2007-10-22,W,bus,1056369,False
2007-10-23,W,bus,1088752,False
2007-10-24,W,bus,1080803,False
2007-10-25,W,bus,1072949,False
2007-10-26,W,bus,1061706,False
2007-10-27,A,bus,678861,False
2007-10-28,U,bus,472765,False
2007-10-29,W,bus,1049394,False
2007-10-30,W,bus,1088015,False
2007-10-31,W,bus,1036100,False
2007-11-01,W,bus,1102515,False
2007-11-02,W,bus,1019370,False
2007-11-03,A,bus,718550,False
2007-11-04,U,bus,491005,False
2007-11-05,W,bus,1074116,False
2007-11-06,W,bus,1063193,False
2007-11-07,W,bus,1010629,False
2007-11-08,W,bus,1058758,False
2007-11-09,W,bus,1038131,False
2007-11-10,A,bus,699360,False
2007-11-11,U,bus,462568,False
2007-11-12,W,bus,843086,True
2007-11-13,W,bus,1095253,False
2007-11-14,W,bus,1073985,False
2007-11-15,W,bus,1056246,False
2007-11-16,W,bus,1063833,False
2007-11-17,A,bus,651609,False
2007-11-18,U,bus,451689,False
2007-11-19,W,bus,1045626,False
2007-11-20,W,bus,1055688,False
2007-11-21,W,bus,933046,True
2007-11-22,U,bus,294447,True
2007-11-23,W,bus,619195,True
2007-11-24,A,bus,541464,False
2007-11-25,U,bus,396237,False
2007-11-26,W,bus,1009519,False
2007-11-27,W,bus,1044685,False
2007-11-28,W,bus,1030447,False
2007-11-29,W,bus,1015386,False
2007-11-30,W,bus,1064598,False
2007-12-01,A,bus,606838,False
2007-12-02,U,bus,423280,False
2007-12-03,W,bus,1064265,False
2007-12-04,W,bus,1082140,False
2007-12-05,W,bus,1024462,False
2007-12-06,W,bus,1029586,False
2007-12-07,W,bus,956775,False
2007-12-08,A,bus,636461,False
2007-12-09,U,bus,423634,False
2007-12-10,W,bus,1036018,False
2007-12-11,W,bus,1002470,False
2007-12-12,W,bus,1051962,False
2007-12-13,W,bus,1039827,False
2007-12-14,W,bus,1045488,False
2007-12-15,A,bus,606795,False
2007-12-16,U,bus,412777,False
2007-12-17,W,bus,968005,False
2007-12-18,W,bus,1009642,False
2007-12-19,W,bus,1027855,False
2007-12-20,W,bus,1016117,False
2007-12-21,W,bus,1014168,False
2007-12-22,A,bus,613180,False
2007-12-23,U,bus,347895,False
2007-12-24,W,bus,531176,True
2007-12-25,U,bus,249699,True
2007-12-26,W,bus,707668,False
2007-12-27,W,bus,773602,False
2007-12-28,W,bus,747807,False
2007-12-29,A,bus,546998,False
2007-12-30,U,bus,412003,False
2007-12-31,W,bus,669463,False
2008-01-01,U,bus,295571,True
2008-01-02,W,bus,699149,False
2008-01-03,W,bus,783950,False
2008-01-04,W,bus,851632,False
2008-01-05,A,bus,568839,False
2008-01-06,U,bus,415385,False
2008-01-07,W,bus,988485,False
2008-01-08,W,bus,990597,False
2008-01-09,W,bus,1023189,False
2008-01-10,W,bus,998489,False
2008-01-11,W,bus,1022368,False
2008-01-12,A,bus,604388,False
2008-01-13,U,bus,391645,False
2008-01-14,W,bus,996258,False
2008-01-15,W,bus,1013209,False
2008-01-16,W,bus,1041939,False
2008-01-17,W,bus,998608,False
2008-01-18,W,bus,959859,False
2008-01-19,A,bus,414819,True
2008-01-20,U,bus,291354,False
2008-01-21,W,bus,611887,True
2008-01-22,W,bus,992432,False
2008-01-23,W,bus,974052,False
2008-01-24,W,bus,910998,False
2008-01-25,W,bus,859813,False
2008-01-26,A,bus,572085,False
2008-01-27,U,bus,413581,False
2008-01-28,W,bus,1025845,False
2008-01-29,W,bus,1011729,False
2008-01-30,W,bus,882014,False
2008-01-31,W,bus,961357,False
2008-02-01,W,bus,911151,False
2008-02-02,A,bus,627807,False
2008-02-03,U,bus,416661,False
2008-02-04,W,bus,1004041,False
2008-02-05,W,bus,1058756,False
2008-02-06,W,bus,925504,False
2008-02-07,W,bus,1028104,False
2008-02-08,W,bus,1031968,False
2008-02-09,A,bus,627412,False
2008-02-10,U,bus,300232,True
2008-02-11,W,bus,818840,False
2008-02-12,W,bus,819820,False
2008-02-13,W,bus,1039517,False
2008-02-14,W,bus,1074632,False
2008-02-15,W,bus,1036232,False
2008-02-16,A,bus,649814,False
2008-02-17,U,bus,411858,False
2008-02-18,W,bus,715974,True
2008-02-19,W,bus,967658,False
2008-02-20,W,bus,961552,False
2008-02-21,W,bus,1001382,False
2008-02-22,W,bus,1021900,False
2008-02-23,A,bus,648822,False
2008-02-24,U,bus,439134,False
2008-02-25,W,bus,1003187,False
2008-02-26,W,bus,970886,False
2008-02-27,W,bus,1019462,False
2008-02-28,W,bus,1028392,False
2008-02-29,W,bus,1049773,False
2008-03-01,A,bus,668866,False
2008-03-02,U,bus,465660,False
2008-03-03,W,bus,890785,True
2008-03-04,W,bus,1053813,False
2008-03-05,W,bus,1059027,False
2008-03-06,W,bus,1055418,False
2008-03-07,W,bus,1031200,False
2008-03-08,A,bus,590236,False
2008-03-09,U,bus,415621,False
2008-03-10,W,bus,1024901,False
2008-03-11,W,bus,1062865,False
2008-03-12,W,bus,1068268,False
2008-03-13,W,bus,1070019,False
2008-03-14,W,bus,1077635,False
2008-03-15,A,bus,645518,False
2008-03-16,U,bus,447363,False
2008-03-17,W,bus,897500,False
2008-03-18,W,bus,909978,False
2008-03-19,W,bus,945983,False
2008-03-20,W,bus,955273,False
2008-03-21,W,bus,767583,False
2008-03-22,A,bus,589688,False
2008-03-23,U,bus,401640,False
2008-03-24,W,bus,1001268,False
2008-03-25,W,bus,1036465,False
2008-03-26,W,bus,1050176,False
2008-03-27,W,bus,986130,False
2008-03-28,W,bus,1053516,False
2008-03-29,A,bus,688035,False
2008-03-30,U,bus,442777,False
2008-03-31,W,bus,1008940,False
2008-04-01,W,bus,1114418,False
2008-04-02,W,bus,1118495,False
2008-04-03,W,bus,1112511,False
2008-04-04,W,bus,1115690,False
2008-04-05,A,bus,765299,False
2008-04-06,U,bus,523895,False
2008-04-07,W,bus,1084375,False
2008-04-08,W,bus,1063269,False
2008-04-09,W,bus,1092341,False
2008-04-10,W,bus,994944,False
2008-04-11,W,bus,999556,False
2008-04-12,A,bus,664161,False
2008-04-13,U,bus,479293,False
2008-04-14,W,bus,1088485,False
2008-04-15,W,bus,1127401,False
2008-04-16,W,bus,1064026,False
2008-04-17,W,bus,1091387,False
2008-04-18,W,bus,1097367,False
2008-04-19,A,bus,686540,False
2008-04-20,U,bus,519280,False
2008-04-21,W,bus,1088521,False
2008-04-22,W,bus,1085729,False
2008-04-23,W,bus,1055157,False
2008-04-24,W,bus,1021163,False
2008-04-25,W,bus,1054844,False
2008-04-26,A,bus,698927,False
2008-04-27,U,bus,481571,False
2008-04-28,W,bus,1009567,False
2008-04-29,W,bus,1091930,False
2008-04-30,W,bus,1104713,False
2008-05-01,W,bus,1129443,False
2008-05-02,W,bus,1082350,False
2008-05-03,A,bus,716121,False
2008-05-04,U,bus,536640,False
2008-05-05,W,bus,1111775,False
2008-05-06,W,bus,1122716,False
2008-05-07,W,bus,1045666,False
2008-05-08,W,bus,1112033,False
2008-05-09,W,bus,1117011,False
2008-05-10,A,bus,742741,False
2008-05-11,U,bus,409987,False
2008-05-12,W,bus,1070403,False
2008-05-13,W,bus,1092576,False
2008-05-14,W,bus,1083589,False
2008-05-15,W,bus,1092014,False
2008-05-16,W,bus,1110816,False
2008-05-17,A,bus,749048,False
2008-05-18,U,bus,518114,False
2008-05-19,W,bus,1076847,False
2008-05-20,W,bus,1085719,False
2008-05-21,W,bus,1108988,False
2008-05-22,W,bus,1097500,False
2008-05-23,W,bus,1074370,False
2008-05-24,A,bus,692374,False
2008-05-25,U,bus,502997,False
2008-05-26,U,bus,460848,False
2008-05-27,W,bus,1026141,False
2008-05-28,W,bus,1105899,False
2008-05-29,W,bus,1090598,False
2008-05-30,W,bus,1079526,False
2008-05-31,A,bus,788945,False
2008-06-01,U,bus,566162,False
2008-06-02,W,bus,1098574,False
2008-06-03,W,bus,1073873,False
2008-06-04,W,bus,1114498,False
2008-06-05,W,bus,1104182,False
2008-06-06,W,bus,1087144,False
2008-06-07,A,bus,708308,False
2008-06-08,U,bus,494209,False
2008-06-09,W,bus,1032999,False
2008-06-10,W,bus,1117614,False
2008-06-11,W,bus,1100852,False
2008-06-12,W,bus,1026283,False
2008-06-13,W,bus,1084190,False
2008-06-14,A,bus,785252,False
2008-06-15,U,bus,495972,False
2008-06-16,W,bus,999214,False
2008-06-17,W,bus,1033341,False
2008-06-18,W,bus,1043814,False
2008-06-19,W,bus,1037717,False
2008-06-20,W,bus,996558,False
2008-06-21,A,bus,741561,False
2008-06-22,U,bus,531761,False
2008-06-23,W,bus,1019631,False
2008-06-24,W,bus,1046337,False
2008-06-25,W,bus,1005969,False
2008-06-26,W,bus,1052301,False
2008-06-27,W,bus,1019687,False
2008-06-28,A,bus,730245,False
2008-06-29,U,bus,505046,False
2008-06-30,W,bus,1037295,False
2008-07-01,W,bus,1098281,False
2008-07-02,W,bus,1043654,False
2008-07-03,W,bus,1143777,False
2008-07-04,U,bus,606974,False
2008-07-05,A,bus,675949,False
2008-07-06,U,bus,520542,False
2008-07-07,W,bus,990782,False
2008-07-08,W,bus,1052665,False
2008-07-09,W,bus,1093064,False
2008-07-10,W,bus,1029219,False
2008-07-11,W,bus,1059114,False
2008-07-12,A,bus,718369,False
2008-07-13,U,bus,553236,False
2008-07-14,W,bus,1058694,False
2008-07-15,W,bus,1088616,False
2008-07-16,W,bus,1063054,False
2008-07-17,W,bus,1070349,False
2008-07-18,W,bus,1050847,False
2008-07-19,A,bus,675968,False
2008-07-20,U,bus,546570,False
2008-07-21,W,bus,1024212,False
2008-07-22,W,bus,1077279,False
2008-07-23,W,bus,1082583,False
2008-07-24,W,bus,1062708,False
2008-07-25,W,bus,1032058,False
2008-07-26,A,bus,733901,False
2008-07-27,U,bus,520244,False
2008-07-28,W,bus,996509,False
2008-07-29,W,bus,1014276,False
2008-07-30,W,bus,1009837,False
2008-07-31,W,bus,976117,False
2008-08-01,W,bus,1081564,False
2008-08-02,A,bus,764749,False
2008-08-03,U,bus,549191,False
2008-08-04,W,bus,929003,False
2008-08-05,W,bus,997379,False
2008-08-06,W,bus,1020516,False
2008-08-07,W,bus,1024746,False
2008-08-08,W,bus,1041165,False
2008-08-09,A,bus,770627,False
2008-08-10,U,bus,542860,False
2008-08-11,W,bus,969826,False
2008-08-12,W,bus,989226,False
2008-08-13,W,bus,973719,False
2008-08-14,W,bus,993155,False
2008-08-15,W,bus,1038006,False
2008-08-16,A,bus,748347,False
2008-08-17,U,bus,539476,False
2008-08-18,W,bus,974311,False
2008-08-19,W,bus,1012560,False
2008-08-20,W,bus,1019019,False
2008-08-21,W,bus,1006682,False
2008-08-22,W,bus,1009399,False
2008-08-23,A,bus,750128,False
2008-08-24,U,bus,547427,False
2008-08-25,W,bus,1012339,False
2008-08-26,W,bus,1051063,False
2008-08-27,W,bus,1040926,False
2008-08-28,W,bus,1022254,False
2008-08-29,W,bus,1080840,False
2008-08-30,A,bus,766930,False
2008-08-31,U,bus,557427,False
2008-09-01,U,bus,500748,False
2008-09-02,W,bus,1131494,False
2008-09-03,W,bus,1166955,False
2008-09-04,W,bus,1025296,False
2008-09-05,W,bus,1171756,False
2008-09-06,A,bus,778425,False
2008-09-07,U,bus,529779,False
2008-09-08,W,bus,1058699,False
2008-09-09,W,bus,1176865,False
2008-09-10,W,bus,1167063,False
2008-09-11,W,bus,1156490,False
2008-09-12,W,bus,1120112,False
2008-09-13,A,bus,597639,True
2008-09-14,U,bus,399483,True
2008-09-15,W,bus,1140716,False
2008-09-16,W,bus,1168626,False
2008-09-17,W,bus,1172871,False
2008-09-18,W,bus,1169932,False
2008-09-19,W,bus,1174967,False
2008-09-20,A,bus,791707,False
2008-09-21,U,bus,551489,False
2008-09-22,W,bus,1140486,False
2008-09-23,W,bus,1163232,False
2008-09-24,W,bus,1148720,False
2008-09-25,W,bus,1162318,False
2008-09-26,W,bus,1090515,False
2008-09-27,A,bus,753562,False
2008-09-28,U,bus,508469,False
2008-09-29,W,bus,1074139,False
2008-09-30,W,bus,1137377,False
2008-10-01,W,bus,1197836,False
2008-10-02,W,bus,1180204,False
2008-10-03,W,bus,1211992,False
2008-10-04,A,bus,778642,False
2008-10-05,U,bus,512429,False
2008-10-06,W,bus,1166019,False
2008-10-07,W,bus,1133103,False
2008-10-08,W,bus,1141745,False
2008-10-09,W,bus,1161478,False
2008-10-10,W,bus,1169810,False
2008-10-11,A,bus,750797,False
2008-10-12,U,bus,495211,False
2008-10-13,W,bus,909500,True
2008-10-14,W,bus,1165787,False
2008-10-15,W,bus,1115651,False
2008-10-16,W,bus,1166556,False
2008-10-17,W,bus,1162723,False
2008-10-18,A,bus,766941,False
2008-10-19,U,bus,537382,False
2008-10-20,W,bus,1092061,False
2008-10-21,W,bus,1158146,False
2008-10-22,W,bus,1149832,False
2008-10-23,W,bus,1144729,False
2008-10-24,W,bus,1036465,True
2008-10-25,A,bus,718718,False
2008-10-26,U,bus,492388,False
2008-10-27,W,bus,1085873,False
2008-10-28,W,bus,1129560,False
2008-10-29,W,bus,1123289,False
2008-10-30,W,bus,1142793,False
2008-10-31,W,bus,1135299,False
2008-11-01,A,bus,734026,False
2008-11-02,U,bus,525585,False
2008-11-03,W,bus,1178414,False
2008-11-04,W,bus,1152333,False
2008-11-05,W,bus,1156522,False
2008-11-06,W,bus,1101916,False
2008-11-07,W,bus,1040709,False
2008-11-08,A,bus,675404,False
2008-11-09,U,bus,475132,False
2008-11-10,W,bus,1000224,False
2008-11-11,W,bus,891353,True
2008-11-12,W,bus,1081236,False
2008-11-13,W,bus,1074912,False
2008-11-14,W,bus,1133869,False
2008-11-15,A,bus,688151,False
2008-11-16,U,bus,459244,False
2008-11-17,W,bus,1080548,False
2008-11-18,W,bus,1093821,False
2008-11-19,W,bus,1114917,False
2008-11-20,W,bus,1085367,False
2008-11-21,W,bus,1087614,False
2008-11-22,A,bus,697641,False
2008-11-23,U,bus,477070,False
2008-11-24,W,bus,1060943,False
2008-11-25,W,bus,1088066,False
2008-11-26,W,bus,1032378,False
2008-11-27,U,bus,350071,False
2008-11-28,W,bus,668376,True
2008-11-29,A,bus,595913,False
2008-11-30,U,bus,384770,False
2008-12-01,W,bus,1060059,False
2008-12-02,W,bus,1095425,False
2008-12-03,W,bus,1115007,False
2008-12-04,W,bus,1063682,False
2008-12-05,W,bus,1028359,False
2008-12-06,A,bus,596202,False
2008-12-07,U,bus,406475,False
2008-12-08,W,bus,1039370,False
2008-12-09,W,bus,1000971,False
2008-12-10,W,bus,1041145,False
2008-12-11,W,bus,1059298,False
2008-12-12,W,bus,1016010,False
2008-12-13,A,bus,625939,False
2008-12-14,U,bus,440496,False
2008-12-15,W,bus,899917,False
2008-12-16,W,bus,906945,False
2008-12-17,W,bus,982687,False
2008-12-18,W,bus,995662,False
2008-12-19,W,bus,894131,False
2008-12-20,A,bus,589697,False
2008-12-21,U,bus,280044,False
2008-12-22,W,bus,703302,False
2008-12-23,W,bus,742980,False
2008-12-24,W,bus,626374,False
2008-12-25,U,bus,238727,True
2008-12-26,W,bus,564107,False
2008-12-27,A,bus,510369,False
2008-12-28,U,bus,397897,False
2008-12-29,W,bus,813142,False
2008-12-30,W,bus,820666,False
2008-12-31,W,bus,743027,False
2009-01-01,U,bus,338779,False
2009-01-02,W,bus,765802,False
2009-01-03,A,bus,580506,False
2009-01-04,U,bus,402180,False
2009-01-05,W,bus,1012207,False
2009-01-06,W,bus,1006184,False
2009-01-07,W,bus,991858,False
2009-01-08,W,bus,1000931,False
2009-01-09,W,bus,985250,False
2009-01-10,A,bus,521906,False
2009-01-11,U,bus,390151,False
2009-01-12,W,bus,1009651,False
2009-01-13,W,bus,952091,False
2009-01-14,W,bus,905548,False
2009-01-15,W,bus,755677,False
2009-01-16,W,bus,822136,False
2009-01-17,A,bus,553273,False
2009-01-18,U,bus,397317,False
2009-01-19,W,bus,665251,False
2009-01-20,W,bus,1018227,False
2009-01-21,W,bus,1068170,False
2009-01-22,W,bus,1082611,False
2009-01-23,W,bus,979795,False
2009-01-24,A,bus,561515,False
2009-01-25,U,bus,376302,False
2009-01-26,W,bus,1024953,False
2009-01-27,W,bus,1050873,False
2009-01-28,W,bus,1044085,False
2009-01-29,W,bus,1040926,False
2009-01-30,W,bus,1059741,False
2009-01-31,A,bus,667780,False
2009-02-01,U,bus,459271,False
2009-02-02,W,bus,1062276,False
2009-02-03,W,bus,1058730,False
2009-02-04,W,bus,1026435,False
2009-02-05,W,bus,1064605,False
2009-02-06,W,bus,1090042,False
2009-02-07,A,bus,722336,False
2009-02-08,U,bus,469249,False
2009-02-09,W,bus,1061620,False
2009-02-10,W,bus,1121451,False
2009-02-11,W,bus,1001838,False
2009-02-12,W,bus,943891,False
2009-02-13,W,bus,1008863,False
2009-02-14,A,bus,711324,False
2009-02-15,U,bus,466104,False
2009-02-16,W,bus,765356,True
2009-02-17,W,bus,1087248,False
2009-02-18,W,bus,1030930,False
2009-02-19,W,bus,1004978,False
2009-02-20,W,bus,1032282,False
2009-02-21,A,bus,578539,False
2009-02-22,U,bus,422899,False
2009-02-23,W,bus,1030913,False
2009-02-24,W,bus,1072167,False
2009-02-25,W,bus,1082105,False
2009-02-26,W,bus,981515,False
2009-02-27,W,bus,1045953,False
2009-02-28,A,bus,639146,False
2009-03-01,U,bus,385236,False
2009-03-02,W,bus,866001,True
2009-03-03,W,bus,1095720,False
2009-03-04,W,bus,1098350,False
2009-03-05,W,bus,1105607,False
2009-03-06,W,bus,1106466,False
2009-03-07,A,bus,564839,False
2009-03-08,U,bus,367983,False
2009-03-09,W,bus,1073249,False
2009-03-10,W,bus,1026177,False
2009-03-11,W,bus,1058738,False
2009-03-12,W,bus,1039462,False
2009-03-13,W,bus,1075419,False
2009-03-14,A,bus,699923,False
2009-03-15,U,bus,484927,False
2009-03-16,W,bus,1040208,False
2009-03-17,W,bus,1110747,False
2009-03-18,W,bus,1051328,False
2009-03-19,W,bus,1073688,False
2009-03-20,W,bus,1064573,False
2009-03-21,A,bus,684551,False
2009-03-22,U,bus,471865,False
2009-03-23,W,bus,1007657,False
2009-03-24,W,bus,1023641,False
2009-03-25,W,bus,1052157,False
2009-03-26,W,bus,1053676,False
2009-03-27,W,bus,969091,False
2009-03-28,A,bus,582316,False
2009-03-29,U,bus,360851,False
2009-03-30,W,bus,1044468,False
2009-03-31,W,bus,1007561,False
2009-04-01,W,bus,1103516,False
2009-04-02,W,bus,1017567,False
2009-04-03,W,bus,1094889,False
2009-04-04,A,bus,696212,False
2009-04-05,U,bus,394704,False
2009-04-06,W,bus,878367,False
2009-04-07,W,bus,948719,False
2009-04-08,W,bus,963532,False
2009-04-09,W,bus,952099,False
2009-04-10,W,bus,866040,False
2009-04-11,A,bus,641437,False
2009-04-12,U,bus,423274,False
2009-04-13,W,bus,937261,False
2009-04-14,W,bus,1028849,False
2009-04-15,W,bus,1073275,False
2009-04-16,W,bus,1082379,False
2009-04-17,W,bus,1087613,False
2009-04-18,A,bus,690066,False
2009-04-19,U,bus,398430,False
2009-04-20,W,bus,1007645,False
2009-04-21,W,bus,1030738,False
2009-04-22,W,bus,1040599,False
2009-04-23,W,bus,1039524,False
2009-04-24,W,bus,1084984,False
2009-04-25,A,bus,612802,False
2009-04-26,U,bus,422437,False
2009-04-27,W,bus,972593,False
2009-04-28,W,bus,1043138,False
2009-04-29,W,bus,1045681,False
2009-04-30,W,bus,999397,False
2009-05-01,W,bus,1116163,False
2009-05-02,A,bus,764832,False
2009-05-03,U,bus,528055,False
2009-05-04,W,bus,1081915,False
2009-05-05,W,bus,1091934,False
2009-05-06,W,bus,1040297,False
2009-05-07,W,bus,1071031,False
2009-05-08,W,bus,1084713,False
2009-05-09,A,bus,674760,False
2009-05-10,U,bus,474595,False
2009-05-11,W,bus,1019002,False
2009-05-12,W,bus,1070549,False
2009-05-13,W,bus,979697,False
2009-05-14,W,bus,1074183,False
2009-05-15,W,bus,985291,False
2009-05-16,A,bus,746301,False
2009-05-17,U,bus,511550,False
2009-05-18,W,bus,1045190,False
2009-05-19,W,bus,1072111,False
2009-05-20,W,bus,1085546,False
2009-05-21,W,bus,1070609,False
2009-05-22,W,bus,1052067,False
2009-05-23,A,bus,700549,False
2009-05-24,U,bus,511582,False
2009-05-25,U,bus,409208,False
2009-05-26,W,bus,998498,False
2009-05-27,W,bus,1026962,False
2009-05-28,W,bus,1038163,False
2009-05-29,W,bus,1064215,False
2009-05-30,A,bus,695552,False
2009-05-31,U,bus,511749,False
2009-06-01,W,bus,1011224,False
2009-06-02,W,bus,1036601,False
2009-06-03,W,bus,1092082,False
2009-06-04,W,bus,1078827,False
2009-06-05,W,bus,1074738,False
2009-06-06,A,bus,676207,False
2009-06-07,U,bus,489403,False
2009-06-08,W,bus,1003036,False
2009-06-09,W,bus,1017857,False
2009-06-10,W,bus,1010707,False
2009-06-11,W,bus,881200,False
2009-06-12,W,bus,1067730,False
2009-06-13,A,bus,619909,False
2009-06-14,U,bus,519510,False
2009-06-15,W,bus,969271,False
2009-06-16,W,bus,913925,False
2009-06-17,W,bus,978050,False
2009-06-18,W,bus,970757,False
2009-06-19,W,bus,868477,True
2009-06-20,A,bus,757562,False
2009-06-21,U,bus,514773,False
2009-06-22,W,bus,957022,False
2009-06-23,W,bus,978739,False
2009-06-24,W,bus,937838,False
2009-06-25,W,bus,969861,False
2009-06-26,W,bus,985078,False
2009-06-27,A,bus,692627,False
2009-06-28,U,bus,516762,False
2009-06-29,W,bus,961592,False
2009-06-30,W,bus,962402,False
2009-07-01,W,bus,1003064,False
2009-07-02,W,bus,1020960,False
2009-07-03,U,bus,791721,True
2009-07-04,A,bus,540914,True
2009-07-05,U,bus,507244,False
2009-07-06,W,bus,966889,False
2009-07-07,W,bus,977293,False
2009-07-08,W,bus,954018,False
2009-07-09,W,bus,1002646,False
2009-07-10,W,bus,938460,False
2009-07-11,A,bus,733100,False
2009-07-12,U,bus,525978,False
2009-07-13,W,bus,975656,False
2009-07-14,W,bus,975173,False
2009-07-15,W,bus,984189,False
2009-07-16,W,bus,990574,False
2009-07-17,W,bus,954520,False
2009-07-18,A,bus,711371,False
2009-07-19,U,bus,493670,False
2009-07-20,W,bus,963999,False
2009-07-21,W,bus,986777,False
2009-07-22,W,bus,973865,False
2009-07-23,W,bus,959920,False
2009-07-24,W,bus,968278,False
2009-07-25,A,bus,693104,False
2009-07-26,U,bus,490518,False
2009-07-27,W,bus,939982,False
2009-07-28,W,bus,956278,False
2009-07-29,W,bus,958820,False
2009-07-30,W,bus,926905,False
2009-07-31,W,bus,997830,False
2009-08-01,A,bus,712791,False
2009-08-02,U,bus,541877,False
2009-08-03,W,bus,945629,False
2009-08-04,W,bus,966555,False
2009-08-05,W,bus,965266,False
2009-08-06,W,bus,958790,False
2009-08-07,W,bus,900717,False
2009-08-08,A,bus,714606,False
2009-08-09,U,bus,492623,False
2009-08-10,W,bus,920020,False
2009-08-11,W,bus,950753,False
2009-08-12,W,bus,951988,False
2009-08-13,W,bus,946370,False
2009-08-14,W,bus,969081,False
2009-08-15,A,bus,722837,False
2009-08-16,U,bus,473628,False
2009-08-17,W,bus,854426,False
2009-08-18,W,bus,948964,False
2009-08-19,W,bus,917526,False
2009-08-20,W,bus,922627,False
2009-08-21,W,bus,946374,False
2009-08-22,A,bus,713225,False
2009-08-23,U,bus,516846,False
2009-08-24,W,bus,966314,False
2009-08-25,W,bus,993279,False
2009-08-26,W,bus,921926,False
2009-08-27,W,bus,934232,False
2009-08-28,W,bus,974302,False
2009-08-29,A,bus,708836,False
2009-08-30,U,bus,505635,False
2009-08-31,W,bus,975508,False
2009-09-01,W,bus,1055167,False
2009-09-02,W,bus,1032505,False
2009-09-03,W,bus,1063234,False
2009-09-04,W,bus,1020694,False
2009-09-05,A,bus,701349,False
2009-09-06,U,bus,503694,False
2009-09-07,U,bus,463198,False
2009-09-08,W,bus,1004429,False
2009-09-09,W,bus,1097851,False
2009-09-10,W,bus,1099979,False
2009-09-11,W,bus,1114404,False
2009-09-12,A,bus,728447,False
2009-09-13,U,bus,517813,False
2009-09-14,W,bus,1101985,False
2009-09-15,W,bus,1115027,False
2009-09-16,W,bus,1108929,False
2009-09-17,W,bus,1112462,False
2009-09-18,W,bus,1102861,False
2009-09-19,A,bus,721408,False
2009-09-20,U,bus,480835,False
2009-09-21,W,bus,1076200,False
2009-09-22,W,bus,1098839,False
2009-09-23,W,bus,1102842,False
2009-09-24,W,bus,1099145,False
2009-09-25,W,bus,1010229,True
2009-09-26,A,bus,702445,False
2009-09-27,U,bus,494098,False
2009-09-28,W,bus,1025351,True
2009-09-29,W,bus,1070466,False
2009-09-30,W,bus,1092412,False
2009-10-01,W,bus,1092443,False
2009-10-02,W,bus,1094376,False
2009-10-03,A,bus,715566,False
2009-10-04,U,bus,514280,False
2009-10-05,W,bus,1110701,False
2009-10-06,W,bus,1071550,False
2009-10-07,W,bus,1111089,False
2009-10-08,W,bus,1063003,False
2009-10-09,W,bus,1023705,False
2009-10-10,A,bus,676836,False
2009-10-11,U,bus,436381,False
2009-10-12,W,bus,827772,True
2009-10-13,W,bus,1102805,False
2009-10-14,W,bus,1077269,False
2009-10-15,W,bus,1052994,False
2009-10-16,W,bus,1067868,False
2009-10-17,A,bus,692682,False
2009-10-18,U,bus,494901,False
2009-10-19,W,bus,1094468,False
2009-10-20,W,bus,1095869,False
2009-10-21,W,bus,1110910,False
2009-10-22,W,bus,1051505,False
2009-10-23,W,bus,932000,False
2009-10-24,A,bus,672636,False
2009-10-25,U,bus,471453,False
2009-10-26,W,bus,1045756,False
2009-10-27,W,bus,1106013,False
2009-10-28,W,bus,1091208,False
2009-10-29,W,bus,1096369,False
2009-10-30,W,bus,1035778,False
2009-10-31,A,bus,698324,False
2009-11-01,U,bus,494777,False
2009-11-02,W,bus,1099218,False
2009-11-03,W,bus,1136686,False
2009-11-04,W,bus,1105418,False
2009-11-05,W,bus,1114979,False
2009-11-06,W,bus,1015815,False
2009-11-07,A,bus,723832,False
2009-11-08,U,bus,512125,False
2009-11-09,W,bus,1076270,False
2009-11-10,W,bus,1090758,False
2009-11-11,W,bus,908424,True
2009-11-12,W,bus,1097428,False
2009-11-13,W,bus,1092994,False
2009-11-14,A,bus,694924,False
2009-11-15,U,bus,460225,False
2009-11-16,W,bus,1061332,False
2009-11-17,W,bus,1060364,False
2009-11-18,W,bus,1043248,False
2009-11-19,W,bus,1021173,False
2009-11-20,W,bus,1105710,False
2009-11-21,A,bus,702789,False
2009-11-22,U,bus,485345,False
2009-11-23,W,bus,1073100,False
2009-11-24,W,bus,1054145,False
2009-11-25,W,bus,997101,False
2009-11-26,U,bus,329214,False
2009-11-27,W,bus,647293,True
2009-11-28,A,bus,587950,False
2009-11-29,U,bus,399383,False
2009-11-30,W,bus,1048329,False
2009-12-01,W,bus,1130467,False
2009-12-02,W,bus,1094833,False
2009-12-03,W,bus,1098849,False
2009-12-04,W,bus,973336,False
2009-12-05,A,bus,671524,False
2009-12-06,U,bus,461240,False
2009-12-07,W,bus,1034149,False
2009-12-08,W,bus,1031237,False
2009-12-09,W,bus,985064,False
2009-12-10,W,bus,875574,True
2009-12-11,W,bus,980494,False
2009-12-12,A,bus,653142,False
2009-12-13,U,bus,457587,False
2009-12-14,W,bus,1003184,False
2009-12-15,W,bus,988681,False
2009-12-16,W,bus,968963,False
2009-12-17,W,bus,995849,False
2009-12-18,W,bus,1005529,False
2009-12-19,A,bus,612039,False
2009-12-20,U,bus,441105,False
2009-12-21,W,bus,848265,False
2009-12-22,W,bus,818602,False
2009-12-23,W,bus,778855,False
2009-12-24,W,bus,584096,False
2009-12-25,U,bus,249347,False
2009-12-26,A,bus,464351,True
2009-12-27,U,bus,368183,False
2009-12-28,W,bus,740043,False
2009-12-29,W,bus,753943,False
2009-12-30,W,bus,760344,False
2009-12-31,W,bus,750868,False
2010-01-01,U,bus,348324,False
2010-01-02,A,bus,484655,True
2010-01-03,U,bus,354762,False
2010-01-04,W,bus,938766,False
2010-01-05,W,bus,970860,False
2010-01-06,W,bus,980962,False
2010-01-07,W,bus,901941,False
2010-01-08,W,bus,937662,False
2010-01-09,A,bus,550886,False
2010-01-10,U,bus,372942,False
2010-01-11,W,bus,983964,False
2010-01-12,W,bus,1012053,False
2010-01-13,W,bus,1031317,False
2010-01-14,W,bus,1036398,False
2010-01-15,W,bus,1043125,False
2010-01-16,A,bus,616904,False
2010-01-17,U,bus,437665,False
2010-01-18,W,bus,672311,True
2010-01-19,W,bus,1083689,False
2010-01-20,W,bus,1069450,False
2010-01-21,W,bus,1037561,False
2010-01-22,W,bus,1061872,False
2010-01-23,A,bus,636107,False
2010-01-24,U,bus,416766,False
2010-01-25,W,bus,1039778,False
2010-01-26,W,bus,1037134,False
2010-01-27,W,bus,1022417,False
2010-01-28,W,bus,1002952,False
2010-01-29,W,bus,918474,False
2010-01-30,A,bus,636005,False
2010-01-31,U,bus,437345,False
2010-02-01,W,bus,1091041,False
2010-02-02,W,bus,1062988,False
2010-02-03,W,bus,1114266,False
2010-02-04,W,bus,1090369,False
2010-02-05,W,bus,1047904,False
2010-02-06,A,bus,616747,False
2010-02-07,U,bus,417214,False
2010-02-08,W,bus,1006311,False
2010-02-09,W,bus,913022,False
2010-02-10,W,bus,939412,False
2010-02-11,W,bus,921768,False
2010-02-12,W,bus,886702,False
2010-02-13,A,bus,641619,False
2010-02-14,U,bus,486887,False
2010-02-15,W,bus,722405,False
2010-02-16,W,bus,1028597,False
2010-02-17,W,bus,1028817,False
2010-02-18,W,bus,1026992,False
2010-02-19,W,bus,1030451,False
2010-02-20,A,bus,625306,False
2010-02-21,U,bus,418101,False
2010-02-22,W,bus,953759,False
2010-02-23,W,bus,1015116,False
2010-02-24,W,bus,996077,False
2010-02-25,W,bus,1000799,False
2010-02-26,W,bus,999789,False
2010-02-27,A,bus,603577,False
2010-02-28,U,bus,418652,False
2010-03-01,W,bus,893861,False
2010-03-02,W,bus,1032445,False
2010-03-03,W,bus,1062280,False
2010-03-04,W,bus,1051738,False
2010-03-05,W,bus,1036156,False
2010-03-06,A,bus,662470,False
2010-03-07,U,bus,418097,False
2010-03-08,W,bus,1013812,False
2010-03-09,W,bus,1025242,False
2010-03-10,W,bus,1030470,False
2010-03-11,W,bus,994390,False
2010-03-12,W,bus,1013971,False
2010-03-13,A,bus,593823,False
2010-03-14,U,bus,428683,False
2010-03-15,W,bus,996747,False
2010-03-16,W,bus,1036185,False
2010-03-17,W,bus,1043518,False
2010-03-18,W,bus,1036643,False
2010-03-19,W,bus,1022766,False
2010-03-20,A,bus,505581,False
2010-03-21,U,bus,405115,False
2010-03-22,W,bus,981316,False
2010-03-23,W,bus,1012454,False
2010-03-24,W,bus,987466,False
2010-03-25,W,bus,949845,False
2010-03-26,W,bus,971169,False
2010-03-27,A,bus,608093,False
2010-03-28,U,bus,413535,False
2010-03-29,W,bus,852199,False
2010-03-30,W,bus,884276,False
2010-03-31,W,bus,901476,False
2010-04-01,W,bus,949879,False
2010-04-02,W,bus,881173,False
2010-04-03,A,bus,583966,False
2010-04-04,U,bus,400341,False
2010-04-05,W,bus,975213,False
2010-04-06,W,bus,984899,False
2010-04-07,W,bus,940753,False
2010-04-08,W,bus,988825,False
2010-04-09,W,bus,948808,False
2010-04-10,A,bus,663179,False
2010-04-11,U,bus,440552,False
2010-04-12,W,bus,1008809,False
2010-04-13,W,bus,1031798,False
2010-04-14,W,bus,1043690,False
2010-04-15,W,bus,1040113,False
2010-04-16,W,bus,1005953,False
2010-04-17,A,bus,643599,False
2010-04-18,U,bus,443588,False
2010-04-19,W,bus,1006105,False
2010-04-20,W,bus,1023621,False
2010-04-21,W,bus,1010968,False
2010-04-22,W,bus,976688,False
2010-04-23,W,bus,996166,False
2010-04-24,A,bus,588835,False
2010-04-25,U,bus,387151,False
2010-04-26,W,bus,1014665,False
2010-04-27,W,bus,1022698,False
2010-04-28,W,bus,981925,False
2010-04-29,W,bus,971157,False
2010-04-30,W,bus,1032120,False
2010-05-01,A,bus,668743,False
2010-05-02,U,bus,458651,False
2010-05-03,W,bus,1051064,False
2010-05-04,W,bus,1047595,False
2010-05-05,W,bus,1033684,False
2010-05-06,W,bus,1030345,False
2010-05-07,W,bus,959307,False
2010-05-08,A,bus,608071,False
2010-05-09,U,bus,439376,False
2010-05-10,W,bus,982426,False
2010-05-11,W,bus,948970,False
2010-05-12,W,bus,987926,False
2010-05-13,W,bus,955701,False
2010-05-14,W,bus,1022640,False
2010-05-15,A,bus,632980,False
2010-05-16,U,bus,446820,False
2010-05-17,W,bus,951092,False
2010-05-18,W,bus,976377,False
2010-05-19,W,bus,1009046,False
2010-05-20,W,bus,982640,False
2010-05-21,W,bus,949316,False
2010-05-22,A,bus,646961,False
2010-05-23,U,bus,490423,False
2010-05-24,W,bus,974382,False
2010-05-25,W,bus,1005290,False
2010-05-26,W,bus,1004824,False
2010-05-27,W,bus,995700,False
2010-05-28,W,bus,994671,False
2010-05-29,A,bus,645684,False
2010-05-30,U,bus,480340,False
2010-05-31,U,bus,347857,False
2010-06-01,W,bus,1024767,False
2010-06-02,W,bus,990049,False
2010-06-03,W,bus,1042401,False
2010-06-04,W,bus,1013014,False
2010-06-05,A,bus,596776,False
2010-06-06,U,bus,455093,False
2010-06-07,W,bus,1001595,False
2010-06-08,W,bus,931456,False
2010-06-09,W,bus,1032439,False
2010-06-10,W,bus,1019373,False
2010-06-11,W,bus,979074,False
2010-06-12,A,bus,600914,False
2010-06-13,U,bus,451434,False
2010-06-14,W,bus,955902,False
2010-06-15,W,bus,948177,False
2010-06-16,W,bus,1003968,False
2010-06-17,W,bus,954409,False
2010-06-18,W,bus,940534,False
2010-06-19,A,bus,673052,False
2010-06-20,U,bus,465420,False
2010-06-21,W,bus,868542,True
2010-06-22,W,bus,916810,False
2010-06-23,W,bus,820493,True
2010-06-24,W,bus,931520,False
2010-06-25,W,bus,941751,False
2010-06-26,A,bus,646770,False
2010-06-27,U,bus,439815,False
2010-06-28,W,bus,911187,False
2010-06-29,W,bus,919886,False
2010-06-30,W,bus,939032,False
2010-07-01,W,bus,997162,False
2010-07-02,W,bus,948286,False
2010-07-03,A,bus,688185,False
2010-07-04,U,bus,517771,False
2010-07-05,U,bus,490386,False
2010-07-06,W,bus,906377,False
2010-07-07,W,bus,911994,False
2010-07-08,W,bus,913888,False
2010-07-09,W,bus,930427,False
2010-07-10,A,bus,625843,False
2010-07-11,U,bus,441707,False
2010-07-12,W,bus,916793,False
2010-07-13,W,bus,944367,False
2010-07-14,W,bus,938980,False
2010-07-15,W,bus,934492,False
2010-07-16,W,bus,928476,False
2010-07-17,A,bus,653987,False
2010-07-18,U,bus,453952,False
2010-07-19,W,bus,927114,False
2010-07-20,W,bus,938739,False
2010-07-21,W,bus,951550,False
2010-07-22,W,bus,927185,False
2010-07-23,W,bus,879035,True
2010-07-24,A,bus,571189,False
2010-07-25,U,bus,472911,False
2010-07-26,W,bus,915404,False
2010-07-27,W,bus,935330,False
2010-07-28,W,bus,908070,False
2010-07-29,W,bus,933636,False
2010-07-30,W,bus,943778,False
2010-07-31,A,bus,657365,False
2010-08-01,U,bus,491220,False
2010-08-02,W,bus,913649,False
2010-08-03,W,bus,927125,False
2010-08-04,W,bus,880047,False
2010-08-05,W,bus,949218,False
2010-08-06,W,bus,947220,False
2010-08-07,A,bus,668567,False
2010-08-08,U,bus,464239,False
2010-08-09,W,bus,902342,False
2010-08-10,W,bus,909752,False
2010-08-11,W,bus,902498,False
2010-08-12,W,bus,908352,False
2010-08-13,W,bus,918501,False
2010-08-14,A,bus,688021,False
2010-08-15,U,bus,507105,False
2010-08-16,W,bus,907011,False
2010-08-17,W,bus,909673,False
2010-08-18,W,bus,935381,False
2010-08-19,W,bus,940943,False
2010-08-20,W,bus,928525,False
2010-08-21,A,bus,662928,False
2010-08-22,U,bus,470110,False
2010-08-23,W,bus,941694,False
2010-08-24,W,bus,962622,False
2010-08-25,W,bus,973800,False
2010-08-26,W,bus,978212,False
2010-08-27,W,bus,991691,False
2010-08-28,A,bus,678949,False
2010-08-29,U,bus,471725,False
2010-08-30,W,bus,960273,False
2010-08-31,W,bus,980388,False
2010-09-01,W,bus,1014776,False
2010-09-02,W,bus,964759,False
2010-09-03,W,bus,996297,False
2010-09-04,A,bus,671418,False
2010-09-05,U,bus,497194,False
2010-09-06,U,bus,453040,False
2010-09-07,W,bus,1067665,False
2010-09-08,W,bus,1078904,False
2010-09-09,W,bus,1053439,False
2010-09-10,W,bus,1067844,False
2010-09-11,A,bus,620475,False
2010-09-12,U,bus,478785,False
2010-09-13,W,bus,1064113,False
2010-09-14,W,bus,1073013,False
2010-09-15,W,bus,1077313,False
2010-09-16,W,bus,1030218,False
2010-09-17,W,bus,1070710,False
2010-09-18,A,bus,602888,False
2010-09-19,U,bus,463244,False
2010-09-20,W,bus,1040338,False
2010-09-21,W,bus,1068204,False
2010-09-22,W,bus,1038052,False
2010-09-23,W,bus,1067715,False
2010-09-24,W,bus,966185,False
2010-09-25,A,bus,647044,False
2010-09-26,U,bus,439578,False
2010-09-27,W,bus,1030264,False
2010-09-28,W,bus,1049114,False
2010-09-29,W,bus,1044807,False
2010-09-30,W,bus,1040445,False
2010-10-01,W,bus,1095244,False
2010-10-02,A,bus,620784,False
2010-10-03,U,bus,451850,False
2010-10-04,W,bus,1049060,False
2010-10-05,W,bus,1062843,False
2010-10-06,W,bus,1057375,False
2010-10-07,W,bus,1048120,False
2010-10-08,W,bus,1060557,False
2010-10-09,A,bus,683056,False
2010-10-10,U,bus,453193,False
2010-10-11,W,bus,824834,True
2010-10-12,W,bus,1068010,False
2010-10-13,W,bus,1024910,False
2010-10-14,W,bus,1060257,False
2010-10-15,W,bus,1067602,False
2010-10-16,A,bus,674323,False
2010-10-17,U,bus,470817,False
2010-10-18,W,bus,1038903,False
2010-10-19,W,bus,1057820,False
2010-10-20,W,bus,1061125,False
2010-10-21,W,bus,1053153,False
2010-10-22,W,bus,987323,False
2010-10-23,A,bus,624770,False
2010-10-24,U,bus,443462,False
2010-10-25,W,bus,1030602,False
2010-10-26,W,bus,948119,True
2010-10-27,W,bus,1051715,False
2010-10-28,W,bus,1023047,False
2010-10-29,W,bus,1027443,False
2010-10-30,A,bus,653147,False
2010-10-31,U,bus,451532,False
2010-11-01,W,bus,1050239,False
2010-11-02,W,bus,1053066,False
2010-11-03,W,bus,1067432,False
2010-11-04,W,bus,1036639,False
2010-11-05,W,bus,1034503,False
2010-11-06,A,bus,641520,False
2010-11-07,U,bus,453831,False
2010-11-08,W,bus,1046515,False
2010-11-09,W,bus,1058688,False
2010-11-10,W,bus,1065459,False
2010-11-11,W,bus,882944,True
2010-11-12,W,bus,951645,False
2010-11-13,A,bus,600900,False
2010-11-14,U,bus,483592,True
2010-11-15,W,bus,1013081,False
2010-11-16,W,bus,1041704,False
2010-11-17,W,bus,1033004,False
2010-11-18,W,bus,984043,False
2010-11-19,W,bus,1038686,False
2010-11-20,A,bus,640618,False
2010-11-21,U,bus,437682,False
2010-11-22,W,bus,957125,False
2010-11-23,W,bus,1006493,False
2010-11-24,W,bus,898974,False
2010-11-25,U,bus,312756,True
2010-11-26,W,bus,557867,True
2010-11-27,A,bus,517892,False
2010-11-28,U,bus,401514,False
2010-11-29,W,bus,974393,False
2010-11-30,W,bus,970873,False
2010-12-01,W,bus,999878,False
2010-12-02,W,bus,1008349,False
2010-12-03,W,bus,985527,False
2010-12-04,A,bus,586500,False
2010-12-05,U,bus,406680,False
2010-12-06,W,bus,944575,False
2010-12-07,W,bus,954467,False
2010-12-08,W,bus,968593,False
2010-12-09,W,bus,957337,False
2010-12-10,W,bus,986800,False
2010-12-11,A,bus,573203,False
2010-12-12,U,bus,330377,False
2010-12-13,W,bus,829736,True
2010-12-14,W,bus,888812,False
2010-12-15,W,bus,922552,False
2010-12-16,W,bus,919713,False
2010-12-17,W,bus,932601,False
2010-12-18,A,bus,570331,False
2010-12-19,U,bus,404153,False
2010-12-20,W,bus,791684,False
2010-12-21,W,bus,786351,False
2010-12-22,W,bus,786757,False
2010-12-23,W,bus,740052,False
2010-12-24,W,bus,513353,True
2010-12-25,U,bus,233266,True
2010-12-26,U,bus,346331,False
2010-12-27,W,bus,673638,False
2010-12-28,W,bus,717933,False
2010-12-29,W,bus,731000,False
2010-12-30,W,bus,754297,False
2010-12-31,W,bus,609114,False
2011-01-01,U,bus,342872,False
2011-01-02,U,bus,364165,False
2011-01-03,W,bus,925770,False
2011-01-04,W,bus,946232,False
2011-01-05,W,bus,950712,False
2011-01-06,W,bus,939518,False
2011-01-07,W,bus,927173,False
2011-01-08,A,bus,540394,False
2011-01-09,U,bus,380762,False
2011-01-10,W,bus,966448,False
2011-01-11,W,bus,923590,False
2011-01-12,W,bus,960115,False
2011-01-13,W,bus,969691,False
2011-01-14,W,bus,983953,False
2011-01-15,A,bus,567710,False
2011-01-16,U,bus,386280,False
2011-01-17,W,bus,613773,True
2011-01-18,W,bus,991055,False
2011-01-19,W,bus,1006033,False
2011-01-20,W,bus,975376,False
2011-01-21,W,bus,853208,False
2011-01-22,A,bus,522699,False
2011-01-23,U,bus,375396,False
2011-01-24,W,bus,972155,False
2011-01-25,W,bus,1006376,False
2011-01-26,W,bus,1014944,False
2011-01-27,W,bus,994412,False
2011-01-28,W,bus,930518,False
2011-01-29,A,bus,617408,False
2011-01-30,U,bus,406547,False
2011-01-31,W,bus,1001892,False
2011-02-01,W,bus,814985,False
2011-02-02,W,bus,219234,True
2011-02-03,W,bus,732420,True
2011-02-04,W,bus,933210,False
2011-02-05,A,bus,615765,False
2011-02-06,U,bus,402275,False
2011-02-07,W,bus,996782,False
2011-02-08,W,bus,986388,False
2011-02-09,W,bus,941631,False
2011-02-10,W,bus,940692,False
2011-02-11,W,bus,965062,False
2011-02-12,A,bus,663253,False
2011-02-13,U,bus,474048,True
2011-02-14,W,bus,1064293,False
2011-02-15,W,bus,1041367,False
2011-02-16,W,bus,1050045,False
2011-02-17,W,bus,1046143,False
2011-02-18,W,bus,1053474,False
2011-02-19,A,bus,675487,False
2011-02-20,U,bus,385554,False
2011-02-21,W,bus,706507,True
2011-02-22,W,bus,1004067,False
2011-02-23,W,bus,1026312,False
2011-02-24,W,bus,1030542,False
2011-02-25,W,bus,1015416,False
2011-02-26,A,bus,601634,False
2011-02-27,U,bus,419643,False
2011-02-28,W,bus,1007930,False
2011-03-01,W,bus,1064543,False
2011-03-02,W,bus,1038790,False
2011-03-03,W,bus,1057767,False
2011-03-04,W,bus,1019568,False
2011-03-05,A,bus,581121,False
2011-03-06,U,bus,428668,False
2011-03-07,W,bus,889994,True
2011-03-08,W,bus,1054432,False
2011-03-09,W,bus,1014632,False
2011-03-10,W,bus,1019921,False
2011-03-11,W,bus,1047012,False
2011-03-12,A,bus,630826,False
2011-03-13,U,bus,429046,False
2011-03-14,W,bus,1019671,False
2011-03-15,W,bus,1025714,False
2011-03-16,W,bus,1057440,False
2011-03-17,W,bus,1039329,False
2011-03-18,W,bus,1028193,False
2011-03-19,A,bus,661882,False
2011-03-20,U,bus,397653,False
2011-03-21,W,bus,1009091,False
2011-03-22,W,bus,964687,False
2011-03-23,W,bus,1000324,False
2011-03-24,W,bus,984660,False
2011-03-25,W,bus,995334,False
2011-03-26,A,bus,603928,False
2011-03-27,U,bus,421290,False
2011-03-28,W,bus,1005055,False
2011-03-29,W,bus,1018975,False
2011-03-30,W,bus,1022399,False
2011-03-31,W,bus,958648,False
2011-04-01,W,bus,960123,False
2011-04-02,A,bus,688873,False
2011-04-03,U,bus,450017,False
2011-04-04,W,bus,1021955,False
2011-04-05,W,bus,1063835,False
2011-04-06,W,bus,1032831,False
2011-04-07,W,bus,982880,False
2011-04-08,W,bus,1006956,False
2011-04-09,A,bus,675312,False
2011-04-10,U,bus,483207,False
2011-04-11,W,bus,999639,False
2011-04-12,W,bus,1036334,False
2011-04-13,W,bus,1040300,False
2011-04-14,W,bus,1016435,False
2011-04-15,W,bus,966032,False
2011-04-16,A,bus,587114,False
2011-04-17,U,bus,452131,False
2011-04-18,W,bus,861574,False
2011-04-19,W,bus,862770,False
2011-04-20,W,bus,895201,False
2011-04-21,W,bus,919676,False
2011-04-22,W,bus,767236,False
2011-04-23,A,bus,644228,False
2011-04-24,U,bus,415484,False
2011-04-25,W,bus,970581,False
2011-04-26,W,bus,1009393,False
2011-04-27,W,bus,960037,False
2011-04-28,W,bus,972352,False
2011-04-29,W,bus,1083692,False
2011-04-30,A,bus,677693,False
2011-05-01,U,bus,474621,False
2011-05-02,W,bus,1040468,False
2011-05-03,W,bus,1063059,False
2011-05-04,W,bus,1068494,False
2011-05-05,W,bus,1045556,False
2011-05-06,W,bus,1054724,False
2011-05-07,A,bus,642855,False
2011-05-08,U,bus,474170,False
2011-05-09,W,bus,996746,False
2011-05-10,W,bus,1050936,False
2011-05-11,W,bus,1022323,False
2011-05-12,W,bus,1026861,False
2011-05-13,W,bus,1005681,False
2011-05-14,A,bus,574990,False
2011-05-15,U,bus,386219,False
2011-05-16,W,bus,1002206,False
2011-05-17,W,bus,1012424,False
2011-05-18,W,bus,996766,False
2011-05-19,W,bus,1014161,False
2011-05-20,W,bus,1027404,False
2011-05-21,A,bus,625518,False
2011-05-22,U,bus,460481,False
2011-05-23,W,bus,997460,False
2011-05-24,W,bus,1019381,False
2011-05-25,W,bus,932486,False
2011-05-26,W,bus,954623,False
2011-05-27,W,bus,1005068,False
2011-05-28,A,bus,586663,False
2011-05-29,U,bus,392008,False
2011-05-30,U,bus,512702,False
2011-05-31,W,bus,976956,False
2011-06-01,W,bus,1077060,False
2011-06-02,W,bus,1037191,False
2011-06-03,W,bus,1084952,False
2011-06-04,A,bus,660496,False
2011-06-05,U,bus,498740,False
2011-06-06,W,bus,1026379,False
2011-06-07,W,bus,1023477,False
2011-06-08,W,bus,1027909,False
2011-06-09,W,bus,925826,False
2011-06-10,W,bus,991111,False
2011-06-11,A,bus,639456,False
2011-06-12,U,bus,492490,False
2011-06-13,W,bus,1005818,False
2011-06-14,W,bus,1009778,False
2011-06-15,W,bus,927263,False
2011-06-16,W,bus,960885,False
2011-06-17,W,bus,1038570,False
2011-06-18,A,bus,668147,False
2011-06-19,U,bus,479157,False
2011-06-20,W,bus,863375,False
2011-06-21,W,bus,928457,False
2011-06-22,W,bus,906400,False
2011-06-23,W,bus,918605,False
2011-06-24,W,bus,923487,False
2011-06-25,A,bus,672716,False
2011-06-26,U,bus,513140,False
2011-06-27,W,bus,915375,False
2011-06-28,W,bus,974240,False
2011-06-29,W,bus,966399,False
2011-06-30,W,bus,947943,False
2011-07-01,W,bus,940403,False
2011-07-02,A,bus,701711,False
2011-07-03,U,bus,546895,False
2011-07-04,U,bus,502623,False
2011-07-05,W,bus,944119,False
2011-07-06,W,bus,961177,False
2011-07-07,W,bus,960396,False
2011-07-08,W,bus,973648,False
2011-07-09,A,bus,688403,False
2011-07-10,U,bus,487215,False
2011-07-11,W,bus,899672,True
2011-07-12,W,bus,953976,False
2011-07-13,W,bus,968000,False
2011-07-14,W,bus,963077,False
2011-07-15,W,bus,960761,False
2011-07-16,A,bus,671209,False
2011-07-17,U,bus,487492,False
2011-07-18,W,bus,912074,False
2011-07-19,W,bus,938830,False
2011-07-20,W,bus,908375,False
2011-07-21,W,bus,901635,False
2011-07-22,W,bus,890894,False
2011-07-23,A,bus,641738,False
2011-07-24,U,bus,440442,False
2011-07-25,W,bus,932136,False
2011-07-26,W,bus,958271,False
2011-07-27,W,bus,926794,False
2011-07-28,W,bus,916275,False
2011-07-29,W,bus,942044,False
2011-07-30,A,bus,677527,False
2011-07-31,U,bus,491214,False
2011-08-01,W,bus,951492,False
2011-08-02,W,bus,921043,False
2011-08-03,W,bus,984399,False
2011-08-04,W,bus,953514,False
2011-08-05,W,bus,968013,False
2011-08-06,A,bus,682517,False
2011-08-07,U,bus,479588,False
2011-08-08,W,bus,912362,False
2011-08-09,W,bus,958406,False
2011-08-10,W,bus,963575,False
2011-08-11,W,bus,957398,False
2011-08-12,W,bus,955597,False
2011-08-13,A,bus,627401,False
2011-08-14,U,bus,470358,False
2011-08-15,W,bus,936932,False
2011-08-16,W,bus,945179,False
2011-08-17,W,bus,943997,False
2011-08-18,W,bus,951134,False
2011-08-19,W,bus,981727,False
2011-08-20,A,bus,622722,False
2011-08-21,U,bus,536280,False
2011-08-22,W,bus,968715,False
2011-08-23,W,bus,914499,False
2011-08-24,W,bus,999361,False
2011-08-25,W,bus,1003797,False
2011-08-26,W,bus,997931,False
2011-08-27,A,bus,691082,False
2011-08-28,U,bus,488275,False
2011-08-29,W,bus,988033,False
2011-08-30,W,bus,991793,False
2011-08-31,W,bus,1011858,False
2011-09-01,W,bus,1047270,False
2011-09-02,W,bus,1001837,False
2011-09-03,A,bus,655947,False
2011-09-04,U,bus,529593,False
2011-09-05,U,bus,471000,False
2011-09-06,W,bus,1116811,False
2011-09-07,W,bus,1079256,False
2011-09-08,W,bus,1058730,False
2011-09-09,W,bus,1049654,False
2011-09-10,A,bus,665138,False
2011-09-11,U,bus,483138,False
2011-09-12,W,bus,1077578,False
2011-09-13,W,bus,1101495,False
2011-09-14,W,bus,1068594,False
2011-09-15,W,bus,1078395,False
2011-09-16,W,bus,1061833,False
2011-09-17,A,bus,684347,False
2011-09-18,U,bus,433064,False
2011-09-19,W,bus,1056731,False
2011-09-20,W,bus,1094671,False
2011-09-21,W,bus,1090762,False
2011-09-22,W,bus,1076129,False
2011-09-23,W,bus,1013491,False
2011-09-24,A,bus,655360,False
2011-09-25,U,bus,448547,False
2011-09-26,W,bus,1028362,False
2011-09-27,W,bus,1059305,False
2011-09-28,W,bus,1053206,False
2011-09-29,W,bus,1051634,False
2011-09-30,W,bus,1066348,False
2011-10-01,A,bus,701783,False
2011-10-02,U,bus,486409,False
2011-10-03,W,bus,1091676,False
2011-10-04,W,bus,1090878,False
2011-10-05,W,bus,1083300,False
2011-10-06,W,bus,1076741,False
2011-10-07,W,bus,1074577,False
2011-10-08,A,bus,692368,False
2011-10-09,U,bus,463310,False
2011-10-10,W,bus,857528,True
2011-10-11,W,bus,1073195,False
2011-10-12,W,bus,1068602,False
2011-10-13,W,bus,1011085,True
2011-10-14,W,bus,1058024,False
2011-10-15,A,bus,686909,False
2011-10-16,U,bus,457725,False
2011-10-17,W,bus,1060560,False
2011-10-18,W,bus,1054603,False
2011-10-19,W,bus,987878,True
2011-10-20,W,bus,1019401,True
2011-10-21,W,bus,1072848,False
2011-10-22,A,bus,678136,False
2011-10-23,U,bus,476507,False
2011-10-24,W,bus,1054251,False
2011-10-25,W,bus,1066867,False
2011-10-26,W,bus,1055199,False
2011-10-27,W,bus,1061301,False
2011-10-28,W,bus,993735,False
2011-10-29,A,bus,665331,False
2011-10-30,U,bus,433281,False
2011-10-31,W,bus,1027078,False
2011-11-01,W,bus,1098741,False
2011-11-02,W,bus,1077675,False
2011-11-03,W,bus,1011408,False
2011-11-04,W,bus,1093806,False
2011-11-05,A,bus,686104,False
2011-11-06,U,bus,477456,False
2011-11-07,W,bus,1061041,False
2011-11-08,W,bus,1008764,False
2011-11-09,W,bus,1036190,False
2011-11-10,W,bus,970822,False
2011-11-11,W,bus,879535,False
2011-11-12,A,bus,660488,False
2011-11-13,U,bus,463513,False
2011-11-14,W,bus,1047638,False
2011-11-15,W,bus,1079072,False
2011-11-16,W,bus,1043071,False
2011-11-17,W,bus,998699,False
2011-11-18,W,bus,965671,False
2011-11-19,A,bus,657115,False
2011-11-20,U,bus,456466,False
2011-11-21,W,bus,1039312,False
2011-11-22,W,bus,986650,False
2011-11-23,W,bus,992006,False
2011-11-24,U,bus,340929,True
2011-11-25,W,bus,652271,True
2011-11-26,A,bus,588157,False
2011-11-27,U,bus,397179,False
2011-11-28,W,bus,1016597,False
2011-11-29,W,bus,991030,False
2011-11-30,W,bus,1043354,False
2011-12-01,W,bus,1089263,False
2011-12-02,W,bus,1095431,False
2011-12-03,A,bus,662075,False
2011-12-04,U,bus,454576,False
2011-12-05,W,bus,1051712,False
2011-12-06,W,bus,1035064,False
2011-12-07,W,bus,1032787,False
2011-12-08,W,bus,1023297,False
2011-12-09,W,bus,1006182,False
2011-12-10,A,bus,604502,False
2011-12-11,U,bus,442689,False
2011-12-12,W,bus,988026,False
2011-12-13,W,bus,1002723,False
2011-12-14,W,bus,939524,True
2011-12-15,W,bus,994244,False
2011-12-16,W,bus,1006755,False
2011-12-17,A,bus,615724,False
2011-12-18,U,bus,455044,False
2011-12-19,W,bus,965235,False
2011-12-20,W,bus,951363,False
2011-12-21,W,bus,948139,False
2011-12-22,W,bus,901280,False
2011-12-23,W,bus,855427,False
2011-12-24,A,bus,509237,False
2011-12-25,U,bus,273257,True
2011-12-26,U,bus,463630,False
2011-12-27,W,bus,721508,False
2011-12-28,W,bus,747970,False
2011-12-29,W,bus,767769,False
2011-12-30,W,bus,762618,False
2011-12-31,A,bus,583259,False
2012-01-01,U,bus,338458,False
2012-01-02,U,bus,427028,False
2012-01-03,W,bus,810076,False
2012-01-04,W,bus,839010,False
2012-01-05,W,bus,841665,False
2012-01-06,W,bus,870446,False
2012-01-07,A,bus,583725,False
2012-01-08,U,bus,411272,False
2012-01-09,W,bus,968136,False
2012-01-10,W,bus,1019667,False
2012-01-11,W,bus,1036505,False
2012-01-12,W,bus,950402,False
2012-01-13,W,bus,940512,False
2012-01-14,A,bus,557653,False
2012-01-15,U,bus,402980,False
2012-01-16,W,bus,639506,True
2012-01-17,W,bus,1016429,False
2012-01-18,W,bus,1017072,False
2012-01-19,W,bus,983178,False
2012-01-20,W,bus,826497,True
2012-01-21,A,bus,552163,False
2012-01-22,U,bus,392633,False
2012-01-23,W,bus,1010116,False
2012-01-24,W,bus,1050018,False
2012-01-25,W,bus,1051823,False
2012-01-26,W,bus,1052929,False
2012-01-27,W,bus,968530,False
2012-01-28,A,bus,621329,False
2012-01-29,U,bus,416383,False
2012-01-30,W,bus,1023037,False
2012-01-31,W,bus,1059681,False
2012-02-01,W,bus,1111421,False
2012-02-02,W,bus,1081236,False
2012-02-03,W,bus,1014951,False
2012-02-04,A,bus,661534,False
2012-02-05,U,bus,462359,False
2012-02-06,W,bus,1038157,False
2012-02-07,W,bus,1040979,False
2012-02-08,W,bus,1069324,False
2012-02-09,W,bus,1065885,False
2012-02-10,W,bus,982329,False
2012-02-11,A,bus,591333,False
2012-02-12,U,bus,429977,False
2012-02-13,W,bus,882797,True
2012-02-14,W,bus,1077348,False
2012-02-15,W,bus,1051929,False
2012-02-16,W,bus,1058911,False
2012-02-17,W,bus,1058544,False
2012-02-18,A,bus,666760,False
2012-02-19,U,bus,475445,False
2012-02-20,W,bus,761004,True
2012-02-21,W,bus,1036038,False
2012-02-22,W,bus,1052160,False
2012-02-23,W,bus,1033787,False
2012-02-24,W,bus,989267,False
2012-02-25,A,bus,630649,False
2012-02-26,U,bus,448512,False
2012-02-27,W,bus,1023956,False
2012-02-28,W,bus,1039341,False
2012-02-29,W,bus,1055847,False
2012-03-01,W,bus,1075076,False
2012-03-02,W,bus,1031215,False
2012-03-03,A,bus,624519,False
2012-03-04,U,bus,441120,False
2012-03-05,W,bus,913762,True
2012-03-06,W,bus,1084176,False
2012-03-07,W,bus,1060619,False
2012-03-08,W,bus,1049305,False
2012-03-09,W,bus,1037776,False
2012-03-10,A,bus,681263,False
2012-03-11,U,bus,482075,False
2012-03-12,W,bus,1015965,False
2012-03-13,W,bus,1071861,False
2012-03-14,W,bus,1087551,False
2012-03-15,W,bus,1061219,False
2012-03-16,W,bus,1044828,False
2012-03-17,A,bus,755574,True
2012-03-18,U,bus,504213,False
2012-03-19,W,bus,1015401,False
2012-03-20,W,bus,1043797,False
2012-03-21,W,bus,1050000,False
2012-03-22,W,bus,1016361,False
2012-03-23,W,bus,945472,False
2012-03-24,A,bus,641412,False
2012-03-25,U,bus,470355,False
2012-03-26,W,bus,996549,False
2012-03-27,W,bus,1024173,False
2012-03-28,W,bus,1029545,False
2012-03-29,W,bus,1013994,False
2012-03-30,W,bus,1001257,False
2012-03-31,A,bus,646169,False
2012-04-01,U,bus,477703,False
2012-04-02,W,bus,935073,False
2012-04-03,W,bus,972756,False
2012-04-04,W,bus,954947,False
2012-04-05,W,bus,933666,False
2012-04-06,W,bus,861696,False
2012-04-07,A,bus,637466,False
2012-04-08,U,bus,429398,False
2012-04-09,W,bus,1010279,False
2012-04-10,W,bus,1038779,False
2012-04-11,W,bus,1053786,False
2012-04-12,W,bus,1050150,False
2012-04-13,W,bus,958166,False
2012-04-14,A,bus,644498,False
2012-04-15,U,bus,443006,False
2012-04-16,W,bus,996333,False
2012-04-17,W,bus,1056910,False
2012-04-18,W,bus,1031225,False
2012-04-19,W,bus,989282,False
2012-04-20,W,bus,994547,False
2012-04-21,A,bus,656064,False
2012-04-22,U,bus,448386,False
2012-04-23,W,bus,1031544,False
2012-04-24,W,bus,1003275,False
2012-04-25,W,bus,978891,False
2012-04-26,W,bus,1044469,False
2012-04-27,W,bus,1026691,False
2012-04-28,A,bus,592513,False
2012-04-29,U,bus,445246,False
2012-04-30,W,bus,977200,False
2012-05-01,W,bus,1073425,False
2012-05-02,W,bus,1060720,False
2012-05-03,W,bus,1086032,False
2012-05-04,W,bus,1054307,False
2012-05-05,A,bus,666613,False
2012-05-06,U,bus,434634,False
2012-05-07,W,bus,1000335,False
2012-05-08,W,bus,1062602,False
2012-05-09,W,bus,1041744,False
2012-05-10,W,bus,1036368,False
2012-05-11,W,bus,1042715,False
2012-05-12,A,bus,610945,False
2012-05-13,U,bus,455430,False
2012-05-14,W,bus,983231,False
2012-05-15,W,bus,1023348,False
2012-05-16,W,bus,1013654,False
2012-05-17,W,bus,1014361,False
2012-05-18,W,bus,980261,False
2012-05-19,A,bus,646682,False
2012-05-20,U,bus,445099,False
2012-05-21,W,bus,884516,True
2012-05-22,W,bus,1014156,False
2012-05-23,W,bus,1019498,False
2012-05-24,W,bus,1016089,False
2012-05-25,W,bus,1005567,False
2012-05-26,A,bus,636093,False
2012-05-27,U,bus,502724,True
2012-05-28,U,bus,463763,False
2012-05-29,W,bus,1012629,False
2012-05-30,W,bus,1001845,False
2012-05-31,W,bus,910804,True
2012-06-01,W,bus,1034827,False
2012-06-02,A,bus,698536,False
2012-06-03,U,bus,512841,False
2012-06-04,W,bus,1035294,False
2012-06-05,W,bus,1048003,False
2012-06-06,W,bus,1033815,False
2012-06-07,W,bus,1031503,False
2012-06-08,W,bus,1023786,False
2012-06-09,A,bus,704117,False
2012-06-10,U,bus,509071,False
2012-06-11,W,bus,985578,False
2012-06-12,W,bus,1003612,False
2012-06-13,W,bus,986995,False
2012-06-14,W,bus,959511,False
2012-06-15,W,bus,996431,False
2012-06-16,A,bus,673257,False
2012-06-17,U,bus,497166,False
2012-06-18,W,bus,899886,False
2012-06-19,W,bus,934909,False
2012-06-20,W,bus,945821,False
2012-06-21,W,bus,931983,False
2012-06-22,W,bus,958498,False
2012-06-23,A,bus,676430,False
2012-06-24,U,bus,513132,False
2012-06-25,W,bus,933417,False
2012-06-26,W,bus,952845,False
2012-06-27,W,bus,957566,False
2012-06-28,W,bus,880771,False
2012-06-29,W,bus,925177,False
2012-06-30,A,bus,683644,False
2012-07-01,U,bus,474631,False
2012-07-02,W,bus,929572,False
2012-07-03,W,bus,976022,False
2012-07-04,U,bus,511376,False
2012-07-05,W,bus,833954,False
2012-07-06,W,bus,852806,False
2012-07-07,A,bus,628380,False
2012-07-08,U,bus,490561,False
2012-07-09,W,bus,934404,False
2012-07-10,W,bus,958191,False
2012-07-11,W,bus,982452,False
2012-07-12,W,bus,973681,False
2012-07-13,W,bus,918812,False
2012-07-14,A,bus,662503,False
2012-07-15,U,bus,520254,False
2012-07-16,W,bus,927149,False
2012-07-17,W,bus,916666,False
2012-07-18,W,bus,947611,False
2012-07-19,W,bus,929760,False
2012-07-20,W,bus,950944,False
2012-07-21,A,bus,682249,False
2012-07-22,U,bus,481281,False
2012-07-23,W,bus,915219,False
2012-07-24,W,bus,902916,False
2012-07-25,W,bus,930185,False
2012-07-26,W,bus,945792,False
2012-07-27,W,bus,947151,False
2012-07-28,A,bus,686178,False
2012-07-29,U,bus,488506,False
2012-07-30,W,bus,907631,False
2012-07-31,W,bus,927014,False
2012-08-01,W,bus,993124,True
2012-08-02,W,bus,956268,False
2012-08-03,W,bus,997248,True
2012-08-04,A,bus,639837,False
2012-08-05,U,bus,520813,False
2012-08-06,W,bus,930469,False
2012-08-07,W,bus,939745,False
2012-08-08,W,bus,937937,False
2012-08-09,W,bus,910038,False
2012-08-10,W,bus,939807,False
2012-08-11,A,bus,634529,False
2012-08-12,U,bus,485254,False
2012-08-13,W,bus,862334,False
2012-08-14,W,bus,952867,False
2012-08-15,W,bus,969450,False
2012-08-16,W,bus,894461,False
2012-08-17,W,bus,985722,False
2012-08-18,A,bus,711680,False
2012-08-19,U,bus,526215,False
2012-08-20,W,bus,932342,False
2012-08-21,W,bus,989240,False
2012-08-22,W,bus,993443,False
2012-08-23,W,bus,996707,False
2012-08-24,W,bus,995467,False
2012-08-25,A,bus,682483,False
2012-08-26,U,bus,425118,False
2012-08-27,W,bus,999090,False
2012-08-28,W,bus,1022555,False
2012-08-29,W,bus,1019369,False
2012-08-30,W,bus,1009624,False
2012-08-31,W,bus,1051323,False
2012-09-01,A,bus,670752,False
2012-09-02,U,bus,522696,False
2012-09-03,U,bus,509576,False
2012-09-04,W,bus,1101066,False
2012-09-05,W,bus,1081742,False
2012-09-06,W,bus,1106785,False
2012-09-07,W,bus,1057006,False
2012-09-08,A,bus,697211,False
2012-09-09,U,bus,491612,False
2012-09-10,W,bus,980800,False
2012-09-11,W,bus,1026114,False
2012-09-12,W,bus,1024605,False
2012-09-13,W,bus,991316,False
2012-09-14,W,bus,1023073,False
2012-09-15,A,bus,707625,False
2012-09-16,U,bus,497209,False
2012-09-17,W,bus,972361,False
2012-09-18,W,bus,1009476,False
2012-09-19,W,bus,1090006,False
2012-09-20,W,bus,1087075,False
2012-09-21,W,bus,1043281,False
2012-09-22,A,bus,669729,False
2012-09-23,U,bus,494049,False
2012-09-24,W,bus,1067116,False
2012-09-25,W,bus,1093445,False
2012-09-26,W,bus,1088775,False
2012-09-27,W,bus,1082616,False
2012-09-28,W,bus,1080818,False
2012-09-29,A,bus,715790,False
2012-09-30,U,bus,495883,False
2012-10-01,W,bus,1117666,False
2012-10-02,W,bus,1108031,False
2012-10-03,W,bus,1115762,False
2012-10-04,W,bus,1099004,False
2012-10-05,W,bus,1069580,False
2012-10-06,A,bus,670397,False
2012-10-07,U,bus,449748,False
2012-10-08,W,bus,977879,True
2012-10-09,W,bus,1088484,False
2012-10-10,W,bus,1079860,False
2012-10-11,W,bus,1085498,False
2012-10-12,W,bus,1067152,False
2012-10-13,A,bus,604421,False
2012-10-14,U,bus,443009,False
2012-10-15,W,bus,1071312,False
2012-10-16,W,bus,1081929,False
2012-10-17,W,bus,1057430,False
2012-10-18,W,bus,1059957,False
2012-10-19,W,bus,1051902,False
2012-10-20,A,bus,696516,False
2012-10-21,U,bus,493474,False
2012-10-22,W,bus,1003315,True
2012-10-23,W,bus,1043067,False
2012-10-24,W,bus,1081481,False
2012-10-25,W,bus,1027919,False
2012-10-26,W,bus,1039677,False
2012-10-27,A,bus,664877,False
2012-10-28,U,bus,454048,False
2012-10-29,W,bus,1035050,False
2012-10-30,W,bus,1012512,False
2012-10-31,W,bus,1042048,False
2012-11-01,W,bus,1092827,False
2012-11-02,W,bus,1087124,False
2012-11-03,A,bus,675546,False
2012-11-04,U,bus,486060,False
2012-11-05,W,bus,1069691,False
2012-11-06,W,bus,1050908,False
2012-11-07,W,bus,1053498,False
2012-11-08,W,bus,1064006,False
2012-11-09,W,bus,1065181,False
2012-11-10,A,bus,650416,False
2012-11-11,U,bus,479696,False
2012-11-12,W,bus,823600,True
2012-11-13,W,bus,1004272,True
2012-11-14,W,bus,1059509,False
2012-11-15,W,bus,1058314,False
2012-11-16,W,bus,1057000,False
2012-11-17,A,bus,675393,False
2012-11-18,U,bus,472178,False
2012-11-19,W,bus,1047309,False
2012-11-20,W,bus,1049100,False
2012-11-21,W,bus,990069,False
2012-11-22,U,bus,363466,False
2012-11-23,W,bus,589493,True
2012-11-24,A,bus,476658,True
2012-11-25,U,bus,417727,False
2012-11-26,W,bus,1006387,False
2012-11-27,W,bus,1016872,False
2012-11-28,W,bus,1030518,False
2012-11-29,W,bus,1028698,False
2012-11-30,W,bus,1075641,False
2012-12-01,A,bus,686669,False
2012-12-02,U,bus,484623,False
2012-12-03,W,bus,1069024,False
2012-12-04,W,bus,1067467,False
2012-12-05,W,bus,1054367,False
2012-12-06,W,bus,1030407,False
2012-12-07,W,bus,1038662,False
2012-12-08,A,bus,642192,False
2012-12-09,U,bus,418807,False
2012-12-10,W,bus,973051,False
2012-12-11,W,bus,995089,False
2012-12-12,W,bus,999666,False
2012-12-13,W,bus,999296,False
2012-12-14,W,bus,1022704,False
2012-12-15,A,bus,597413,False
2012-12-16,U,bus,450355,False
2012-12-17,W,bus,953565,False
2012-12-18,W,bus,950660,False
2012-12-19,W,bus,965895,False
2012-12-20,W,bus,876460,False
2012-12-21,W,bus,871165,False
2012-12-22,A,bus,578361,False
2012-12-23,U,bus,486169,False
2012-12-24,W,bus,545733,False
2012-12-25,U,bus,242609,False
2012-12-26,W,bus,616049,False
2012-12-27,W,bus,710150,False
2012-12-28,W,bus,753950,False
2012-12-29,A,bus,547238,False
2012-12-30,U,bus,405207,False
2012-12-31,W,bus,672602,False
2013-01-01,U,bus,338644,False
2013-01-02,W,bus,747631,False
2013-01-03,W,bus,857744,False
2013-01-04,W,bus,875485,False
2013-01-05,A,bus,549303,False
2013-01-06,U,bus,399770,False
2013-01-07,W,bus,951511,False
2013-01-08,W,bus,975824,False
2013-01-09,W,bus,989291,False
2013-01-10,W,bus,964506,False
2013-01-11,W,bus,991875,False
2013-01-12,A,bus,597811,False
2013-01-13,U,bus,379108,False
2013-01-14,W,bus,964972,False
2013-01-15,W,bus,1000831,False
2013-01-16,W,bus,1000782,False
2013-01-17,W,bus,1003351,False
2013-01-18,W,bus,995226,False
2013-01-19,A,bus,592561,False
2013-01-20,U,bus,372131,False
2013-01-21,W,bus,549385,True
2013-01-22,W,bus,865232,False
2013-01-23,W,bus,952105,False
2013-01-24,W,bus,958057,False
2013-01-25,W,bus,920833,False
2013-01-26,A,bus,560544,False
2013-01-27,U,bus,360109,False
2013-01-28,W,bus,1000004,False
2013-01-29,W,bus,1009440,False
2013-01-30,W,bus,997461,False
2013-01-31,W,bus,955113,False
2013-02-01,W,bus,878531,False
2013-02-02,A,bus,554095,False
2013-02-03,U,bus,396422,False
2013-02-04,W,bus,983474,False
2013-02-05,W,bus,1021386,False
2013-02-06,W,bus,1035100,False
2013-02-07,W,bus,973458,False
2013-02-08,W,bus,994675,False
2013-02-09,A,bus,611263,False
2013-02-10,U,bus,392914,False
2013-02-11,W,bus,994224,False
2013-02-12,W,bus,901097,False
2013-02-13,W,bus,1070447,False
2013-02-14,W,bus,1054969,False
2013-02-15,W,bus,1013485,False
2013-02-16,A,bus,598259,False
2013-02-17,U,bus,445505,False
2013-02-18,W,bus,830133,False
2013-02-19,W,bus,961489,False
2013-02-20,W,bus,995286,False
2013-02-21,W,bus,1012672,False
2013-02-22,W,bus,944394,False
2013-02-23,A,bus,597852,False
2013-02-24,U,bus,426783,False
2013-02-25,W,bus,1032337,False
2013-02-26,W,bus,917610,False
2013-02-27,W,bus,1004620,False
2013-02-28,W,bus,1011461,False
2013-03-01,W,bus,1030897,False
2013-03-02,A,bus,641791,False
2013-03-03,U,bus,451612,False
2013-03-04,W,bus,1046582,False
2013-03-05,W,bus,915814,False
2013-03-06,W,bus,1000963,False
2013-03-07,W,bus,1039889,False
2013-03-08,W,bus,1047924,False
2013-03-09,A,bus,619396,False
2013-03-10,U,bus,417260,False
2013-03-11,W,bus,1009909,False
2013-03-12,W,bus,1017656,False
2013-03-13,W,bus,1034585,False
2013-03-14,W,bus,1033042,False
2013-03-15,W,bus,1002907,False
2013-03-16,A,bus,626782,False
2013-03-17,U,bus,433504,False
2013-03-18,W,bus,971804,False
2013-03-19,W,bus,990010,False
2013-03-20,W,bus,980735,False
2013-03-21,W,bus,999714,False
2013-03-22,W,bus,1003565,False
2013-03-23,A,bus,609394,False
2013-03-24,U,bus,401250,False
2013-03-25,W,bus,828707,False
2013-03-26,W,bus,876069,False
2013-03-27,W,bus,880496,False
2013-03-28,W,bus,893443,False
2013-03-29,W,bus,829810,False
2013-03-30,A,bus,594213,False
2013-03-31,U,bus,402842,False
2013-04-01,W,bus,980489,False
2013-04-02,W,bus,993149,False
2013-04-03,W,bus,1034924,False
2013-04-04,W,bus,1015284,False
2013-04-05,W,bus,996072,False
2013-04-06,A,bus,611381,False
2013-04-07,U,bus,440588,False
2013-04-08,W,bus,977325,False
2013-04-09,W,bus,999444,False
2013-04-10,W,bus,960903,False
2013-04-11,W,bus,982894,False
2013-04-12,W,bus,994973,False
2013-04-13,A,bus,600393,False
2013-04-14,U,bus,450337,False
2013-04-15,W,bus,992589,False
2013-04-16,W,bus,1014884,False
2013-04-17,W,bus,915006,False
2013-04-18,W,bus,811655,False
2013-04-19,W,bus,959757,False
2013-04-20,A,bus,615433,False
2013-04-21,U,bus,441267,False
2013-04-22,W,bus,1001200,False
2013-04-23,W,bus,922329,False
2013-04-24,W,bus,952859,False
2013-04-25,W,bus,1008224,False
2013-04-26,W,bus,999388,False
2013-04-27,A,bus,654086,False
2013-04-28,U,bus,455561,False
2013-04-29,W,bus,1009306,False
2013-04-30,W,bus,1029285,False
2013-05-01,W,bus,1077184,True
2013-05-02,W,bus,1028782,False
2013-05-03,W,bus,1023402,False
2013-05-04,A,bus,655097,False
2013-05-05,U,bus,471437,False
2013-05-06,W,bus,1017895,False
2013-05-07,W,bus,1022360,False
2013-05-08,W,bus,1025713,False
2013-05-09,W,bus,1003192,False
2013-05-10,W,bus,972916,False
2013-05-11,A,bus,603110,False
2013-05-12,U,bus,414976,False
2013-05-13,W,bus,961814,True
2013-05-14,W,bus,1006636,False
2013-05-15,W,bus,995042,False
2013-05-16,W,bus,982565,False
2013-05-17,W,bus,966483,False
2013-05-18,A,bus,625752,False
2013-05-19,U,bus,485211,False
2013-05-20,W,bus,1008704,False
2013-05-21,W,bus,1013059,False
2013-05-22,W,bus,982149,False
2013-05-23,W,bus,987008,False
2013-05-24,W,bus,1010765,False
2013-05-25,A,bus,600972,False
2013-05-26,U,bus,460009,False
2013-05-27,U,bus,415696,False
2013-05-28,W,bus,982424,False
2013-05-29,W,bus,1014424,False
2013-05-30,W,bus,996198,False
2013-05-31,W,bus,1044620,False
2013-06-01,A,bus,631022,False
2013-06-02,U,bus,439719,False
2013-06-03,W,bus,1054416,False
2013-06-04,W,bus,1044555,False
2013-06-05,W,bus,1024709,False
2013-06-06,W,bus,1021552,False
2013-06-07,W,bus,1030362,False
2013-06-08,A,bus,661759,False
2013-06-09,U,bus,473625,False
2013-06-10,W,bus,993550,False
2013-06-11,W,bus,1027027,False
2013-06-12,W,bus,969474,False
2013-06-13,W,bus,1031992,False
2013-06-14,W,bus,1033513,False
2013-06-15,A,bus,624345,False
2013-06-16,U,bus,479896,False
2013-06-17,W,bus,969085,False
2013-06-18,W,bus,975403,False
2013-06-19,W,bus,990561,False
2013-06-20,W,bus,974707,False
2013-06-21,W,bus,917934,False
2013-06-22,A,bus,633702,False
2013-06-23,U,bus,479321,False
2013-06-24,W,bus,920436,False
2013-06-25,W,bus,888128,False
2013-06-26,W,bus,866326,False
2013-06-27,W,bus,913619,False
2013-06-28,W,bus,898642,False
2013-06-29,A,bus,620304,False
2013-06-30,U,bus,488073,False
2013-07-01,W,bus,946062,False
2013-07-02,W,bus,911309,False
2013-07-03,W,bus,945848,False
2013-07-04,U,bus,525424,False
2013-07-05,W,bus,806355,False
2013-07-06,A,bus,619632,False
2013-07-07,U,bus,467091,False
2013-07-08,W,bus,863581,False
2013-07-09,W,bus,928137,False
2013-07-10,W,bus,961940,False
2013-07-11,W,bus,958922,False
2013-07-12,W,bus,928925,False
2013-07-13,A,bus,662483,False
2013-07-14,U,bus,487170,False
2013-07-15,W,bus,904464,False
2013-07-16,W,bus,924281,False
2013-07-17,W,bus,922657,False
2013-07-18,W,bus,904388,False
2013-07-19,W,bus,897959,False
2013-07-20,A,bus,646339,False
2013-07-21,U,bus,469900,False
2013-07-22,W,bus,903084,False
2013-07-23,W,bus,919858,False
2013-07-24,W,bus,928256,False
2013-07-25,W,bus,919260,False
2013-07-26,W,bus,890066,False
2013-07-27,A,bus,614357,False
2013-07-28,U,bus,455742,False
2013-07-29,W,bus,894999,False
2013-07-30,W,bus,894122,False
2013-07-31,W,bus,898783,False
2013-08-01,W,bus,950707,False
2013-08-02,W,bus,918087,False
2013-08-03,A,bus,667710,False
2013-08-04,U,bus,475029,False
2013-08-05,W,bus,885007,False
2013-08-06,W,bus,914261,False
2013-08-07,W,bus,898114,False
2013-08-08,W,bus,912994,False
2013-08-09,W,bus,906417,False
2013-08-10,A,bus,642566,False
2013-08-11,U,bus,459030,False
2013-08-12,W,bus,848703,False
2013-08-13,W,bus,883243,False
2013-08-14,W,bus,882740,False
2013-08-15,W,bus,877526,False
2013-08-16,W,bus,890423,False
2013-08-17,A,bus,634078,False
2013-08-18,U,bus,472515,False
2013-08-19,W,bus,859701,False
2013-08-20,W,bus,894283,False
2013-08-21,W,bus,894827,False
2013-08-22,W,bus,855068,False
2013-08-23,W,bus,932928,False
2013-08-24,A,bus,632311,False
2013-08-25,U,bus,463843,False
2013-08-26,W,bus,1020173,False
2013-08-27,W,bus,1032675,False
2013-08-28,W,bus,1019457,False
2013-08-29,W,bus,1048608,False
2013-08-30,W,bus,1025684,False
2013-08-31,A,bus,596363,False
2013-09-01,U,bus,493648,True
2013-09-02,U,bus,454573,False
2013-09-03,W,bus,1089544,False
2013-09-04,W,bus,1077803,False
2013-09-05,W,bus,1059826,False
2013-09-06,W,bus,1067536,False
2013-09-07,A,bus,634809,False
2013-09-08,U,bus,459104,False
2013-09-09,W,bus,1052783,False
2013-09-10,W,bus,1034136,False
2013-09-11,W,bus,1047538,False
2013-09-12,W,bus,1050318,False
2013-09-13,W,bus,1036536,False
2013-09-14,A,bus,632081,False
2013-09-15,U,bus,409765,True
2013-09-16,W,bus,1033555,False
2013-09-17,W,bus,1049035,False
2013-09-18,W,bus,1023243,False
2013-09-19,W,bus,1000885,False
2013-09-20,W,bus,1034561,False
2013-09-21,A,bus,629564,False
2013-09-22,U,bus,445308,False
2013-09-23,W,bus,1026469,False
2013-09-24,W,bus,1041341,False
2013-09-25,W,bus,1055790,False
2013-09-26,W,bus,1047323,False
2013-09-27,W,bus,1034355,False
2013-09-28,A,bus,635517,True
2013-09-29,U,bus,439655,False
2013-09-30,W,bus,1007775,False
2013-10-01,W,bus,1100251,False
2013-10-02,W,bus,1060370,False
2013-10-03,W,bus,1073368,False
2013-10-04,W,bus,1055644,False
2013-10-05,A,bus,606526,False
2013-10-06,U,bus,468784,False
2013-10-07,W,bus,1033503,False
2013-10-08,W,bus,1062411,False
2013-10-09,W,bus,1056846,False
2013-10-10,W,bus,1041043,False
2013-10-11,W,bus,1033797,False
2013-10-12,A,bus,597479,False
2013-10-13,U,bus,433578,False
2013-10-14,W,bus,836533,True
2013-10-15,W,bus,1005851,False
2013-10-16,W,bus,1017742,False
2013-10-17,W,bus,1025838,False
2013-10-18,W,bus,1024958,False
2013-10-19,A,bus,599201,False
2013-10-20,U,bus,417109,False
2013-10-21,W,bus,972502,False
2013-10-22,W,bus,948098,False
2013-10-23,W,bus,993612,False
2013-10-24,W,bus,1007402,False
2013-10-25,W,bus,986527,False
2013-10-26,A,bus,578216,True
2013-10-27,U,bus,413217,False
2013-10-28,W,bus,982644,False
2013-10-29,W,bus,976102,False
2013-10-30,W,bus,967902,False
2013-10-31,W,bus,956055,False
2013-11-01,W,bus,937537,False
2013-11-02,A,bus,593170,False
2013-11-03,U,bus,430036,False
2013-11-04,W,bus,978017,False
2013-11-05,W,bus,982549,False
2013-11-06,W,bus,965938,False
2013-11-07,W,bus,974582,False
2013-11-08,W,bus,974269,False
2013-11-09,A,bus,589432,False
2013-11-10,U,bus,426989,False
2013-11-11,W,bus,727925,True
2013-11-12,W,bus,884181,True
2013-11-13,W,bus,967800,False
2013-11-14,W,bus,968420,False
2013-11-15,W,bus,972734,False
2013-11-16,A,bus,548828,False
2013-11-17,U,bus,343928,False
2013-11-18,W,bus,948312,False
2013-11-19,W,bus,972260,False
2013-11-20,W,bus,974233,False
2013-11-21,W,bus,967167,False
2013-11-22,W,bus,955058,False
2013-11-23,A,bus,535573,False
2013-11-24,U,bus,362949,False
2013-11-25,W,bus,898537,False
2013-11-26,W,bus,913171,False
2013-11-27,W,bus,785887,False
2013-11-28,U,bus,316200,False
2013-11-29,W,bus,625605,True
2013-11-30,A,bus,594111,False
2013-12-01,U,bus,393065,False
2013-12-02,W,bus,966367,False
2013-12-03,W,bus,1011416,False
2013-12-04,W,bus,1022579,False
2013-12-05,W,bus,956982,False
2013-12-06,W,bus,933388,False
2013-12-07,A,bus,523861,False
2013-12-08,U,bus,356936,False
2013-12-09,W,bus,904306,False
2013-12-10,W,bus,884567,False
2013-12-11,W,bus,888272,False
2013-12-12,W,bus,864926,False
2013-12-13,W,bus,930494,False
2013-12-14,A,bus,508408,False
2013-12-15,U,bus,357251,False
2013-12-16,W,bus,856591,False
2013-12-17,W,bus,883958,False
2013-12-18,W,bus,900934,False
2013-12-19,W,bus,888294,False
2013-12-20,W,bus,885107,False
2013-12-21,A,bus,513799,False
2013-12-22,U,bus,374537,False
2013-12-23,W,bus,691365,False
2013-12-24,W,bus,474089,True
2013-12-25,U,bus,218166,True
2013-12-26,W,bus,557420,False
2013-12-27,W,bus,659876,False
2013-12-28,A,bus,506219,False
2013-12-29,U,bus,335610,False
2013-12-30,W,bus,604796,False
2013-12-31,W,bus,595963,False
2014-01-01,U,bus,281657,False
2014-01-02,W,bus,601103,False
2014-01-03,W,bus,691262,False
2014-01-04,A,bus,469542,False
2014-01-05,U,bus,268582,False
2014-01-06,W,bus,311075,True
2014-01-07,W,bus,489810,False
2014-01-08,W,bus,806256,False
2014-01-09,W,bus,860867,False
2014-01-10,W,bus,872079,False
2014-01-11,A,bus,526267,False
2014-01-12,U,bus,387031,False
2014-01-13,W,bus,948883,False
2014-01-14,W,bus,923401,False
2014-01-15,W,bus,940266,False
2014-01-16,W,bus,927231,False
2014-01-17,W,bus,909353,False
2014-01-18,A,bus,480918,False
2014-01-19,U,bus,372608,False
2014-01-20,W,bus,599662,False
2014-01-21,W,bus,855515,False
2014-01-22,W,bus,872967,False
2014-01-23,W,bus,825049,False
2014-01-24,W,bus,763075,False
2014-01-25,A,bus,490314,False
2014-01-26,U,bus,337328,False
2014-01-27,W,bus,502031,True
2014-01-28,W,bus,519517,True
2014-01-29,W,bus,889744,False
2014-01-30,W,bus,902855,False
2014-01-31,W,bus,930172,False
2014-02-01,A,bus,497989,False
2014-02-02,U,bus,377994,False
2014-02-03,W,bus,931825,False
2014-02-04,W,bus,946438,False
2014-02-05,W,bus,828739,False
2014-02-06,W,bus,888288,False
2014-02-07,W,bus,873759,False
2014-02-08,A,bus,513518,False
2014-02-09,U,bus,385739,False
2014-02-10,W,bus,888500,False
2014-02-11,W,bus,923651,False
2014-02-12,W,bus,842139,False
2014-02-13,W,bus,975061,False
2014-02-14,W,bus,961152,False
2014-02-15,A,bus,567619,False
2014-02-16,U,bus,401088,False
2014-02-17,W,bus,695931,True
2014-02-18,W,bus,947147,False
2014-02-19,W,bus,974552,False
2014-02-20,W,bus,893699,False
2014-02-21,W,bus,926827,False
2014-02-22,A,bus,570349,False
2014-02-23,U,bus,392042,False
2014-02-24,W,bus,925043,False
2014-02-25,W,bus,933471,False
2014-02-26,W,bus,884516,False
2014-02-27,W,bus,876615,False
2014-02-28,W,bus,936301,False
2014-03-01,A,bus,559952,False
2014-03-02,U,bus,371300,False
2014-03-03,W,bus,900837,False
2014-03-04,W,bus,953477,False
2014-03-05,W,bus,918971,False
2014-03-06,W,bus,962802,False
2014-03-07,W,bus,958096,False
2014-03-08,A,bus,553250,False
2014-03-09,U,bus,405308,False
2014-03-10,W,bus,959467,False
2014-03-11,W,bus,959134,False
2014-03-12,W,bus,868232,False
2014-03-13,W,bus,940113,False
2014-03-14,W,bus,955810,False
2014-03-15,A,bus,593789,False
2014-03-16,U,bus,371881,False
2014-03-17,W,bus,932779,False
2014-03-18,W,bus,959483,False
2014-03-19,W,bus,920270,False
2014-03-20,W,bus,957032,False
2014-03-21,W,bus,959387,False
2014-03-22,A,bus,597815,False
2014-03-23,U,bus,418299,False
2014-03-24,W,bus,923396,False
2014-03-25,W,bus,928067,False
2014-03-26,W,bus,961287,False
2014-03-27,W,bus,927050,False
2014-03-28,W,bus,944696,False
2014-03-29,A,bus,572055,False
2014-03-30,U,bus,432880,False
2014-03-31,W,bus,940176,False
2014-04-01,W,bus,986346,False
2014-04-02,W,bus,952475,False
2014-04-03,W,bus,917123,False
2014-04-04,W,bus,941118,False
2014-04-05,A,bus,599182,False
2014-04-06,U,bus,435676,False
2014-04-07,W,bus,913081,False
2014-04-08,W,bus,913012,False
2014-04-09,W,bus,977698,False
2014-04-10,W,bus,947682,False
2014-04-11,W,bus,953384,False
2014-04-12,A,bus,574622,False
2014-04-13,U,bus,390666,False
2014-04-14,W,bus,792277,False
2014-04-15,W,bus,844484,False
2014-04-16,W,bus,866995,False
2014-04-17,W,bus,864791,False
2014-04-18,W,bus,814560,False
2014-04-19,A,bus,568016,False
2014-04-20,U,bus,399289,False
2014-04-21,W,bus,876478,False
2014-04-22,W,bus,938052,False
2014-04-23,W,bus,911681,False
2014-04-24,W,bus,893970,False
2014-04-25,W,bus,936028,False
2014-04-26,A,bus,580601,False
2014-04-27,U,bus,400302,False
2014-04-28,W,bus,884033,False
2014-04-29,W,bus,919869,False
2014-04-30,W,bus,925494,False
2014-05-01,W,bus,985012,False
2014-05-02,W,bus,981085,False
2014-05-03,A,bus,632332,False
2014-05-04,U,bus,429710,False
2014-05-05,W,bus,963691,False
2014-05-06,W,bus,974250,False
2014-05-07,W,bus,967197,False
2014-05-08,W,bus,968856,False
2014-05-09,W,bus,921741,False
2014-05-10,A,bus,608188,False
2014-05-11,U,bus,402497,False
2014-05-12,W,bus,880457,False
2014-05-13,W,bus,904717,False
2014-05-14,W,bus,916259,False
2014-05-15,W,bus,890597,False
2014-05-16,W,bus,900252,False
2014-05-17,A,bus,579674,False
2014-05-18,U,bus,434998,False
2014-05-19,W,bus,885010,False
2014-05-20,W,bus,922226,False
2014-05-21,W,bus,925959,False
2014-05-22,W,bus,908285,False
2014-05-23,W,bus,906712,False
2014-05-24,A,bus,575483,False
2014-05-25,U,bus,450296,False
2014-05-26,U,bus,413568,False
2014-05-27,W,bus,880521,False
2014-05-28,W,bus,905284,False
2014-05-29,W,bus,901067,False
2014-05-30,W,bus,934382,False
2014-05-31,A,bus,600856,False
2014-06-01,U,bus,445596,False
2014-06-02,W,bus,864622,False
2014-06-03,W,bus,936306,False
2014-06-04,W,bus,879397,False
2014-06-05,W,bus,910818,False
2014-06-06,W,bus,906586,False
2014-06-07,A,bus,585247,False
2014-06-08,U,bus,429503,False
2014-06-09,W,bus,878784,False
2014-06-10,W,bus,859477,False
2014-06-11,W,bus,870560,False
2014-06-12,W,bus,880810,False
2014-06-13,W,bus,881991,False
2014-06-14,A,bus,581799,False
2014-06-15,U,bus,410273,False
2014-06-16,W,bus,796802,False
2014-06-17,W,bus,806325,False
2014-06-18,W,bus,766725,False
2014-06-19,W,bus,803296,False
2014-06-20,W,bus,813597,False
2014-06-21,A,bus,537612,False
2014-06-22,U,bus,452933,False
2014-06-23,W,bus,825185,False
2014-06-24,W,bus,859711,False
2014-06-25,W,bus,874922,False
2014-06-26,W,bus,883107,False
2014-06-27,W,bus,879565,False
2014-06-28,A,bus,574082,False
2014-06-29,U,bus,428350,False
2014-06-30,W,bus,766381,False
2014-07-01,W,bus,855553,False
2014-07-02,W,bus,824805,False
2014-07-03,W,bus,856556,False
2014-07-04,U,bus,478993,False
2014-07-05,A,bus,513494,True
2014-07-06,U,bus,410521,False
2014-07-07,W,bus,821674,False
2014-07-08,W,bus,836929,False
2014-07-09,W,bus,855793,False
2014-07-10,W,bus,854968,False
2014-07-11,W,bus,839507,False
2014-07-12,A,bus,497531,True
2014-07-13,U,bus,437544,False
2014-07-14,W,bus,803242,False
2014-07-15,W,bus,828927,False
2014-07-16,W,bus,844384,False
2014-07-17,W,bus,837907,False
2014-07-18,W,bus,839720,False
2014-07-19,A,bus,578126,False
2014-07-20,U,bus,423665,False
2014-07-21,W,bus,821289,False
2014-07-22,W,bus,825700,False
2014-07-23,W,bus,838958,False
2014-07-24,W,bus,833052,False
2014-07-25,W,bus,813032,False
2014-07-26,A,bus,563247,False
2014-07-27,U,bus,423806,False
2014-07-28,W,bus,810122,False
2014-07-29,W,bus,810857,False
2014-07-30,W,bus,815885,False
2014-07-31,W,bus,819409,False
2014-08-01,W,bus,841692,False
2014-08-02,A,bus,592660,False
2014-08-03,U,bus,420667,False
2014-08-04,W,bus,798672,False
2014-08-05,W,bus,824134,False
2014-08-06,W,bus,827073,False
2014-08-07,W,bus,827473,False
2014-08-08,W,bus,836918,False
2014-08-09,A,bus,582607,False
2014-08-10,U,bus,427882,False
2014-08-11,W,bus,772003,False
2014-08-12,W,bus,772713,False
2014-08-13,W,bus,817833,False
2014-08-14,W,bus,810388,False
2014-08-15,W,bus,820884,False
2014-08-16,A,bus,583313,False
2014-08-17,U,bus,422345,False
2014-08-18,W,bus,786527,False
2014-08-19,W,bus,787767,False
2014-08-20,W,bus,829572,False
2014-08-21,W,bus,771537,False
2014-08-22,W,bus,816652,False
2014-08-23,A,bus,517416,True
2014-08-24,U,bus,432777,False
2014-08-25,W,bus,787836,False
2014-08-26,W,bus,858520,False
2014-08-27,W,bus,874420,False
2014-08-28,W,bus,867478,False
2014-08-29,W,bus,871087,False
2014-08-30,A,bus,581944,False
2014-08-31,U,bus,451820,True
2014-09-01,U,bus,419182,False
2014-09-02,W,bus,952266,False
2014-09-03,W,bus,985184,False
2014-09-04,W,bus,942676,False
2014-09-05,W,bus,933196,False
2014-09-06,A,bus,593846,False
2014-09-07,U,bus,427686,False
2014-09-08,W,bus,956395,False
2014-09-09,W,bus,967610,False
2014-09-10,W,bus,898549,False
2014-09-11,W,bus,953091,False
2014-09-12,W,bus,929062,False
2014-09-13,A,bus,584842,False
2014-09-14,U,bus,431379,False
2014-09-15,W,bus,924594,False
2014-09-16,W,bus,964802,False
2014-09-17,W,bus,975664,False
2014-09-18,W,bus,967453,False
2014-09-19,W,bus,955896,False
2014-09-20,A,bus,566053,False
2014-09-21,U,bus,417931,False
2014-09-22,W,bus,947353,False
2014-09-23,W,bus,960506,False
2014-09-24,W,bus,961323,False
2014-09-25,W,bus,963447,False
2014-09-26,W,bus,957961,False
2014-09-27,A,bus,592901,False
2014-09-28,U,bus,423502,False
2014-09-29,W,bus,934648,True
2014-09-30,W,bus,945847,False
2014-10-01,W,bus,1010778,True
2014-10-02,W,bus,960602,False
2014-10-03,W,bus,954675,False
2014-10-04,A,bus,557711,False
2014-10-05,U,bus,420636,False
2014-10-06,W,bus,957372,False
2014-10-07,W,bus,971693,False
2014-10-08,W,bus,972010,False
2014-10-09,W,bus,969095,False
2014-10-10,W,bus,954800,False
2014-10-11,A,bus,584377,False
2014-10-12,U,bus,389901,False
2014-10-13,W,bus,743512,True
2014-10-14,W,bus,914687,False
2014-10-15,W,bus,956165,False
2014-10-16,W,bus,959217,False
2014-10-17,W,bus,949303,False
2014-10-18,A,bus,567859,False
2014-10-19,U,bus,424169,False
2014-10-20,W,bus,939282,False
2014-10-21,W,bus,947668,False
2014-10-22,W,bus,959209,False
2014-10-23,W,bus,949675,False
2014-10-24,W,bus,943435,False
2014-10-25,A,bus,586281,False
2014-10-26,U,bus,410811,False
2014-10-27,W,bus,940038,False
2014-10-28,W,bus,953363,False
2014-10-29,W,bus,944219,False
2014-10-30,W,bus,951547,False
2014-10-31,W,bus,894082,True
2014-11-01,A,bus,556675,False
2014-11-02,U,bus,416049,False
2014-11-03,W,bus,995821,False
2014-11-04,W,bus,971255,False
2014-11-05,W,bus,990008,False
2014-11-06,W,bus,941564,False
2014-11-07,W,bus,873365,False
2014-11-08,A,bus,563782,False
2014-11-09,U,bus,411806,False
2014-11-10,W,bus,938000,False
2014-11-11,W,bus,759033,False
2014-11-12,W,bus,911664,False
2014-11-13,W,bus,866929,False
2014-11-14,W,bus,911150,False
2014-11-15,A,bus,532937,False
2014-11-16,U,bus,372383,False
2014-11-17,W,bus,863661,False
2014-11-18,W,bus,846179,False
2014-11-19,W,bus,889137,False
2014-11-20,W,bus,899732,False
2014-11-21,W,bus,898889,False
2014-11-22,A,bus,534874,False
2014-11-23,U,bus,380928,False
2014-11-24,W,bus,857759,False
2014-11-25,W,bus,889039,False
2014-11-26,W,bus,738720,True
2014-11-27,U,bus,285946,False
2014-11-28,W,bus,525696,True
2014-11-29,A,bus,493851,False
2014-11-30,U,bus,367831,False
2014-12-01,W,bus,912722,False
2014-12-02,W,bus,926053,False
2014-12-03,W,bus,964141,False
2014-12-04,W,bus,939372,False
2014-12-05,W,bus,937187,False
2014-12-06,A,bus,569561,False
2014-12-07,U,bus,397656,False
2014-12-08,W,bus,882998,False
2014-12-09,W,bus,911402,False
2014-12-10,W,bus,914038,False
2014-12-11,W,bus,922765,False
2014-12-12,W,bus,912339,False
2014-12-13,A,bus,575613,False
2014-12-14,U,bus,418122,False
2014-12-15,W,bus,871449,False
2014-12-16,W,bus,875970,False
2014-12-17,W,bus,868378,False
2014-12-18,W,bus,867861,False
2014-12-19,W,bus,857137,False
2014-12-20,A,bus,537820,False
2014-12-21,U,bus,397000,False
2014-12-22,W,bus,705765,True
2014-12-23,W,bus,720116,False
2014-12-24,W,bus,549046,True
2014-12-25,U,bus,238015,False
2014-12-26,W,bus,569843,True
2014-12-27,A,bus,449446,False
2014-12-28,U,bus,353263,False
2014-12-29,W,bus,654612,False
2014-12-30,W,bus,646243,False
2014-12-31,W,bus,599316,False
2015-01-01,U,bus,300426,False
2015-01-02,W,bus,656375,False
2015-01-03,A,bus,441327,False
2015-01-04,U,bus,330082,False
2015-01-05,W,bus,753918,False
2015-01-06,W,bus,771953,False
2015-01-07,W,bus,508815,False
2015-01-08,W,bus,558275,False
2015-01-09,W,bus,715334,False
2015-01-10,A,bus,435672,False
2015-01-11,U,bus,349027,False
2015-01-12,W,bus,871183,False
2015-01-13,W,bus,881226,False
2015-01-14,W,bus,885449,False
2015-01-15,W,bus,899363,False
2015-01-16,W,bus,898222,False
2015-01-17,A,bus,539500,False
2015-01-18,U,bus,391445,False
2015-01-19,W,bus,597347,True
2015-01-20,W,bus,913930,False
2015-01-21,W,bus,905178,False
2015-01-22,W,bus,903230,False
2015-01-23,W,bus,902567,False
2015-01-24,A,bus,538766,False
2015-01-25,U,bus,339402,False
2015-01-26,W,bus,896430,False
2015-01-27,W,bus,913448,False
2015-01-28,W,bus,922297,False
2015-01-29,W,bus,898174,False
2015-01-30,W,bus,933971,False
2015-01-31,A,bus,551745,False
2015-02-01,U,bus,293689,False
2015-02-02,W,bus,632367,True
2015-02-03,W,bus,947457,False
2015-02-04,W,bus,957218,False
2015-02-05,W,bus,932148,False
2015-02-06,W,bus,959648,False
2015-02-07,A,bus,600789,False
2015-02-08,U,bus,399923,False
2015-02-09,W,bus,936475,False
2015-02-10,W,bus,965833,False
2015-02-11,W,bus,966071,False
2015-02-12,W,bus,883395,False
2015-02-13,W,bus,911949,False
2015-02-14,A,bus,514916,False
2015-02-15,U,bus,336299,False
2015-02-16,W,bus,652807,True
2015-02-17,W,bus,912529,False
2015-02-18,W,bus,833785,False
2015-02-19,W,bus,576326,True
2015-02-20,W,bus,847700,False
2015-02-21,A,bus,565948,False
2015-02-22,U,bus,378733,False
2015-02-23,W,bus,857014,False
2015-02-24,W,bus,901872,False
2015-02-25,W,bus,905748,False
2015-02-26,W,bus,857402,False
2015-02-27,W,bus,903421,False
2015-02-28,A,bus,542479,False
2015-03-01,U,bus,383971,False
2015-03-02,W,bus,912384,False
2015-03-03,W,bus,904439,False
2015-03-04,W,bus,928771,False
2015-03-05,W,bus,909192,False
2015-03-06,W,bus,909446,False
2015-03-07,A,bus,585771,False
2015-03-08,U,bus,399324,False
2015-03-09,W,bus,935951,False
2015-03-10,W,bus,953173,False
2015-03-11,W,bus,955083,False
2015-03-12,W,bus,953310,False
2015-03-13,W,bus,950690,False
2015-03-14,A,bus,605758,False
2015-03-15,U,bus,432055,False
2015-03-16,W,bus,939583,False
2015-03-17,W,bus,934438,False
2015-03-18,W,bus,937056,False
2015-03-19,W,bus,928929,False
2015-03-20,W,bus,932331,False
2015-03-21,A,bus,566447,False
2015-03-22,U,bus,383134,False
2015-03-23,W,bus,817246,True
2015-03-24,W,bus,904344,False
2015-03-25,W,bus,916538,False
2015-03-26,W,bus,925361,False
2015-03-27,W,bus,888293,False
2015-03-28,A,bus,539031,False
2015-03-29,U,bus,362329,False
2015-03-30,W,bus,903992,False
2015-03-31,W,bus,922487,False
2015-04-01,W,bus,974353,False
2015-04-02,W,bus,897550,False
2015-04-03,W,bus,814328,False
2015-04-04,A,bus,582015,False
2015-04-05,U,bus,393690,False
2015-04-06,W,bus,807389,False
2015-04-07,W,bus,813597,False
2015-04-08,W,bus,822289,False
2015-04-09,W,bus,748326,False
2015-04-10,W,bus,828661,False
2015-04-11,A,bus,586791,False
2015-04-12,U,bus,410420,False
2015-04-13,W,bus,908654,False
2015-04-14,W,bus,946490,False
2015-04-15,W,bus,904861,False
2015-04-16,W,bus,890058,False
2015-04-17,W,bus,936814,False
2015-04-18,A,bus,599954,False
2015-04-19,U,bus,394676,False
2015-04-20,W,bus,907393,False
2015-04-21,W,bus,931681,False
2015-04-22,W,bus,925517,False
2015-04-23,W,bus,935537,False
2015-04-24,W,bus,912926,False
2015-04-25,A,bus,496407,False
2015-04-26,U,bus,419729,False
2015-04-27,W,bus,925541,False
2015-04-28,W,bus,941909,False
2015-04-29,W,bus,934550,False
2015-04-30,W,bus,923564,False
2015-05-01,W,bus,993931,False
2015-05-02,A,bus,629640,False
2015-05-03,U,bus,435591,False
2015-05-04,W,bus,933337,False
2015-05-05,W,bus,918652,False
2015-05-06,W,bus,951886,False
2015-05-07,W,bus,956437,False
2015-05-08,W,bus,916218,False
2015-05-09,A,bus,572064,False
2015-05-10,U,bus,385323,False
2015-05-11,W,bus,869148,False
2015-05-12,W,bus,904654,False
2015-05-13,W,bus,926402,False
2015-05-14,W,bus,912634,False
2015-05-15,W,bus,921190,False
2015-05-16,A,bus,561092,False
2015-05-17,U,bus,415263,False
2015-05-18,W,bus,908842,False
2015-05-19,W,bus,902867,False
2015-05-20,W,bus,906942,False
2015-05-21,W,bus,921476,False
2015-05-22,W,bus,908692,False
2015-05-23,A,bus,575386,False
2015-05-24,U,bus,401488,False
2015-05-25,U,bus,397951,False
2015-05-26,W,bus,878946,False
2015-05-27,W,bus,921204,False
2015-05-28,W,bus,925094,False
2015-05-29,W,bus,892551,False
2015-05-30,A,bus,481814,False
2015-05-31,U,bus,388866,False
2015-06-01,W,bus,942997,False
2015-06-02,W,bus,933346,False
2015-06-03,W,bus,964899,False
2015-06-04,W,bus,938834,False
2015-06-05,W,bus,919157,False
2015-06-06,A,bus,606641,False
2015-06-07,U,bus,388946,False
2015-06-08,W,bus,891851,False
2015-06-09,W,bus,932006,False
2015-06-10,W,bus,915049,False
2015-06-11,W,bus,898644,False
2015-06-12,W,bus,854059,False
2015-06-13,A,bus,590950,False
2015-06-14,U,bus,419317,False
2015-06-15,W,bus,817931,False
2015-06-16,W,bus,911783,False
2015-06-17,W,bus,869500,False
2015-06-18,W,bus,867529,False
2015-06-19,W,bus,893122,False
2015-06-20,A,bus,563855,False
2015-06-21,U,bus,439513,False
2015-06-22,W,bus,759346,False
2015-06-23,W,bus,840211,False
2015-06-24,W,bus,821308,False
2015-06-25,W,bus,808260,False
2015-06-26,W,bus,773954,False
2015-06-27,A,bus,570969,False
2015-06-28,U,bus,439944,False
2015-06-29,W,bus,797072,False
2015-06-30,W,bus,835118,False
2015-07-01,W,bus,886380,False
2015-07-02,W,bus,850667,False
2015-07-03,U,bus,602599,True
2015-07-04,A,bus,508110,True
2015-07-05,U,bus,427090,False
2015-07-06,W,bus,816338,False
2015-07-07,W,bus,834983,False
2015-07-08,W,bus,848028,False
2015-07-09,W,bus,856253,False
2015-07-10,W,bus,858745,False
2015-07-11,A,bus,575848,False
2015-07-12,U,bus,457477,False
2015-07-13,W,bus,784509,False
2015-07-14,W,bus,836909,False
2015-07-15,W,bus,859672,False
2015-07-16,W,bus,802468,False
2015-07-17,W,bus,822257,False
2015-07-18,A,bus,529845,True
2015-07-19,U,bus,440059,False
2015-07-20,W,bus,819425,False
2015-07-21,W,bus,848416,False
2015-07-22,W,bus,844761,False
2015-07-23,W,bus,844483,False
2015-07-24,W,bus,830024,False
2015-07-25,A,bus,573827,False
2015-07-26,U,bus,419005,False
2015-07-27,W,bus,820529,False
2015-07-28,W,bus,827024,False
2015-07-29,W,bus,814733,False
2015-07-30,W,bus,825894,False
2015-07-31,W,bus,834790,False
2015-08-01,A,bus,574270,False
2015-08-02,U,bus,425896,False
2015-08-03,W,bus,833632,False
2015-08-04,W,bus,839704,False
2015-08-05,W,bus,831758,False
2015-08-06,W,bus,825012,False
2015-08-07,W,bus,831076,False
2015-08-08,A,bus,577878,False
2015-08-09,U,bus,414942,False
2015-08-10,W,bus,772518,True
2015-08-11,W,bus,823620,False
2015-08-12,W,bus,817244,False
2015-08-13,W,bus,817948,False
2015-08-14,W,bus,813718,False
2015-08-15,A,bus,567544,False
2015-08-16,U,bus,448872,False
2015-08-17,W,bus,775836,True
2015-08-18,W,bus,782272,True
2015-08-19,W,bus,801496,False
2015-08-20,W,bus,820929,False
2015-08-21,W,bus,829744,False
2015-08-22,A,bus,582295,False
2015-08-23,U,bus,412542,False
2015-08-24,W,bus,824140,False
2015-08-25,W,bus,838405,False
2015-08-26,W,bus,860821,False
2015-08-27,W,bus,858460,False
2015-08-28,W,bus,841111,False
2015-08-29,A,bus,520511,True
2015-08-30,U,bus,417777,False
2015-08-31,W,bus,836125,False
2015-09-01,W,bus,909864,False
2015-09-02,W,bus,882052,False
2015-09-03,W,bus,907453,False
2015-09-04,W,bus,869966,False
2015-09-05,A,bus,571868,False
2015-09-06,U,bus,452841,False
2015-09-07,U,bus,419206,False
2015-09-08,W,bus,885886,False
2015-09-09,W,bus,966510,False
2015-09-10,W,bus,928707,False
2015-09-11,W,bus,924272,False
2015-09-12,A,bus,553239,False
2015-09-13,U,bus,423559,False
2015-09-14,W,bus,930582,False
2015-09-15,W,bus,956026,False
2015-09-16,W,bus,956622,False
2015-09-17,W,bus,927771,False
2015-09-18,W,bus,895702,True
2015-09-19,A,bus,558990,False
2015-09-20,U,bus,433770,False
2015-09-21,W,bus,935471,False
2015-09-22,W,bus,947566,False
2015-09-23,W,bus,942933,False
2015-09-24,W,bus,942518,False
2015-09-25,W,bus,951827,False
2015-09-26,A,bus,598862,False
2015-09-27,U,bus,422542,False
2015-09-28,W,bus,929278,False
2015-09-29,W,bus,914286,False
2015-09-30,W,bus,946374,False
2015-10-01,W,bus,993576,False
2015-10-02,W,bus,981039,False
2015-10-03,A,bus,571153,False
2015-10-04,U,bus,417529,False
2015-10-05,W,bus,948999,False
2015-10-06,W,bus,967808,False
2015-10-07,W,bus,970204,False
2015-10-08,W,bus,959798,False
2015-10-09,W,bus,931769,False
2015-10-10,A,bus,577667,False
2015-10-11,U,bus,400140,True
2015-10-12,W,bus,759254,True
2015-10-13,W,bus,947941,False
2015-10-14,W,bus,954519,False
2015-10-15,W,bus,946290,False
2015-10-16,W,bus,936818,False
2015-10-17,A,bus,578160,False
2015-10-18,U,bus,415455,False
2015-10-19,W,bus,930236,False
2015-10-20,W,bus,950953,False
2015-10-21,W,bus,955633,False
2015-10-22,W,bus,942983,False
2015-10-23,W,bus,915489,False
2015-10-24,A,bus,556146,False
2015-10-25,U,bus,415182,False
2015-10-26,W,bus,929741,False
2015-10-27,W,bus,916953,False
2015-10-28,W,bus,910794,False
2015-10-29,W,bus,916453,False
2015-10-30,W,bus,949185,False
2015-10-31,A,bus,500004,False
2015-11-01,U,bus,436791,False
2015-11-02,W,bus,940464,False
2015-11-03,W,bus,987382,False
2015-11-04,W,bus,956176,False
2015-11-05,W,bus,942300,False
2015-11-06,W,bus,925054,False
2015-11-07,A,bus,573470,False
2015-11-08,U,bus,414784,False
2015-11-09,W,bus,923927,False
2015-11-10,W,bus,940362,False
2015-11-11,W,bus,755234,True
2015-11-12,W,bus,879349,False
2015-11-13,W,bus,837532,False
2015-11-14,A,bus,545554,False
2015-11-15,U,bus,411704,False
2015-11-16,W,bus,908305,False
2015-11-17,W,bus,880013,False
2015-11-18,W,bus,893671,False
2015-11-19,W,bus,884290,False
2015-11-20,W,bus,894949,False
2015-11-21,A,bus,429624,False
2015-11-22,U,bus,356953,False
2015-11-23,W,bus,877236,False
2015-11-24,W,bus,898177,False
2015-11-25,W,bus,735265,True
2015-11-26,U,bus,288282,False
2015-11-27,W,bus,443089,True
2015-11-28,A,bus,459598,False
2015-11-29,U,bus,365314,False
2015-11-30,W,bus,870662,False
2015-12-01,W,bus,949925,False
2015-12-02,W,bus,906715,False
2015-12-03,W,bus,940609,False
2015-12-04,W,bus,930083,False
2015-12-05,A,bus,566882,False
2015-12-06,U,bus,411174,False
2015-12-07,W,bus,898172,False
2015-12-08,W,bus,910018,False
2015-12-09,W,bus,916281,False
2015-12-10,W,bus,909606,False
2015-12-11,W,bus,912854,False
2015-12-12,A,bus,541305,False
2015-12-13,U,bus,383666,False
2015-12-14,W,bus,849106,False
2015-12-15,W,bus,884506,False
2015-12-16,W,bus,871638,False
2015-12-17,W,bus,864846,False
2015-12-18,W,bus,846033,False
2015-12-19,A,bus,506208,False
2015-12-20,U,bus,392051,False
2015-12-21,W,bus,696473,False
2015-12-22,W,bus,722061,False
2015-12-23,W,bus,654312,False
2015-12-24,W,bus,531521,False
2015-12-25,U,bus,231718,False
2015-12-26,A,bus,387357,False
2015-12-27,U,bus,334737,False
2015-12-28,W,bus,514171,False
2015-12-29,W,bus,638221,False
2015-12-30,W,bus,636706,False
2015-12-31,W,bus,604409,False
2016-01-01,U,bus,303321,False
2016-01-02,A,bus,448859,False
2016-01-03,U,bus,340540,False
2016-01-04,W,bus,829429,False
2016-01-05,W,bus,846789,False
2016-01-06,W,bus,853904,False
2016-01-07,W,bus,846274,False
2016-01-08,W,bus,841494,False
2016-01-09,A,bus,469539,False
2016-01-10,U,bus,306896,False
2016-01-11,W,bus,753006,False
2016-01-12,W,bus,760149,False
2016-01-13,W,bus,787220,False
2016-01-14,W,bus,859099,False
2016-01-15,W,bus,858032,False
2016-01-16,A,bus,486797,False
2016-01-17,U,bus,266532,False
2016-01-18,W,bus,439597,True
2016-01-19,W,bus,810646,False
2016-01-20,W,bus,856911,False
2016-01-21,W,bus,873177,False
2016-01-22,W,bus,841282,False
2016-01-23,A,bus,487975,False
2016-01-24,U,bus,352859,False
2016-01-25,W,bus,865486,False
2016-01-26,W,bus,872768,False
2016-01-27,W,bus,882832,False
2016-01-28,W,bus,877280,False
2016-01-29,W,bus,863548,False
2016-01-30,A,bus,510514,False
2016-01-31,U,bus,358361,False
2016-02-01,W,bus,926781,False
2016-02-02,W,bus,833911,False
2016-02-03,W,bus,925655,False
2016-02-04,W,bus,901406,False
2016-02-05,W,bus,785587,False
2016-02-06,A,bus,522296,False
2016-02-07,U,bus,377642,False
2016-02-08,W,bus,856547,False
2016-02-09,W,bus,858961,False
2016-02-10,W,bus,850090,False
2016-02-11,W,bus,866884,False
2016-02-12,W,bus,820833,False
2016-02-13,A,bus,438203,False
2016-02-14,U,bus,339238,False
2016-02-15,W,bus,605584,True
2016-02-16,W,bus,883108,False
2016-02-17,W,bus,889758,False
2016-02-18,W,bus,890627,False
2016-02-19,W,bus,887914,False
2016-02-20,A,bus,566721,False
2016-02-21,U,bus,378769,False
2016-02-22,W,bus,869531,False
2016-02-23,W,bus,890949,False
2016-02-24,W,bus,795160,False
2016-02-25,W,bus,855117,False
2016-02-26,W,bus,865397,False
2016-02-27,A,bus,536678,False
2016-02-28,U,bus,385121,False
2016-02-29,W,bus,862380,False
2016-03-01,W,bus,859775,False
2016-03-02,W,bus,878633,False
2016-03-03,W,bus,882188,False
2016-03-04,W,bus,883059,False
2016-03-05,A,bus,503983,False
2016-03-06,U,bus,393610,False
2016-03-07,W,bus,866171,False
2016-03-08,W,bus,902888,False
2016-03-09,W,bus,882030,False
2016-03-10,W,bus,888084,False
2016-03-11,W,bus,886599,False
2016-03-12,A,bus,542246,False
2016-03-13,U,bus,332203,False
2016-03-14,W,bus,870740,False
2016-03-15,W,bus,887592,False
2016-03-16,W,bus,876232,False
2016-03-17,W,bus,891580,False
2016-03-18,W,bus,875707,False
2016-03-19,A,bus,520426,False
2016-03-20,U,bus,388282,False
2016-03-21,W,bus,845669,False
2016-03-22,W,bus,863201,False
2016-03-23,W,bus,838201,False
2016-03-24,W,bus,770638,False
2016-03-25,W,bus,722960,True
2016-03-26,A,bus,518549,False
2016-03-27,U,bus,342269,False
2016-03-28,W,bus,842760,False
2016-03-29,W,bus,891134,False
2016-03-30,W,bus,860700,False
2016-03-31,W,bus,832775,False
2016-04-01,W,bus,848592,False
2016-04-02,A,bus,492072,False
2016-04-03,U,bus,396042,False
2016-04-04,W,bus,857791,False
2016-04-05,W,bus,898889,False
2016-04-06,W,bus,851050,False
2016-04-07,W,bus,867670,False
2016-04-08,W,bus,782419,False
2016-04-09,A,bus,509980,False
2016-04-10,U,bus,345627,False
2016-04-11,W,bus,878043,False
2016-04-12,W,bus,886265,False
2016-04-13,W,bus,850705,False
2016-04-14,W,bus,863513,False
2016-04-15,W,bus,881603,False
2016-04-16,A,bus,554744,False
2016-04-17,U,bus,409732,False
2016-04-18,W,bus,785035,False
2016-04-19,W,bus,765854,False
2016-04-20,W,bus,774694,False
2016-04-21,W,bus,768704,False
2016-04-22,W,bus,745475,False
2016-04-23,A,bus,503944,False
2016-04-24,U,bus,397080,False
2016-04-25,W,bus,854155,False
2016-04-26,W,bus,862743,False
2016-04-27,W,bus,856722,False
2016-04-28,W,bus,851720,False
2016-04-29,W,bus,893284,False
2016-04-30,A,bus,474138,False
2016-05-01,U,bus,376131,False
2016-05-02,W,bus,878407,False
2016-05-03,W,bus,879141,False
2016-05-04,W,bus,879217,False
2016-05-05,W,bus,898541,False
2016-05-06,W,bus,877873,False
2016-05-07,A,bus,512770,False
2016-05-08,U,bus,393146,False
2016-05-09,W,bus,815440,True
2016-05-10,W,bus,827322,False
2016-05-11,W,bus,873275,False
2016-05-12,W,bus,849532,False
2016-05-13,W,bus,852594,False
2016-05-14,A,bus,497514,False
2016-05-15,U,bus,384799,False
2016-05-16,W,bus,836089,False
2016-05-17,W,bus,839788,False
2016-05-18,W,bus,856701,False
2016-05-19,W,bus,855438,False
2016-05-20,W,bus,834308,False
2016-05-21,A,bus,513934,False
2016-05-22,U,bus,393684,False
2016-05-23,W,bus,839566,False
2016-05-24,W,bus,854725,False
2016-05-25,W,bus,833427,False
2016-05-26,W,bus,853656,False
2016-05-27,W,bus,808244,False
2016-05-28,A,bus,500775,False
2016-05-29,U,bus,409978,False
2016-05-30,U,bus,394914,False
2016-05-31,W,bus,801439,False
2016-06-01,W,bus,872679,False
2016-06-02,W,bus,873112,False
2016-06-03,W,bus,892290,False
2016-06-04,A,bus,504778,False
2016-06-05,U,bus,415836,False
2016-06-06,W,bus,854036,False
2016-06-07,W,bus,863284,False
2016-06-08,W,bus,866785,False
2016-06-09,W,bus,828551,False
2016-06-10,W,bus,862529,False
2016-06-11,A,bus,530558,False
2016-06-12,U,bus,409577,False
2016-06-13,W,bus,827684,False
2016-06-14,W,bus,834141,False
2016-06-15,W,bus,845450,False
2016-06-16,W,bus,832864,False
2016-06-17,W,bus,832088,False
2016-06-18,A,bus,526402,False
2016-06-19,U,bus,405719,False
2016-06-20,W,bus,785446,False
2016-06-21,W,bus,834157,False
2016-06-22,W,bus,707452,True
2016-06-23,W,bus,757817,False
2016-06-24,W,bus,762562,False
2016-06-25,A,bus,531261,False
2016-06-26,U,bus,380689,False
2016-06-27,W,bus,753543,False
2016-06-28,W,bus,771611,False
2016-06-29,W,bus,774728,False
2016-06-30,W,bus,763112,False
2016-07-01,W,bus,798706,False
2016-07-02,A,bus,530654,False
2016-07-03,U,bus,415172,False
2016-07-04,U,bus,393858,False
2016-07-05,W,bus,769179,False
2016-07-06,W,bus,771626,False
2016-07-07,W,bus,769513,False
2016-07-08,W,bus,786823,False
2016-07-09,A,bus,536269,False
2016-07-10,U,bus,409685,False
2016-07-11,W,bus,769128,False
2016-07-12,W,bus,782892,False
2016-07-13,W,bus,762764,False
2016-07-14,W,bus,794813,False
2016-07-15,W,bus,769172,False
2016-07-16,A,bus,529240,False
2016-07-17,U,bus,372190,False
2016-07-18,W,bus,774239,False
2016-07-19,W,bus,795162,False
2016-07-20,W,bus,788803,False
2016-07-21,W,bus,737845,False
2016-07-22,W,bus,745409,False
2016-07-23,A,bus,472199,False
2016-07-24,U,bus,370394,False
2016-07-25,W,bus,757860,False
2016-07-26,W,bus,786060,False
2016-07-27,W,bus,789537,False
2016-07-28,W,bus,745499,False
2016-07-29,W,bus,739138,False
2016-07-30,A,bus,503786,False
2016-07-31,U,bus,400504,False
2016-08-01,W,bus,805970,False
2016-08-02,W,bus,795778,False
2016-08-03,W,bus,822281,False
2016-08-04,W,bus,783253,False
2016-08-05,W,bus,779186,False
2016-08-06,A,bus,539382,False
2016-08-07,U,bus,398288,False
2016-08-08,W,bus,759970,False
2016-08-09,W,bus,781438,False
2016-08-10,W,bus,777389,False
2016-08-11,W,bus,767967,False
2016-08-12,W,bus,700723,True
2016-08-13,A,bus,522972,False
2016-08-14,U,bus,402523,False
2016-08-15,W,bus,718167,True
2016-08-16,W,bus,762943,False
2016-08-17,W,bus,759254,False
2016-08-18,W,bus,740297,False
2016-08-19,W,bus,743211,False
2016-08-20,A,bus,480928,False
2016-08-21,U,bus,417057,False
2016-08-22,W,bus,764690,False
2016-08-23,W,bus,784341,False
2016-08-24,W,bus,751955,False
2016-08-25,W,bus,775862,False
2016-08-26,W,bus,797432,False
2016-08-27,A,bus,501883,False
2016-08-28,U,bus,395954,False
2016-08-29,W,bus,781400,False
2016-08-30,W,bus,791868,False
2016-08-31,W,bus,815110,False
2016-09-01,W,bus,847144,False
2016-09-02,W,bus,838151,False
2016-09-03,A,bus,542836,False
2016-09-04,U,bus,427194,True
2016-09-05,U,bus,399846,False
2016-09-06,W,bus,910863,True
2016-09-07,W,bus,885587,False
2016-09-08,W,bus,882599,False
2016-09-09,W,bus,879935,False
2016-09-10,A,bus,510845,False
2016-09-11,U,bus,397693,False
2016-09-12,W,bus,886146,False
2016-09-13,W,bus,904869,False
2016-09-14,W,bus,898125,False
2016-09-15,W,bus,907872,False
2016-09-16,W,bus,889307,False
2016-09-17,A,bus,537329,False
2016-09-18,U,bus,401077,False
2016-09-19,W,bus,894210,False
2016-09-20,W,bus,895184,False
2016-09-21,W,bus,863211,False
2016-09-22,W,bus,897609,False
2016-09-23,W,bus,880748,False
2016-09-24,A,bus,539037,False
2016-09-25,U,bus,394810,False
2016-09-26,W,bus,884989,False
2016-09-27,W,bus,889769,False
2016-09-28,W,bus,855499,False
2016-09-29,W,bus,870533,False
2016-09-30,W,bus,889641,False
2016-10-01,A,bus,511504,False
2016-10-02,U,bus,391845,False
2016-10-03,W,bus,912435,False
2016-10-04,W,bus,919088,False
2016-10-05,W,bus,915987,False
2016-10-06,W,bus,858960,False
2016-10-07,W,bus,888731,False
2016-10-08,A,bus,537610,False
2016-10-09,U,bus,368515,True
2016-10-10,W,bus,714940,True
2016-10-11,W,bus,884539,False
2016-10-12,W,bus,847394,False
2016-10-13,W,bus,896918,False
2016-10-14,W,bus,892797,False
2016-10-15,A,bus,542187,False
2016-10-16,U,bus,385574,False
2016-10-17,W,bus,890736,False
2016-10-18,W,bus,901884,False
2016-10-19,W,bus,895104,False
2016-10-20,W,bus,880209,False
2016-10-21,W,bus,867704,False
2016-10-22,A,bus,533242,False
2016-10-23,U,bus,388470,False
2016-10-24,W,bus,869861,False
2016-10-25,W,bus,876768,False
2016-10-26,W,bus,824006,False
2016-10-27,W,bus,892963,False
2016-10-28,W,bus,894311,False
2016-10-29,A,bus,539098,False
2016-10-30,U,bus,377290,False
2016-10-31,W,bus,860741,False
2016-11-01,W,bus,931276,False
2016-11-02,W,bus,866812,False
2016-11-03,W,bus,919828,False
2016-11-04,W,bus,798901,False
2016-11-05,A,bus,536579,False
2016-11-06,U,bus,406215,True
2016-11-07,W,bus,887002,False
2016-11-08,W,bus,880506,False
2016-11-09,W,bus,865500,False
2016-11-10,W,bus,842332,False
2016-11-11,W,bus,715260,True
2016-11-12,A,bus,500583,False
2016-11-13,U,bus,369986,False
2016-11-14,W,bus,862939,False
2016-11-15,W,bus,881225,False
2016-11-16,W,bus,884662,False
2016-11-17,W,bus,873693,False
2016-11-18,W,bus,819907,False
2016-11-19,A,bus,477472,False
2016-11-20,U,bus,345895,False
2016-11-21,W,bus,844666,False
2016-11-22,W,bus,837828,False
2016-11-23,W,bus,661576,True
2016-11-24,U,bus,266241,True
2016-11-25,W,bus,496285,True
2016-11-26,A,bus,441384,False
2016-11-27,U,bus,343504,False
2016-11-28,W,bus,801243,False
2016-11-29,W,bus,871577,False
2016-11-30,W,bus,852623,False
2016-12-01,W,bus,885401,False
2016-12-02,W,bus,882063,False
2016-12-03,A,bus,517756,False
2016-12-04,U,bus,333825,False
2016-12-05,W,bus,841336,False
2016-12-06,W,bus,859470,False
2016-12-07,W,bus,831766,False
2016-12-08,W,bus,790418,False
2016-12-09,W,bus,806718,False
2016-12-10,A,bus,472855,False
2016-12-11,U,bus,309743,False
2016-12-12,W,bus,787062,False
2016-12-13,W,bus,785276,False
2016-12-14,W,bus,734884,False
2016-12-15,W,bus,617119,True
2016-12-16,W,bus,744691,False
2016-12-17,A,bus,445779,False
2016-12-18,U,bus,270767,False
2016-12-19,W,bus,650356,False
2016-12-20,W,bus,758686,False
2016-12-21,W,bus,770713,False
2016-12-22,W,bus,747188,False
2016-12-23,W,bus,676407,False
2016-12-24,A,bus,391140,False
2016-12-25,U,bus,199220,False
2016-12-26,U,bus,380189,False
2016-12-27,W,bus,575294,False
2016-12-28,W,bus,611176,False
2016-12-29,W,bus,593626,False
2016-12-30,W,bus,628159,False
2016-12-31,A,bus,433952,False
2017-01-01,U,bus,277926,False
2017-01-02,U,bus,371865,False
2017-01-03,W,bus,690503,False
2017-01-04,W,bus,636491,False
2017-01-05,W,bus,611987,False
2017-01-06,W,bus,591800,False
2017-01-07,A,bus,362508,False
2017-01-08,U,bus,290096,False
2017-01-09,W,bus,781139,False
2017-01-10,W,bus,773792,False
2017-01-11,W,bus,803730,False
2017-01-12,W,bus,777149,False
2017-01-13,W,bus,771359,False
2017-01-14,A,bus,429614,False
2017-01-15,U,bus,328355,False
2017-01-16,W,bus,486791,True
2017-01-17,W,bus,829925,False
2017-01-18,W,bus,835362,False
2017-01-19,W,bus,823901,False
2017-01-20,W,bus,798511,False
2017-01-21,A,bus,488902,False
2017-01-22,U,bus,331138,False
2017-01-23,W,bus,817750,False
2017-01-24,W,bus,834979,False
2017-01-25,W,bus,831467,False
2017-01-26,W,bus,823395,False
2017-01-27,W,bus,792183,False
2017-01-28,A,bus,439479,False
2017-01-29,U,bus,304565,False
2017-01-30,W,bus,806014,False
2017-01-31,W,bus,828074,False
2017-02-01,W,bus,883845,False
2017-02-02,W,bus,829125,False
2017-02-03,W,bus,782899,False
2017-02-04,A,bus,461743,False
2017-02-05,U,bus,351708,False
2017-02-06,W,bus,838312,False
2017-02-07,W,bus,827885,False
2017-02-08,W,bus,841278,False
2017-02-09,W,bus,815353,False
2017-02-10,W,bus,832724,False
2017-02-11,A,bus,497589,False
2017-02-12,U,bus,358101,False
2017-02-13,W,bus,822007,False
2017-02-14,W,bus,870130,False
2017-02-15,W,bus,841181,False
2017-02-16,W,bus,831398,False
2017-02-17,W,bus,841425,False
2017-02-18,A,bus,512205,False
2017-02-19,U,bus,383581,False
2017-02-20,W,bus,623736,True
2017-02-21,W,bus,848951,False
2017-02-22,W,bus,873309,False
2017-02-23,W,bus,850254,False
2017-02-24,W,bus,820536,False
2017-02-25,A,bus,449817,False
2017-02-26,U,bus,350829,False
2017-02-27,W,bus,837214,False
2017-02-28,W,bus,823654,False
2017-03-01,W,bus,863043,False
2017-03-02,W,bus,842926,False
2017-03-03,W,bus,851128,False
2017-03-04,A,bus,487500,False
2017-03-05,U,bus,364977,False
2017-03-06,W,bus,823084,False
2017-03-07,W,bus,862784,False
2017-03-08,W,bus,858498,False
2017-03-09,W,bus,841498,False
2017-03-10,W,bus,816750,False
2017-03-11,A,bus,459826,False
2017-03-12,U,bus,336952,False
2017-03-13,W,bus,761376,False
2017-03-14,W,bus,712423,True
2017-03-15,W,bus,822423,False
2017-03-16,W,bus,827779,False
2017-03-17,W,bus,804320,False
2017-03-18,A,bus,473609,False
2017-03-19,U,bus,371042,False
2017-03-20,W,bus,802404,False
2017-03-21,W,bus,835641,False
2017-03-22,W,bus,816876,False
2017-03-23,W,bus,802941,False
2017-03-24,W,bus,821828,False
2017-03-25,A,bus,414644,False
2017-03-26,U,bus,340733,False
2017-03-27,W,bus,825472,False
2017-03-28,W,bus,846658,False
2017-03-29,W,bus,837430,False
2017-03-30,W,bus,756598,False
2017-03-31,W,bus,839312,False
2017-04-01,A,bus,517493,False
2017-04-02,U,bus,357643,False
2017-04-03,W,bus,840610,False
2017-04-04,W,bus,873844,False
2017-04-05,W,bus,755345,False
2017-04-06,W,bus,822266,False
2017-04-07,W,bus,765361,False
2017-04-08,A,bus,508239,False
2017-04-09,U,bus,388435,False
2017-04-10,W,bus,695555,False
2017-04-11,W,bus,736309,False
2017-04-12,W,bus,754940,False
2017-04-13,W,bus,723724,False
2017-04-14,W,bus,692506,False
2017-04-15,A,bus,506929,False
2017-04-16,U,bus,339738,False
2017-04-17,W,bus,809433,False
2017-04-18,W,bus,848195,False
2017-04-19,W,bus,811178,False
2017-04-20,W,bus,797055,False
2017-04-21,W,bus,819393,False
2017-04-22,A,bus,493687,False
2017-04-23,U,bus,373492,False
2017-04-24,W,bus,830257,False
2017-04-25,W,bus,860569,False
2017-04-26,W,bus,838762,False
2017-04-27,W,bus,807318,False
2017-04-28,W,bus,830500,False
2017-04-29,A,bus,405068,False
2017-04-30,U,bus,307608,True
2017-05-01,W,bus,847371,False
2017-05-02,W,bus,846717,False
2017-05-03,W,bus,890581,False
2017-05-04,W,bus,836436,False
2017-05-05,W,bus,840819,False
2017-05-06,A,bus,502922,False
2017-05-07,U,bus,370985,False
2017-05-08,W,bus,829268,False
2017-05-09,W,bus,827183,False
2017-05-10,W,bus,821006,False
2017-05-11,W,bus,832163,False
2017-05-12,W,bus,824305,False
2017-05-13,A,bus,504045,False
2017-05-14,U,bus,364734,False
2017-05-15,W,bus,805190,False
2017-05-16,W,bus,843103,False
2017-05-17,W,bus,835226,False
2017-05-18,W,bus,824327,False
2017-05-19,W,bus,768158,False
2017-05-20,A,bus,441093,False
2017-05-21,U,bus,366609,False
2017-05-22,W,bus,817334,False
2017-05-23,W,bus,799986,False
2017-05-24,W,bus,820511,False
2017-05-25,W,bus,829938,False
2017-05-26,W,bus,779960,False
2017-05-27,A,bus,492255,False
2017-05-28,U,bus,366179,False
2017-05-29,U,bus,375171,False
2017-05-30,W,bus,802596,False
2017-05-31,W,bus,827890,False
2017-06-01,W,bus,860327,False
2017-06-02,W,bus,861203,False
2017-06-03,A,bus,523471,False
2017-06-04,U,bus,400326,False
2017-06-05,W,bus,838839,False
2017-06-06,W,bus,845564,False
2017-06-07,W,bus,846730,False
2017-06-08,W,bus,821372,False
2017-06-09,W,bus,833135,False
2017-06-10,A,bus,525084,False
2017-06-11,U,bus,406991,False
2017-06-12,W,bus,808630,False
2017-06-13,W,bus,817478,False
2017-06-14,W,bus,786388,False
2017-06-15,W,bus,830091,False
2017-06-16,W,bus,785270,False
2017-06-17,A,bus,486358,False
2017-06-18,U,bus,390193,False
2017-06-19,W,bus,755955,False
2017-06-20,W,bus,801344,False
2017-06-21,W,bus,758596,False
2017-06-22,W,bus,733128,False
2017-06-23,W,bus,729483,False
2017-06-24,A,bus,504647,False
2017-06-25,U,bus,390267,False
2017-06-26,W,bus,738507,False
2017-06-27,W,bus,763875,False
2017-06-28,W,bus,722682,False
2017-06-29,W,bus,747180,False
2017-06-30,W,bus,763402,False
2017-07-01,A,bus,514092,False
2017-07-02,U,bus,398108,False
2017-07-03,W,bus,669915,False
2017-07-04,U,bus,407991,False
2017-07-05,W,bus,746019,False
2017-07-06,W,bus,755516,False
2017-07-07,W,bus,749664,False
2017-07-08,A,bus,517165,False
2017-07-09,U,bus,400539,False
2017-07-10,W,bus,719494,False
2017-07-11,W,bus,771348,False
2017-07-12,W,bus,694204,False
2017-07-13,W,bus,773047,False
2017-07-14,W,bus,748691,False
2017-07-15,A,bus,511540,False
2017-07-16,U,bus,371692,False
2017-07-17,W,bus,754669,False
2017-07-18,W,bus,776582,False
2017-07-19,W,bus,769368,False
2017-07-20,W,bus,716096,False
2017-07-21,W,bus,733117,False
2017-07-22,A,bus,485978,False
2017-07-23,U,bus,380247,False
2017-07-24,W,bus,744976,False
2017-07-25,W,bus,765040,False
2017-07-26,W,bus,769890,False
2017-07-27,W,bus,770692,False
2017-07-28,W,bus,754679,False
2017-07-29,A,bus,496951,False
2017-07-30,U,bus,385002,False
2017-07-31,W,bus,732690,False
2017-08-01,W,bus,789859,False
2017-08-02,W,bus,771256,False
2017-08-03,W,bus,763271,False
2017-08-04,W,bus,732776,False
2017-08-05,A,bus,503623,False
2017-08-06,U,bus,376669,False
2017-08-07,W,bus,733495,False
2017-08-08,W,bus,761850,False
2017-08-09,W,bus,759657,False
2017-08-10,W,bus,747519,False
2017-08-11,W,bus,746418,False
2017-08-12,A,bus,505271,False
2017-08-13,U,bus,384338,False
2017-08-14,W,bus,722238,False
2017-08-15,W,bus,774523,False
2017-08-16,W,bus,739357,False
2017-08-17,W,bus,722939,False
2017-08-18,W,bus,741688,False
2017-08-19,A,bus,510200,False
2017-08-20,U,bus,395932,False
2017-08-21,W,bus,707640,True
2017-08-22,W,bus,741370,False
2017-08-23,W,bus,763384,False
2017-08-24,W,bus,749315,False
2017-08-25,W,bus,749192,False
2017-08-26,A,bus,487453,False
2017-08-27,U,bus,358840,False
2017-08-28,W,bus,761796,False
2017-08-29,W,bus,783337,False
2017-08-30,W,bus,801205,False
2017-08-31,W,bus,791635,False
2017-09-01,W,bus,827394,False
2017-09-02,A,bus,512150,False
2017-09-03,U,bus,417707,False
2017-09-04,U,bus,375104,False
2017-09-05,W,bus,893214,False
2017-09-06,W,bus,854979,False
2017-09-07,W,bus,867162,False
2017-09-08,W,bus,849319,False
2017-09-09,A,bus,511569,False
2017-09-10,U,bus,383625,False
2017-09-11,W,bus,861907,False
2017-09-12,W,bus,883298,False
2017-09-13,W,bus,876445,False
2017-09-14,W,bus,874356,False
2017-09-15,W,bus,871656,False
2017-09-16,A,bus,517447,False
2017-09-17,U,bus,386719,False
2017-09-18,W,bus,866120,False
2017-09-19,W,bus,861844,False
2017-09-20,W,bus,887017,False
2017-09-21,W,bus,859255,False
2017-09-22,W,bus,854042,False
2017-09-23,A,bus,499368,False
2017-09-24,U,bus,378420,False
2017-09-25,W,bus,861042,False
2017-09-26,W,bus,877350,False
2017-09-27,W,bus,882592,False
2017-09-28,W,bus,881438,False
2017-09-29,W,bus,898739,False
2017-09-30,A,bus,524516,False
2017-10-01,U,bus,389470,False
2017-10-02,W,bus,877992,False
2017-10-03,W,bus,921022,False
2017-10-04,W,bus,889343,False
2017-10-05,W,bus,889166,False
2017-10-06,W,bus,841999,False
2017-10-07,A,bus,484231,False
2017-10-08,U,bus,374005,False
2017-10-09,W,bus,712539,True
2017-10-10,W,bus,874192,False
2017-10-11,W,bus,850229,False
2017-10-12,W,bus,870996,False
2017-10-13,W,bus,879791,False
2017-10-14,A,bus,376288,True
2017-10-15,U,bus,362392,False
2017-10-16,W,bus,867372,False
2017-10-17,W,bus,882601,False
2017-10-18,W,bus,888806,False
2017-10-19,W,bus,876423,False
2017-10-20,W,bus,862656,False
2017-10-21,A,bus,520339,False
2017-10-22,U,bus,344543,False
2017-10-23,W,bus,802893,True
2017-10-24,W,bus,812947,False
2017-10-25,W,bus,876000,False
2017-10-26,W,bus,872176,False
2017-10-27,W,bus,833348,False
2017-10-28,A,bus,472503,False
2017-10-29,U,bus,355321,False
2017-10-30,W,bus,837676,False
2017-10-31,W,bus,843988,False
2017-11-01,W,bus,881053,False
2017-11-02,W,bus,864434,False
2017-11-03,W,bus,815500,False
2017-11-04,A,bus,450968,False
2017-11-05,U,bus,359176,False
2017-11-06,W,bus,866671,False
2017-11-07,W,bus,871211,False
2017-11-08,W,bus,875619,False
2017-11-09,W,bus,860819,False
2017-11-10,W,bus,741017,True
2017-11-11,A,bus,461927,False
2017-11-12,U,bus,341066,False
2017-11-13,W,bus,846572,False
2017-11-14,W,bus,862352,False
2017-11-15,W,bus,826138,False
2017-11-16,W,bus,831869,False
2017-11-17,W,bus,836442,False
2017-11-18,A,bus,426814,False
2017-11-19,U,bus,359562,False
2017-11-20,W,bus,840370,False
2017-11-21,W,bus,825182,False
2017-11-22,W,bus,677643,True
2017-11-23,U,bus,263654,True
2017-11-24,W,bus,503847,True
2017-11-25,A,bus,425522,False
2017-11-26,U,bus,336930,False
2017-11-27,W,bus,839274,False
2017-11-28,W,bus,847910,False
2017-11-29,W,bus,850702,False
2017-11-30,W,bus,850783,False
2017-12-01,W,bus,890982,False
2017-12-02,A,bus,511676,False
2017-12-03,U,bus,378519,False
2017-12-04,W,bus,855387,False
2017-12-05,W,bus,822703,False
2017-12-06,W,bus,829498,False
2017-12-07,W,bus,794129,False
2017-12-08,W,bus,805911,False
2017-12-09,A,bus,439827,False
2017-12-10,U,bus,336156,False
2017-12-11,W,bus,807879,False
2017-12-12,W,bus,783312,False
2017-12-13,W,bus,800995,False
2017-12-14,W,bus,790977,False
2017-12-15,W,bus,780679,False
2017-12-16,A,bus,484468,False
2017-12-17,U,bus,351260,False
2017-12-18,W,bus,784151,False
2017-12-19,W,bus,812618,False
2017-12-20,W,bus,798144,False
2017-12-21,W,bus,769444,False
2017-12-22,W,bus,727262,False
2017-12-23,A,bus,438917,False
2017-12-24,U,bus,275937,False
2017-12-25,U,bus,164256,False
2017-12-26,W,bus,398823,True
2017-12-27,W,bus,466856,False
2017-12-28,W,bus,509850,False
2017-12-29,W,bus,552051,False
2017-12-30,A,bus,335207,False
2017-12-31,U,bus,274143,False
2018-01-01,U,bus,199845,False
2018-01-02,W,bus,507648,False
2018-01-03,W,bus,598578,False
2018-01-04,W,bus,594414,False
2018-01-05,W,bus,597163,False
2018-01-06,A,bus,372807,False
2018-01-07,U,bus,284438,False
2018-01-08,W,bus,755777,False
2018-01-09,W,bus,780104,False
2018-01-10,W,bus,783008,False
2018-01-11,W,bus,774197,False
2018-01-12,W,bus,730031,True
2018-01-13,A,bus,392644,False
2018-01-14,U,bus,291206,False
2018-01-15,W,bus,463868,True
2018-01-16,W,bus,779194,False
2018-01-17,W,bus,787021,False
2018-01-18,W,bus,788150,False
2018-01-19,W,bus,784287,False
2018-01-20,A,bus,438286,False
2018-01-21,U,bus,316648,False
2018-01-22,W,bus,781955,False
2018-01-23,W,bus,795146,False
2018-01-24,W,bus,808026,False
2018-01-25,W,bus,813348,False
2018-01-26,W,bus,806770,False
2018-01-27,A,bus,455974,False
2018-01-28,U,bus,320779,False
2018-01-29,W,bus,774310,False
2018-01-30,W,bus,801986,False
2018-01-31,W,bus,815252,False
2018-02-01,W,bus,824632,False
2018-02-02,W,bus,706351,False
2018-02-03,A,bus,435554,False
2018-02-04,U,bus,279353,False
2018-02-05,W,bus,734272,False
2018-02-06,W,bus,783522,False
2018-02-07,W,bus,790600,False
2018-02-08,W,bus,782384,False
2018-02-09,W,bus,480347,True
2018-02-10,A,bus,399759,False
2018-02-11,U,bus,294675,False
2018-02-12,W,bus,771383,False
2018-02-13,W,bus,832686,False
2018-02-14,W,bus,846174,False
2018-02-15,W,bus,819948,False
2018-02-16,W,bus,803410,False
2018-02-17,A,bus,438472,False
2018-02-18,U,bus,345438,False
2018-02-19,W,bus,569983,True
2018-02-20,W,bus,786356,False
2018-02-21,W,bus,831241,False
2018-02-22,W,bus,833819,False
2018-02-23,W,bus,820477,False
2018-02-24,A,bus,461537,False
2018-02-25,U,bus,347690,False
2018-02-26,W,bus,825842,False
2018-02-27,W,bus,846696,False
2018-02-28,W,bus,837820,False
2018-03-01,W,bus,807973,False
2018-03-02,W,bus,838965,False
2018-03-03,A,bus,489631,False
2018-03-04,U,bus,360783,False
2018-03-05,W,bus,793241,False
2018-03-06,W,bus,818087,False
2018-03-07,W,bus,829608,False
2018-03-08,W,bus,813217,False
2018-03-09,W,bus,806152,False
2018-03-10,A,bus,471143,False
2018-03-11,U,bus,339755,False
2018-03-12,W,bus,798061,False
2018-03-13,W,bus,808848,False
2018-03-14,W,bus,834401,True
2018-03-15,W,bus,829652,False
2018-03-16,W,bus,808945,False
2018-03-17,A,bus,471682,False
2018-03-18,U,bus,361391,False
2018-03-19,W,bus,807848,False
2018-03-20,W,bus,808168,False
2018-03-21,W,bus,815911,False
2018-03-22,W,bus,807829,False
2018-03-23,W,bus,789868,False
2018-03-24,A,bus,424609,False
2018-03-25,U,bus,331496,False
2018-03-26,W,bus,685230,True
2018-03-27,W,bus,688138,False
2018-03-28,W,bus,719691,False
2018-03-29,W,bus,692129,False
2018-03-30,W,bus,672341,False
2018-03-31,A,bus,428294,False
2018-04-01,U,bus,305848,False
2018-04-02,W,bus,782016,False
2018-04-03,W,bus,816056,False
2018-04-04,W,bus,823619,False
2018-04-05,W,bus,817204,False
2018-04-06,W,bus,792532,False
2018-04-07,A,bus,466492,False
2018-04-08,U,bus,335409,False
2018-04-09,W,bus,773663,False
2018-04-10,W,bus,798350,False
2018-04-11,W,bus,849255,False
2018-04-12,W,bus,836193,False
2018-04-13,W,bus,729175,False
2018-04-14,A,bus,417189,False
2018-04-15,U,bus,300857,False
2018-04-16,W,bus,773294,False
2018-04-17,W,bus,830925,False
2018-04-18,W,bus,783296,False
2018-04-19,W,bus,774579,False
2018-04-20,W,bus,812450,False
2018-04-21,A,bus,455577,False
2018-04-22,U,bus,348195,False
2018-04-23,W,bus,810268,False
2018-04-24,W,bus,826998,False
2018-04-25,W,bus,838143,False
2018-04-26,W,bus,837802,False
2018-04-27,W,bus,812960,False
2018-04-28,A,bus,480130,False
2018-04-29,U,bus,354456,False
2018-04-30,W,bus,817980,False
2018-05-01,W,bus,876677,False
2018-05-02,W,bus,834718,False
2018-05-03,W,bus,840135,False
2018-05-04,W,bus,830802,False
2018-05-05,A,bus,506199,False
2018-05-06,U,bus,359516,False
2018-05-07,W,bus,821267,False
2018-05-08,W,bus,841014,False
2018-05-09,W,bus,803570,False
2018-05-10,W,bus,838748,False
2018-05-11,W,bus,788585,False
2018-05-12,A,bus,440554,False
2018-05-13,U,bus,335726,False
2018-05-14,W,bus,742924,False
2018-05-15,W,bus,809607,False
2018-05-16,W,bus,824209,False
2018-05-17,W,bus,807735,False
2018-05-18,W,bus,784606,False
2018-05-19,A,bus,461266,False
2018-05-20,U,bus,321817,False
2018-05-21,W,bus,709633,False
2018-05-22,W,bus,819740,False
2018-05-23,W,bus,827983,False
2018-05-24,W,bus,813320,False
2018-05-25,W,bus,797393,False
2018-05-26,A,bus,474011,False
2018-05-27,U,bus,382202,False
2018-05-28,U,bus,364119,False
2018-05-29,W,bus,797433,False
2018-05-30,W,bus,793348,False
2018-05-31,W,bus,819988,False
2018-06-01,W,bus,851045,False
2018-06-02,A,bus,496149,False
2018-06-03,U,bus,383320,False
2018-06-04,W,bus,820746,False
2018-06-05,W,bus,826465,False
2018-06-06,W,bus,820198,False
2018-06-07,W,bus,821694,False
2018-06-08,W,bus,779201,False
2018-06-09,A,bus,464236,False
2018-06-10,U,bus,332042,False
2018-06-11,W,bus,781557,False
2018-06-12,W,bus,807427,False
2018-06-13,W,bus,783799,False
2018-06-14,W,bus,795923,False
2018-06-15,W,bus,775628,False
2018-06-16,A,bus,472932,False
2018-06-17,U,bus,351730,False
2018-06-18,W,bus,742447,False
2018-06-19,W,bus,779092,False
2018-06-20,W,bus,741682,False
2018-06-21,W,bus,628563,True
2018-06-22,W,bus,669210,False
2018-06-23,A,bus,487366,False
2018-06-24,U,bus,382787,False
2018-06-25,W,bus,730834,False
2018-06-26,W,bus,714896,False
2018-06-27,W,bus,734332,False
2018-06-28,W,bus,751395,False
2018-06-29,W,bus,748648,False
2018-06-30,A,bus,473766,False
2018-07-01,U,bus,353385,False
2018-07-02,W,bus,734869,False
2018-07-03,W,bus,771705,False
2018-07-04,U,bus,384885,False
2018-07-05,W,bus,652746,False
2018-07-06,W,bus,720068,False
2018-07-07,A,bus,485369,False
2018-07-08,U,bus,376335,False
2018-07-09,W,bus,742452,False
2018-07-10,W,bus,766160,False
2018-07-11,W,bus,772083,False
2018-07-12,W,bus,755211,False
2018-07-13,W,bus,753196,False
2018-07-14,A,bus,471688,False
2018-07-15,U,bus,380142,False
2018-07-16,W,bus,731999,False
2018-07-17,W,bus,768143,False
2018-07-18,W,bus,770336,False
2018-07-19,W,bus,765291,False
2018-07-20,W,bus,721413,False
2018-07-21,A,bus,469280,False
2018-07-22,U,bus,339813,False
2018-07-23,W,bus,742296,False
2018-07-24,W,bus,766503,False
2018-07-25,W,bus,763505,False
2018-07-26,W,bus,758033,False
2018-07-27,W,bus,729506,False
2018-07-28,A,bus,484064,False
2018-07-29,U,bus,374591,False
2018-07-30,W,bus,718899,False
2018-07-31,W,bus,733107,False
2018-08-01,W,bus,778530,False
2018-08-02,W,bus,743458,False
2018-08-03,W,bus,765341,False
2018-08-04,A,bus,480664,False
2018-08-05,U,bus,368543,False
2018-08-06,W,bus,688147,False
2018-08-07,W,bus,710000,False
2018-08-08,W,bus,737497,False
2018-08-09,W,bus,725134,False
2018-08-10,W,bus,728844,False
2018-08-11,A,bus,498035,False
2018-08-12,U,bus,372421,False
2018-08-13,W,bus,705028,False
2018-08-14,W,bus,722447,False
2018-08-15,W,bus,710743,False
2018-08-16,W,bus,720279,False
2018-08-17,W,bus,702584,False
2018-08-18,A,bus,493509,False
2018-08-19,U,bus,380140,False
2018-08-20,W,bus,668029,False
2018-08-21,W,bus,714668,False
2018-08-22,W,bus,747818,False
2018-08-23,W,bus,751380,False
2018-08-24,W,bus,692290,True
2018-08-25,A,bus,472537,False
2018-08-26,U,bus,358918,False
2018-08-27,W,bus,751100,False
2018-08-28,W,bus,751236,False
2018-08-29,W,bus,752668,False
2018-08-30,W,bus,776906,False
2018-08-31,W,bus,773345,False
2018-09-01,A,bus,457556,False
2018-09-02,U,bus,393446,False
2018-09-03,U,bus,330488,False
2018-09-04,W,bus,864262,False
2018-09-05,W,bus,854763,False
2018-09-06,W,bus,819596,False
2018-09-07,W,bus,814560,False
2018-09-08,A,bus,486855,False
2018-09-09,U,bus,361946,False
2018-09-10,W,bus,844530,False
2018-09-11,W,bus,861007,False
2018-09-12,W,bus,865443,False
2018-09-13,W,bus,851071,False
2018-09-14,W,bus,841332,False
2018-09-15,A,bus,498240,False
2018-09-16,U,bus,375988,False
2018-09-17,W,bus,839178,False
2018-09-18,W,bus,846003,False
2018-09-19,W,bus,844257,False
2018-09-20,W,bus,840571,False
2018-09-21,W,bus,829287,False
2018-09-22,A,bus,497023,False
2018-09-23,U,bus,373382,False
2018-09-24,W,bus,829917,False
2018-09-25,W,bus,843206,False
2018-09-26,W,bus,868419,False
2018-09-27,W,bus,858664,False
2018-09-28,W,bus,824823,False
2018-09-29,A,bus,492591,False
2018-09-30,U,bus,365436,False
2018-10-01,W,bus,878697,False
2018-10-02,W,bus,870588,False
2018-10-03,W,bus,910415,False
2018-10-04,W,bus,875646,False
2018-10-05,W,bus,798129,False
2018-10-06,A,bus,471199,False
2018-10-07,U,bus,325617,False
2018-10-08,W,bus,700116,False
2018-10-09,W,bus,882871,False
2018-10-10,W,bus,831398,False
2018-10-11,W,bus,860410,False
2018-10-12,W,bus,824598,False
2018-10-13,A,bus,494592,False
2018-10-14,U,bus,362011,False
2018-10-15,W,bus,836275,False
2018-10-16,W,bus,856815,False
2018-10-17,W,bus,866716,False
2018-10-18,W,bus,858568,False
2018-10-19,W,bus,814805,False
2018-10-20,A,bus,464296,False
2018-10-21,U,bus,353981,False
2018-10-22,W,bus,841090,False
2018-10-23,W,bus,858222,False
2018-10-24,W,bus,855770,False
2018-10-25,W,bus,846179,False
2018-10-26,W,bus,842904,False
2018-10-27,A,bus,492859,False
2018-10-28,U,bus,334541,False
2018-10-29,W,bus,835732,False
2018-10-30,W,bus,851167,False
2018-10-31,W,bus,840619,False
2018-11-01,W,bus,866316,False
2018-11-02,W,bus,785859,True
2018-11-03,A,bus,513626,False
2018-11-04,U,bus,322036,False
2018-11-05,W,bus,853379,False
2018-11-06,W,bus,836999,False
2018-11-07,W,bus,841086,False
2018-11-08,W,bus,841232,False
2018-11-09,W,bus,796310,False
2018-11-10,A,bus,465852,False
2018-11-11,U,bus,344050,False
2018-11-12,W,bus,652992,True
2018-11-13,W,bus,824479,False
2018-11-14,W,bus,820013,False
2018-11-15,W,bus,768946,False
2018-11-16,W,bus,816628,False
2018-11-17,A,bus,437661,False
2018-11-18,U,bus,339408,False
2018-11-19,W,bus,803920,False
2018-11-20,W,bus,807383,False
2018-11-21,W,bus,649866,True
2018-11-22,U,bus,244365,True
2018-11-23,W,bus,473453,True
2018-11-24,A,bus,407870,False
2018-11-25,U,bus,285466,False
2018-11-26,W,bus,681371,False
2018-11-27,W,bus,788682,False
2018-11-28,W,bus,804497,False
2018-11-29,W,bus,809744,False
2018-11-30,W,bus,840494,False
2018-12-01,A,bus,428105,False
2018-12-02,U,bus,339157,False
2018-12-03,W,bus,831431,False
2018-12-04,W,bus,835143,False
2018-12-05,W,bus,816399,False
2018-12-06,W,bus,820745,False
2018-12-07,W,bus,785144,False
2018-12-08,A,bus,456911,False
2018-12-09,U,bus,346457,False
2018-12-10,W,bus,794682,False
2018-12-11,W,bus,817284,False
2018-12-12,W,bus,809305,False
2018-12-13,W,bus,804783,False
2018-12-14,W,bus,789944,False
2018-12-15,A,bus,481485,False
2018-12-16,U,bus,353013,False
2018-12-17,W,bus,791252,False
2018-12-18,W,bus,794636,False
2018-12-19,W,bus,799278,False
2018-12-20,W,bus,762587,False
2018-12-21,W,bus,727571,False
2018-12-22,A,bus,442692,False
2018-12-23,U,bus,330462,False
2018-12-24,W,bus,422369,True
2018-12-25,U,bus,188696,False
2018-12-26,W,bus,515030,False
2018-12-27,W,bus,509948,False
2018-12-28,W,bus,577497,False
2018-12-29,A,bus,394088,False
2018-12-30,U,bus,314550,False
2018-12-31,W,bus,463165,False
2019-01-01,U,bus,248879,False
2019-01-02,W,bus,591006,False
2019-01-03,W,bus,664442,False
2019-01-04,W,bus,668812,False
2019-01-05,A,bus,444434,False
2019-01-06,U,bus,318623,False
2019-01-07,W,bus,723023,False
2019-01-08,W,bus,784085,False
2019-01-09,W,bus,747949,False
2019-01-10,W,bus,747850,False
2019-01-11,W,bus,763718,False
2019-01-12,A,bus,382464,False
2019-01-13,U,bus,301855,False
2019-01-14,W,bus,756590,False
2019-01-15,W,bus,783113,False
2019-01-16,W,bus,800537,False
2019-01-17,W,bus,800348,False
2019-01-18,W,bus,776640,False
2019-01-19,A,bus,337080,False
2019-01-20,U,bus,271961,False
2019-01-21,W,bus,445534,True
2019-01-22,W,bus,757962,False
2019-01-23,W,bus,764136,False
2019-01-24,W,bus,745872,False
2019-01-25,W,bus,568100,False
2019-01-26,A,bus,343625,False
2019-01-27,U,bus,258884,False
2019-01-28,W,bus,668192,False
2019-01-29,W,bus,581664,False
2019-01-30,W,bus,124154,True
2019-01-31,W,bus,282336,True
2019-02-01,W,bus,683059,False
2019-02-02,A,bus,435441,False
2019-02-03,U,bus,322488,False
2019-02-04,W,bus,808055,False
2019-02-05,W,bus,808858,False
2019-02-06,W,bus,799164,False
2019-02-07,W,bus,789342,False
2019-02-08,W,bus,710682,False
2019-02-09,A,bus,423681,False
2019-02-10,U,bus,296809,False
2019-02-11,W,bus,779386,False
2019-02-12,W,bus,741083,False
2019-02-13,W,bus,795205,False
2019-02-14,W,bus,824482,False
2019-02-15,W,bus,754152,False
2019-02-16,A,bus,438454,False
2019-02-17,U,bus,296482,False
2019-02-18,W,bus,555501,True
2019-02-19,W,bus,812492,False
2019-02-20,W,bus,779660,False
2019-02-21,W,bus,813056,False
2019-02-22,W,bus,798311,False
2019-02-23,A,bus,406839,False
2019-02-24,U,bus,288368,False
2019-02-25,W,bus,762857,False
2019-02-26,W,bus,773049,False
2019-02-27,W,bus,797800,False
2019-02-28,W,bus,783920,False
2019-03-01,W,bus,812238,False
2019-03-02,A,bus,454119,False
2019-03-03,U,bus,313539,False
2019-03-04,W,bus,699086,True
2019-03-05,W,bus,761781,False
2019-03-06,W,bus,790908,False
2019-03-07,W,bus,790299,False
2019-03-08,W,bus,781577,False
2019-03-09,A,bus,409779,False
2019-03-10,U,bus,310427,False
2019-03-11,W,bus,784354,False
2019-03-12,W,bus,816229,False
2019-03-13,W,bus,785256,False
2019-03-14,W,bus,777417,False
2019-03-15,W,bus,769660,False
2019-03-16,A,bus,468181,False
2019-03-17,U,bus,337661,False
2019-03-18,W,bus,786322,False
2019-03-19,W,bus,812217,False
2019-03-20,W,bus,782960,False
2019-03-21,W,bus,795501,False
2019-03-22,W,bus,784281,False
2019-03-23,A,bus,472376,False
2019-03-24,U,bus,312958,False
2019-03-25,W,bus,761448,False
2019-03-26,W,bus,794453,False
2019-03-27,W,bus,802407,False
2019-03-28,W,bus,782670,False
2019-03-29,W,bus,764086,False
2019-03-30,A,bus,428233,False
2019-03-31,U,bus,324724,False
2019-04-01,W,bus,825150,False
2019-04-02,W,bus,815370,False
2019-04-03,W,bus,846418,False
2019-04-04,W,bus,791393,False
2019-04-05,W,bus,754962,False
2019-04-06,A,bus,487323,False
2019-04-07,U,bus,331229,False
2019-04-08,W,bus,823032,False
2019-04-09,W,bus,791556,False
2019-04-10,W,bus,760548,False
2019-04-11,W,bus,771911,False
2019-04-12,W,bus,795077,False
2019-04-13,A,bus,473087,False
2019-04-14,U,bus,240601,True
2019-04-15,W,bus,694149,False
2019-04-16,W,bus,725056,False
2019-04-17,W,bus,710771,False
2019-04-18,W,bus,654819,False
2019-04-19,W,bus,643329,False
2019-04-20,A,bus,462233,False
2019-04-21,U,bus,330270,False
2019-04-22,W,bus,767623,False
2019-04-23,W,bus,806358,False
2019-04-24,W,bus,813407,False
2019-04-25,W,bus,820219,False
2019-04-26,W,bus,806103,False
2019-04-27,A,bus,369056,False
2019-04-28,U,bus,338518,False
2019-04-29,W,bus,729815,False
2019-04-30,W,bus,757497,False
2019-05-01,W,bus,841583,False
2019-05-02,W,bus,787163,False
2019-05-03,W,bus,834369,False
2019-05-04,A,bus,495436,False
2019-05-05,U,bus,402463,True
2019-05-06,W,bus,803622,False
2019-05-07,W,bus,805130,False
2019-05-08,W,bus,822516,False
2019-05-09,W,bus,810976,False
2019-05-10,W,bus,816268,False
2019-05-11,A,bus,456362,False
2019-05-12,U,bus,336476,False
2019-05-13,W,bus,783657,False
2019-05-14,W,bus,808863,False
2019-05-15,W,bus,810290,False
2019-05-16,W,bus,768250,False
2019-05-17,W,bus,758399,False
2019-05-18,A,bus,448115,False
2019-05-19,U,bus,332006,False
2019-05-20,W,bus,781061,False
2019-05-21,W,bus,777647,False
2019-05-22,W,bus,811376,False
2019-05-23,W,bus,801697,False
2019-05-24,W,bus,749827,False
2019-05-25,A,bus,483109,False
2019-05-26,U,bus,349368,False
2019-05-27,U,bus,298987,False
2019-05-28,W,bus,769069,False
2019-05-29,W,bus,791059,False
2019-05-30,W,bus,792091,False
2019-05-31,W,bus,817633,False
2019-06-01,A,bus,473204,False
2019-06-02,U,bus,370049,False
2019-06-03,W,bus,814607,False
2019-06-04,W,bus,797511,False
2019-06-05,W,bus,817943,False
2019-06-06,W,bus,819351,False
2019-06-07,W,bus,797917,False
2019-06-08,A,bus,517706,False
2019-06-09,U,bus,372952,False
2019-06-10,W,bus,787528,False
2019-06-11,W,bus,812806,False
2019-06-12,W,bus,768907,False
2019-06-13,W,bus,784003,False
2019-06-14,W,bus,786956,False
2019-06-15,A,bus,447116,False
2019-06-16,U,bus,347416,False
2019-06-17,W,bus,739714,False
2019-06-18,W,bus,783381,False
2019-06-19,W,bus,762852,False
2019-06-20,W,bus,754094,False
2019-06-21,W,bus,741691,False
2019-06-22,A,bus,485555,False
2019-06-23,U,bus,372216,False
2019-06-24,W,bus,713826,False
2019-06-25,W,bus,790945,False
2019-06-26,W,bus,778502,False
2019-06-27,W,bus,763256,False
2019-06-28,W,bus,742317,False
2019-06-29,A,bus,507082,False
2019-06-30,U,bus,342891,False
2019-07-01,W,bus,751938,False
2019-07-02,W,bus,732483,False
2019-07-03,W,bus,761825,False
2019-07-04,U,bus,386135,False
2019-07-05,W,bus,593204,True
2019-07-06,A,bus,464539,False
2019-07-07,U,bus,365003,False
2019-07-08,W,bus,738529,False
2019-07-09,W,bus,760765,False
2019-07-10,W,bus,750223,False
2019-07-11,W,bus,761712,False
2019-07-12,W,bus,738700,False
2019-07-13,A,bus,496000,False
2019-07-14,U,bus,386786,False
2019-07-15,W,bus,733408,False
2019-07-16,W,bus,736299,False
2019-07-17,W,bus,751727,False
2019-07-18,W,bus,681127,True
2019-07-19,W,bus,700392,False
2019-07-20,A,bus,466646,False
2019-07-21,U,bus,360488,False
2019-07-22,W,bus,733191,False
2019-07-23,W,bus,754783,False
2019-07-24,W,bus,754694,False
2019-07-25,W,bus,746240,False
2019-07-26,W,bus,728460,False
2019-07-27,A,bus,509542,False
2019-07-28,U,bus,399059,False
2019-07-29,W,bus,677033,False
2019-07-30,W,bus,744356,False
2019-07-31,W,bus,738630,False
2019-08-01,W,bus,763703,False
2019-08-02,W,bus,740366,False
2019-08-03,A,bus,497883,False
2019-08-04,U,bus,375863,False
2019-08-05,W,bus,727517,False
2019-08-06,W,bus,737702,False
2019-08-07,W,bus,745371,False
2019-08-08,W,bus,746213,False
2019-08-09,W,bus,720081,False
2019-08-10,A,bus,490001,False
2019-08-11,U,bus,376464,False
2019-08-12,W,bus,672626,False
2019-08-13,W,bus,715539,False
2019-08-14,W,bus,708180,False
2019-08-15,W,bus,723069,False
2019-08-16,W,bus,699501,False
2019-08-17,A,bus,456968,False
2019-08-18,U,bus,330848,False
2019-08-19,W,bus,697759,False
2019-08-20,W,bus,670195,False
2019-08-21,W,bus,732929,False
2019-08-22,W,bus,739175,False
2019-08-23,W,bus,720876,False
2019-08-24,A,bus,499355,False
2019-08-25,U,bus,395847,False
2019-08-26,W,bus,693566,False
2019-08-27,W,bus,776670,False
2019-08-28,W,bus,772893,False
2019-08-29,W,bus,769645,False
2019-08-30,W,bus,761440,False
2019-08-31,A,bus,482463,False
2019-09-01,U,bus,379610,False
2019-09-02,U,bus,374967,False
2019-09-03,W,bus,821674,False
2019-09-04,W,bus,861286,False
2019-09-05,W,bus,853186,False
2019-09-06,W,bus,821645,False
2019-09-07,A,bus,486423,False
2019-09-08,U,bus,344385,False
2019-09-09,W,bus,829266,False
2019-09-10,W,bus,856513,False
2019-09-11,W,bus,848169,False
2019-09-12,W,bus,845028,False
2019-09-13,W,bus,822197,False
2019-09-14,A,bus,498571,False
2019-09-15,U,bus,353264,False
2019-09-16,W,bus,825739,False
2019-09-17,W,bus,856186,False
2019-09-18,W,bus,859904,False
2019-09-19,W,bus,845624,False
2019-09-20,W,bus,830757,False
2019-09-21,A,bus,489155,False
2019-09-22,U,bus,338418,False
2019-09-23,W,bus,832762,False
2019-09-24,W,bus,850825,False
2019-09-25,W,bus,859089,False
2019-09-26,W,bus,853333,False
2019-09-27,W,bus,734962,True
2019-09-28,A,bus,476234,False
2019-09-29,U,bus,358174,False
2019-09-30,W,bus,850333,False
2019-10-01,W,bus,905477,True
2019-10-02,W,bus,844694,False
2019-10-03,W,bus,885919,False
2019-10-04,W,bus,851906,False
2019-10-05,A,bus,492689,False
2019-10-06,U,bus,403747,False
2019-10-07,W,bus,845146,False
2019-10-08,W,bus,868009,False
2019-10-09,W,bus,857532,False
2019-10-10,W,bus,855556,False
2019-10-11,W,bus,776609,False
2019-10-12,A,bus,480048,False
2019-10-13,U,bus,319885,False
2019-10-14,W,bus,666607,True
2019-10-15,W,bus,844826,False
2019-10-16,W,bus,845543,False
2019-10-17,W,bus,787285,False
2019-10-18,W,bus,762811,False
2019-10-19,A,bus,499700,False
2019-10-20,U,bus,377822,False
2019-10-21,W,bus,739027,False
2019-10-22,W,bus,772142,False
2019-10-23,W,bus,789783,False
2019-10-24,W,bus,790853,False
2019-10-25,W,bus,757907,False
2019-10-26,A,bus,412819,True
2019-10-27,U,bus,390090,False
2019-10-28,W,bus,762580,False
2019-10-29,W,bus,781400,False
2019-10-30,W,bus,733054,False
2019-10-31,W,bus,698934,False
2019-11-01,W,bus,798542,False
2019-11-02,A,bus,467877,False
2019-11-03,U,bus,356367,False
2019-11-04,W,bus,848867,False
2019-11-05,W,bus,855055,False
2019-11-06,W,bus,840399,False
2019-11-07,W,bus,821063,False
2019-11-08,W,bus,718820,False
2019-11-09,A,bus,479816,False
2019-11-10,U,bus,353042,False
2019-11-11,W,bus,590714,False
2019-11-12,W,bus,756604,False
2019-11-13,W,bus,762247,False
2019-11-14,W,bus,764328,False
2019-11-15,W,bus,794430,False
2019-11-16,A,bus,467987,False
2019-11-17,U,bus,340985,False
2019-11-18,W,bus,807951,False
2019-11-19,W,bus,822152,False
2019-11-20,W,bus,839934,False
2019-11-21,W,bus,790016,False
2019-11-22,W,bus,817445,False
2019-11-23,A,bus,468337,False
2019-11-24,U,bus,358133,False
2019-11-25,W,bus,810928,False
2019-11-26,W,bus,791651,False
2019-11-27,W,bus,669245,False
2019-11-28,U,bus,244233,False
2019-11-29,W,bus,480801,True
2019-11-30,A,bus,386439,False
2019-12-01,U,bus,315646,False
2019-12-02,W,bus,803894,False
2019-12-03,W,bus,849440,False
2019-12-04,W,bus,837738,False
2019-12-05,W,bus,833516,False
2019-12-06,W,bus,799551,False
2019-12-07,A,bus,472207,False
2019-12-08,U,bus,347917,False
2019-12-09,W,bus,786431,False
2019-12-10,W,bus,770888,False
2019-12-11,W,bus,753922,False
2019-12-12,W,bus,787393,False
2019-12-13,W,bus,788504,False
2019-12-14,A,bus,471203,False
2019-12-15,U,bus,348516,False
2019-12-16,W,bus,743694,False
2019-12-17,W,bus,765207,False
2019-12-18,W,bus,734493,False
2019-12-19,W,bus,745959,False
2019-12-20,W,bus,731997,False
2019-12-21,A,bus,454167,False
2019-12-22,U,bus,350959,False
2019-12-23,W,bus,601685,False
2019-12-24,W,bus,462098,False
2019-12-25,U,bus,200121,False
2019-12-26,W,bus,517911,False
2019-12-27,W,bus,552198,False
2019-12-28,A,bus,394869,False
2019-12-29,U,bus,315428,False
2019-12-30,W,bus,544713,False
2019-12-31,W,bus,511289,False
2020-01-01,U,bus,267300,False
2020-01-02,W,bus,651421,False
2020-01-03,W,bus,688165,False
2020-01-04,A,bus,409243,False
2020-01-05,U,bus,314424,False
2020-01-06,W,bus,750349,False
2020-01-07,W,bus,775765,False
2020-01-08,W,bus,744261,False
2020-01-09,W,bus,758063,False
2020-01-10,W,bus,753866,False
2020-01-11,A,bus,345787,False
2020-01-12,U,bus,294457,False
2020-01-13,W,bus,775861,False
2020-01-14,W,bus,807239,False
2020-01-15,W,bus,794821,False
2020-01-16,W,bus,774375,False
2020-01-17,W,bus,737073,False
2020-01-18,A,bus,371460,False
2020-01-19,U,bus,256029,False
2020-01-20,W,bus,477995,True
2020-01-21,W,bus,789718,False
2020-01-22,W,bus,794213,False
2020-01-23,W,bus,768601,False
2020-01-24,W,bus,745526,False
2020-01-25,A,bus,408051,False
2020-01-26,U,bus,318824,False
2020-01-27,W,bus,790014,False
2020-01-28,W,bus,802484,False
2020-01-29,W,bus,793740,False
2020-01-30,W,bus,787640,False
2020-01-31,W,bus,735622,False
2020-02-01,A,bus,449112,False
2020-02-02,U,bus,352056,False
2020-02-03,W,bus,816538,False
2020-02-04,W,bus,806946,False
2020-02-05,W,bus,802795,False
2020-02-06,W,bus,761859,False
2020-02-07,W,bus,778480,False
2020-02-08,A,bus,456540,False
2020-02-09,U,bus,310705,False
2020-02-10,W,bus,799851,False
2020-02-11,W,bus,819275,False
2020-02-12,W,bus,785838,False
2020-02-13,W,bus,746798,False
2020-02-14,W,bus,674960,False
2020-02-15,A,bus,408435,False
2020-02-16,U,bus,338343,False
2020-02-17,W,bus,567523,True
2020-02-18,W,bus,815098,False
2020-02-19,W,bus,804097,False
2020-02-20,W,bus,778698,False
2020-02-21,W,bus,782853,False
2020-02-22,A,bus,463771,False
2020-02-23,U,bus,357784,False
2020-02-24,W,bus,789498,False
2020-02-25,W,bus,781725,False
2020-02-26,W,bus,756936,False
2020-02-27,W,bus,778992,False
2020-02-28,W,bus,786008,False
2020-02-29,A,bus,458601,False
2020-03-01,U,bus,357257,False
2020-03-02,W,bus,785700,False
2020-03-03,W,bus,834640,False
2020-03-04,W,bus,815420,False
2020-03-05,W,bus,803260,False
2020-03-06,W,bus,767084,False
2020-03-07,A,bus,455672,False
2020-03-08,U,bus,343291,False
2020-03-09,W,bus,736013,False
2020-03-10,W,bus,787025,False
2020-03-11,W,bus,767610,False
2020-03-12,W,bus,737628,False
2020-03-13,W,bus,674594,False
2020-03-14,A,bus,347925,False
2020-03-15,U,bus,256591,False
2020-03-16,W,bus,493179,False
2020-03-17,W,bus,390091,False
2020-03-18,W,bus,320242,False
2020-03-19,W,bus,305501,False
2020-03-20,W,bus,303882,False
2020-03-21,A,bus,185406,False
2020-03-22,U,bus,113282,False
2020-03-23,W,bus,212121,True
2020-03-24,W,bus,220319,False
2020-03-25,W,bus,229414,False
2020-03-26,W,bus,211746,False
2020-03-27,W,bus,220715,False
2020-03-28,A,bus,144561,False
2020-03-29,U,bus,111188,False
2020-03-30,W,bus,208762,False
2020-03-31,W,bus,200537,False
2020-04-01,W,bus,235503,False
2020-04-02,W,bus,214222,False
2020-04-03,W,bus,240528,False
2020-04-04,A,bus,154302,False
2020-04-05,U,bus,118701,False
2020-04-06,W,bus,199323,False
2020-04-07,W,bus,202629,False
2020-04-08,W,bus,197789,False
2020-04-09,W,bus,189898,False
2020-04-10,W,bus,202934,False
2020-04-11,A,bus,161743,False
2020-04-12,U,bus,117907,False
2020-04-13,W,bus,199679,False
2020-04-14,W,bus,196277,False
2020-04-15,W,bus,199545,False
2020-04-16,W,bus,213862,False
2020-04-17,W,bus,205280,False
2020-04-18,A,bus,175887,False
2020-04-19,U,bus,135539,False
2020-04-20,W,bus,225938,False
2020-04-21,W,bus,219120,False
2020-04-22,W,bus,213080,False
2020-04-23,W,bus,214131,False
2020-04-24,W,bus,225498,False
2020-04-25,A,bus,156179,False
2020-04-26,U,bus,145023,False
2020-04-27,W,bus,230903,False
2020-04-28,W,bus,229831,False
2020-04-29,W,bus,205453,False
2020-04-30,W,bus,224948,False
2020-05-01,W,bus,272700,True
2020-05-02,A,bus,210617,False
2020-05-03,U,bus,155791,False
2020-05-04,W,bus,244960,False
2020-05-05,W,bus,224885,False
2020-05-06,W,bus,248434,False
2020-05-07,W,bus,247597,False
2020-05-08,W,bus,242402,False
2020-05-09,A,bus,206907,False
2020-05-10,U,bus,134047,False
2020-05-11,W,bus,236521,False
2020-05-12,W,bus,244938,False
2020-05-13,W,bus,259169,False
2020-05-14,W,bus,211894,False
2020-05-15,W,bus,261148,False
2020-05-16,A,bus,204433,False
2020-05-17,U,bus,119698,False
2020-05-18,W,bus,242568,False
2020-05-19,W,bus,228412,False
2020-05-20,W,bus,253916,False
2020-05-21,W,bus,244336,False
2020-05-22,W,bus,255894,False
2020-05-23,A,bus,198708,False
2020-05-24,U,bus,171095,False
2020-05-25,U,bus,170039,False
2020-05-26,W,bus,260758,False
2020-05-27,W,bus,258713,False
2020-05-28,W,bus,250675,False
2020-05-29,W,bus,265087,False
2020-05-30,A,bus,210004,False
2020-05-31,U,bus,86503,False
2020-06-01,W,bus,146931,True
2020-06-02,W,bus,154414,True
2020-06-03,W,bus,207502,False
2020-06-04,W,bus,236590,False
2020-06-05,W,bus,252137,False
2020-06-06,A,bus,184406,False
2020-06-07,U,bus,143697,False
2020-06-08,W,bus,263520,False
2020-06-09,W,bus,245154,False
2020-06-10,W,bus,258523,False
2020-06-11,W,bus,282597,False
2020-06-12,W,bus,276051,False
2020-06-13,A,bus,206386,False
2020-06-14,U,bus,165299,False
2020-06-15,W,bus,294517,False
2020-06-16,W,bus,301881,False
2020-06-17,W,bus,306380,False
2020-06-18,W,bus,305028,False
2020-06-19,W,bus,303502,False
2020-06-20,A,bus,221620,False
2020-06-21,U,bus,165913,False
2020-06-22,W,bus,260524,False
2020-06-23,W,bus,299680,False
2020-06-24,W,bus,286680,False
2020-06-25,W,bus,304522,False
2020-06-26,W,bus,275240,False
2020-06-27,A,bus,233358,False
2020-06-28,U,bus,171693,False
2020-06-29,W,bus,279383,False
2020-06-30,W,bus,298563,False
2020-07-01,W,bus,327984,True
2020-07-02,W,bus,320859,False
2020-07-03,U,bus,272940,True
2020-07-04,A,bus,188378,False
2020-07-05,U,bus,166998,False
2020-07-06,W,bus,301317,False
2020-07-07,W,bus,300508,False
2020-07-08,W,bus,301892,False
2020-07-09,W,bus,301260,False
2020-07-10,W,bus,312226,False
2020-07-11,A,bus,233152,False
2020-07-12,U,bus,174761,False
2020-07-13,W,bus,309700,False
2020-07-14,W,bus,312379,False
2020-07-15,W,bus,295648,False
2020-07-16,W,bus,306288,False
2020-07-17,W,bus,315882,False
2020-07-18,A,bus,219217,False
2020-07-19,U,bus,148461,False
2020-07-20,W,bus,307261,False
2020-07-21,W,bus,297659,False
2020-07-22,W,bus,306629,False
2020-07-23,W,bus,315401,False
2020-07-24,W,bus,318269,False
2020-07-25,A,bus,228619,False
2020-07-26,U,bus,163332,False
2020-07-27,W,bus,295579,False
2020-07-28,W,bus,314899,False
2020-07-29,W,bus,305332,False
2020-07-30,W,bus,307576,False
2020-07-31,W,bus,338021,False
2020-08-01,A,bus,235944,False
2020-08-02,U,bus,169536,False
2020-08-03,W,bus,324028,False
2020-08-04,W,bus,326128,False
2020-08-05,W,bus,319021,False
2020-08-06,W,bus,320751,False
2020-08-07,W,bus,326107,False
2020-08-08,A,bus,232723,False
2020-08-09,U,bus,175080,False
2020-08-10,W,bus,250672,True
2020-08-11,W,bus,309009,False
2020-08-12,W,bus,313739,False
2020-08-13,W,bus,313917,False
2020-08-14,W,bus,315311,False
2020-08-15,A,bus,215071,False
2020-08-16,U,bus,172492,False
2020-08-17,W,bus,304431,False
2020-08-18,W,bus,313038,False
2020-08-19,W,bus,317835,False
2020-08-20,W,bus,317199,False
2020-08-21,W,bus,322563,False
2020-08-22,A,bus,229626,False
2020-08-23,U,bus,167737,False
2020-08-24,W,bus,295919,False
2020-08-25,W,bus,306720,False
2020-08-26,W,bus,311882,False
2020-08-27,W,bus,307570,False
2020-08-28,W,bus,313712,False
2020-08-29,A,bus,228415,False
2020-08-30,U,bus,172100,False
2020-08-31,W,bus,312659,False
2020-09-01,W,bus,320186,False
2020-09-02,W,bus,335025,False
2020-09-03,W,bus,347516,False
2020-09-04,W,bus,339339,False
2020-09-05,A,bus,239660,False
2020-09-06,U,bus,161152,False
2020-09-07,U,bus,189391,False
2020-09-08,W,bus,288854,True
2020-09-09,W,bus,318510,False
2020-09-10,W,bus,320927,False
2020-09-11,W,bus,323815,False
2020-09-12,A,bus,213040,False
2020-09-13,U,bus,183881,False
2020-09-14,W,bus,314508,False
2020-09-15,W,bus,323465,False
2020-09-16,W,bus,323500,False
2020-09-17,W,bus,322703,False
2020-09-18,W,bus,329339,False
2020-09-19,A,bus,240028,False
2020-09-20,U,bus,175502,False
2020-09-21,W,bus,312717,False
2020-09-22,W,bus,324554,False
2020-09-23,W,bus,326416,False
2020-09-24,W,bus,321314,False
2020-09-25,W,bus,338121,False
2020-09-26,A,bus,239686,False
2020-09-27,U,bus,176943,False
2020-09-28,W,bus,299874,False
2020-09-29,W,bus,323062,False
2020-09-30,W,bus,320186,False
2020-10-01,W,bus,336911,False
2020-10-02,W,bus,349664,False
2020-10-03,A,bus,241921,False
2020-10-04,U,bus,179954,False
2020-10-05,W,bus,326242,False
2020-10-06,W,bus,332474,False
2020-10-07,W,bus,333595,False
2020-10-08,W,bus,334365,False
2020-10-09,W,bus,335842,False
2020-10-10,A,bus,248858,False
2020-10-11,U,bus,181194,False
2020-10-12,W,bus,271925,True
2020-10-13,W,bus,334145,False
2020-10-14,W,bus,334911,False
2020-10-15,W,bus,323424,False
2020-10-16,W,bus,324544,False
2020-10-17,A,bus,231563,False
2020-10-18,U,bus,150496,False
2020-10-19,W,bus,300842,False
2020-10-20,W,bus,310091,False
2020-10-21,W,bus,321256,False
2020-10-22,W,bus,318012,False
2020-10-23,W,bus,288787,False
2020-10-24,A,bus,239353,False
2020-10-25,U,bus,160807,False
2020-10-26,W,bus,294204,False
2020-10-27,W,bus,299100,False
2020-10-28,W,bus,318538,False
2020-10-29,W,bus,304342,False
2020-10-30,W,bus,334559,False
2020-10-31,A,bus,224885,False
2020-11-01,U,bus,149896,False
2020-11-02,W,bus,301558,False
2020-11-03,W,bus,317723,False
2020-11-04,W,bus,306904,False
2020-11-05,W,bus,311836,False
2020-11-06,W,bus,318896,False
2020-11-07,A,bus,226237,False
2020-11-08,U,bus,166538,False
2020-11-09,W,bus,308098,False
2020-11-10,W,bus,298502,False
2020-11-11,W,bus,286362,False
2020-11-12,W,bus,305497,False
2020-11-13,W,bus,305354,False
2020-11-14,A,bus,206691,False
2020-11-15,U,bus,136434,False
2020-11-16,W,bus,282290,False
2020-11-17,W,bus,279757,False
2020-11-18,W,bus,285245,False
2020-11-19,W,bus,292548,False
2020-11-20,W,bus,297292,False
2020-11-21,A,bus,206379,False
2020-11-22,U,bus,146562,False
2020-11-23,W,bus,283365,False
2020-11-24,W,bus,264500,False
2020-11-25,W,bus,267787,False
2020-11-26,U,bus,119470,False
2020-11-27,W,bus,221878,False
2020-11-28,A,bus,198860,False
2020-11-29,U,bus,145682,False
2020-11-30,W,bus,255801,False
2020-12-01,W,bus,290906,False
2020-12-02,W,bus,289930,False
2020-12-03,W,bus,301357,False
2020-12-04,W,bus,297160,False
2020-12-05,A,bus,206508,False
2020-12-06,U,bus,144322,False
2020-12-07,W,bus,272363,False
2020-12-08,W,bus,277139,False
2020-12-09,W,bus,293699,False
2020-12-10,W,bus,297368,False
2020-12-11,W,bus,277727,False
2020-12-12,A,bus,181545,False
2020-12-13,U,bus,150344,False
2020-12-14,W,bus,269583,False
2020-12-15,W,bus,273075,False
2020-12-16,W,bus,269375,False
2020-12-17,W,bus,273791,False
2020-12-18,W,bus,284841,False
2020-12-19,A,bus,201406,False
2020-12-20,U,bus,157805,False
2020-12-21,W,bus,280892,False
2020-12-22,W,bus,289292,False
2020-12-23,W,bus,283137,False
2020-12-24,W,bus,201261,False
2020-12-25,U,bus,80783,True
2020-12-26,A,bus,170294,True
2020-12-27,U,bus,139350,False
2020-12-28,W,bus,259552,False
2020-12-29,W,bus,253437,False
2020-12-30,W,bus,244219,False
2020-12-31,W,bus,254787,False
2021-01-01,U,bus,114115,True
2021-01-02,A,bus,186877,False
2021-01-03,U,bus,140440,False
2021-01-04,W,bus,282862,False
2021-01-05,W,bus,281724,False
2021-01-06,W,bus,278317,False
2021-01-07,W,bus,270340,False
2021-01-08,W,bus,272827,False
2021-01-09,A,bus,205370,False
2021-01-10,U,bus,145412,False
2021-01-11,W,bus,262355,False
2021-01-12,W,bus,277882,False
2021-01-13,W,bus,282529,False
2021-01-14,W,bus,275747,False
2021-01-15,W,bus,277928,False
2021-01-16,A,bus,193303,False
2021-01-17,U,bus,143923,False
2021-01-18,W,bus,227108,True
2021-01-19,W,bus,270497,False
2021-01-20,W,bus,257638,False
2021-01-21,W,bus,287899,False
2021-01-22,W,bus,264517,False
2021-01-23,A,bus,190988,False
2021-01-24,U,bus,141538,False
2021-01-25,W,bus,265782,False
2021-01-26,W,bus,233767,False
2021-01-27,W,bus,262570,False
2021-01-28,W,bus,265152,False
2021-01-29,W,bus,285439,False
2021-01-30,A,bus,192267,False
2021-01-31,U,bus,119669,False
2021-02-01,W,bus,285366,False
2021-02-02,W,bus,288369,False
2021-02-03,W,bus,315672,False
2021-02-04,W,bus,278515,False
2021-02-05,W,bus,250369,False
2021-02-06,A,bus,161437,False
2021-02-07,U,bus,110637,False
2021-02-08,W,bus,242899,False
2021-02-09,W,bus,260772,False
2021-02-10,W,bus,267271,False
2021-02-11,W,bus,269772,False
2021-02-12,W,bus,280767,False
2021-02-13,A,bus,186257,False
2021-02-14,U,bus,121070,False
2021-02-15,W,bus,196912,True
2021-02-16,W,bus,206197,True
2021-02-17,W,bus,278930,False
2021-02-18,W,bus,283168,False
2021-02-19,W,bus,287852,False
2021-02-20,A,bus,192157,False
2021-02-21,U,bus,146116,False
2021-02-22,W,bus,280331,False
2021-02-23,W,bus,308822,False
2021-02-24,W,bus,307300,False
2021-02-25,W,bus,300304,False
2021-02-26,W,bus,309217,False
2021-02-27,A,bus,232432,False
2021-02-28,U,bus,158200,False
2021-03-01,W,bus,309106,False
2021-03-02,W,bus,308998,False
2021-03-03,W,bus,333410,True
2021-03-04,W,bus,309302,False
2021-03-05,W,bus,317629,False
2021-03-06,A,bus,228890,False
2021-03-07,U,bus,173071,False
2021-03-08,W,bus,317267,False
2021-03-09,W,bus,327340,False
2021-03-10,W,bus,312074,False
2021-03-11,W,bus,318121,False
2021-03-12,W,bus,323199,False
2021-03-13,A,bus,247738,False
2021-03-14,U,bus,163299,False
2021-03-15,W,bus,265818,True
2021-03-16,W,bus,300583,False
2021-03-17,W,bus,310656,False
2021-03-18,W,bus,293346,False
2021-03-19,W,bus,330666,False
2021-03-20,A,bus,246067,False
2021-03-21,U,bus,187953,False
2021-03-22,W,bus,319333,False
2021-03-23,W,bus,303876,False
2021-03-24,W,bus,320929,False
2021-03-25,W,bus,316190,False
2021-03-26,W,bus,321386,False
2021-03-27,A,bus,235940,False
2021-03-28,U,bus,171037,False
2021-03-29,W,bus,316586,False
2021-03-30,W,bus,324218,False
2021-03-31,W,bus,313521,False
2021-04-01,W,bus,330414,False
2021-04-02,W,bus,329144,False
2021-04-03,A,bus,258780,False
2021-04-04,U,bus,178580,False
2021-04-05,W,bus,313426,False
2021-04-06,W,bus,338664,False
2021-04-07,W,bus,340512,False
2021-04-08,W,bus,302569,False
2021-04-09,W,bus,330542,False
2021-04-10,A,bus,212976,False
2021-04-11,U,bus,177686,False
2021-04-12,W,bus,326192,False
2021-04-13,W,bus,335197,False
2021-04-14,W,bus,320689,False
2021-04-15,W,bus,321850,False
2021-04-16,W,bus,334144,False
2021-04-17,A,bus,237265,False
2021-04-18,U,bus,177249,False
2021-04-19,W,bus,307407,False
2021-04-20,W,bus,310048,False
2021-04-21,W,bus,313705,False
2021-04-22,W,bus,336610,False
2021-04-23,W,bus,341811,False
2021-04-24,A,bus,234939,False
2021-04-25,U,bus,175558,False
2021-04-26,W,bus,337128,False
2021-04-27,W,bus,352388,False
2021-04-28,W,bus,303689,False
2021-04-29,W,bus,327089,False
2021-04-30,W,bus,358329,False
2021-05-01,A,bus,266141,False
2021-05-02,U,bus,195776,False
2021-05-03,W,bus,334667,False
2021-05-04,W,bus,330540,False
2021-05-05,W,bus,346837,False
2021-05-06,W,bus,322453,False
2021-05-07,W,bus,351011,False
2021-05-08,A,bus,255252,False
2021-05-09,U,bus,158199,False
2021-05-10,W,bus,317899,False
2021-05-11,W,bus,338523,False
2021-05-12,W,bus,337223,False
2021-05-13,W,bus,347914,False
2021-05-14,W,bus,353950,False
2021-05-15,A,bus,234951,False
2021-05-16,U,bus,195939,False
2021-05-17,W,bus,333150,False
2021-05-18,W,bus,338267,False
2021-05-19,W,bus,331674,False
2021-05-20,W,bus,350455,False
2021-05-21,W,bus,353721,False
2021-05-22,A,bus,265066,False
2021-05-23,U,bus,184730,False
2021-05-24,W,bus,338290,False
2021-05-25,W,bus,345371,False
2021-05-26,W,bus,349319,False
2021-05-27,W,bus,334991,False
2021-05-28,W,bus,313635,False
2021-05-29,A,bus,266944,False
2021-05-30,U,bus,209937,False
2021-05-31,U,bus,194901,False
2021-06-01,W,bus,349451,False
2021-06-02,W,bus,356620,False
2021-06-03,W,bus,382161,False
2021-06-04,W,bus,374475,False
2021-06-05,A,bus,278036,False
2021-06-06,U,bus,204309,False
2021-06-07,W,bus,343982,False
2021-06-08,W,bus,366854,False
2021-06-09,W,bus,367755,False
2021-06-10,W,bus,374697,False
2021-06-11,W,bus,375533,False
2021-06-12,A,bus,265224,False
2021-06-13,U,bus,219260,False
2021-06-14,W,bus,362267,False
2021-06-15,W,bus,372531,False
2021-06-16,W,bus,374362,False
2021-06-17,W,bus,372186,False
2021-06-18,W,bus,362823,False
2021-06-19,A,bus,276925,False
2021-06-20,U,bus,194025,False
2021-06-21,W,bus,349781,False
2021-06-22,W,bus,376511,False
2021-06-23,W,bus,362682,False
2021-06-24,W,bus,345186,False
2021-06-25,W,bus,343853,False
2021-06-26,A,bus,232678,True
2021-06-27,U,bus,219887,False
2021-06-28,W,bus,337566,False
2021-06-29,W,bus,346254,False
2021-06-30,W,bus,356837,False
2021-07-01,W,bus,397781,False
2021-07-02,W,bus,389185,False
2021-07-03,A,bus,292341,False
2021-07-04,U,bus,214496,False
2021-07-05,U,bus,237811,False
2021-07-06,W,bus,378230,False
2021-07-07,W,bus,371601,False
2021-07-08,W,bus,375578,False
2021-07-09,W,bus,389894,False
2021-07-10,A,bus,275612,False
2021-07-11,U,bus,189913,True
2021-07-12,W,bus,363268,False
2021-07-13,W,bus,375230,False
2021-07-14,W,bus,396163,False
2021-07-15,W,bus,374072,False
2021-07-16,W,bus,379552,False
2021-07-17,A,bus,296714,False
2021-07-18,U,bus,226558,False
2021-07-19,W,bus,377772,False
2021-07-20,W,bus,390578,False
2021-07-21,W,bus,392548,False
2021-07-22,W,bus,390531,False
2021-07-23,W,bus,386289,False
2021-07-24,A,bus,280927,False
2021-07-25,U,bus,221645,False
2021-07-26,W,bus,373206,False
2021-07-27,W,bus,387327,False
2021-07-28,W,bus,390425,False
2021-07-29,W,bus,394751,False
2021-07-30,W,bus,402364,False
2021-07-31,A,bus,292772,False
2021-08-01,U,bus,223161,False
2021-08-02,W,bus,374987,False
2021-08-03,W,bus,407869,False
2021-08-04,W,bus,401665,False
2021-08-05,W,bus,401248,False
2021-08-06,W,bus,387894,False
2021-08-07,A,bus,301542,False
2021-08-08,U,bus,223653,False
2021-08-09,W,bus,334547,False
2021-08-10,W,bus,372961,False
2021-08-11,W,bus,364185,False
2021-08-12,W,bus,381061,False
2021-08-13,W,bus,396567,False
2021-08-14,A,bus,294345,False
2021-08-15,U,bus,221156,False
2021-08-16,W,bus,371748,False
2021-08-17,W,bus,385106,False
2021-08-18,W,bus,387316,False
2021-08-19,W,bus,390171,False
2021-08-20,W,bus,399149,False
2021-08-21,A,bus,282205,False
2021-08-22,U,bus,231270,False
2021-08-23,W,bus,389873,False
2021-08-24,W,bus,382748,False
2021-08-25,W,bus,398464,False
2021-08-26,W,bus,417416,False
2021-08-27,W,bus,411406,False
2021-08-28,A,bus,290939,False
2021-08-29,U,bus,215493,False
2021-08-30,W,bus,452128,False
2021-08-31,W,bus,457408,False
2021-09-01,W,bus,483883,False
2021-09-02,W,bus,466988,False
2021-09-03,W,bus,460822,False
2021-09-04,A,bus,288744,False
2021-09-05,U,bus,238982,False
2021-09-06,U,bus,231171,False
2021-09-07,W,bus,445989,False
2021-09-08,W,bus,480111,False
2021-09-09,W,bus,471953,False
2021-09-10,W,bus,469400,False
2021-09-11,A,bus,292316,False
2021-09-12,U,bus,216327,False
2021-09-13,W,bus,450527,False
2021-09-14,W,bus,468812,False
2021-09-15,W,bus,472623,False
2021-09-16,W,bus,467659,False
2021-09-17,W,bus,469512,False
2021-09-18,A,bus,297188,False
2021-09-19,U,bus,221743,False
2021-09-20,W,bus,443252,False
2021-09-21,W,bus,452211,False
2021-09-22,W,bus,450883,False
2021-09-23,W,bus,464140,False
2021-09-24,W,bus,463710,False
2021-09-25,A,bus,300821,False
2021-09-26,U,bus,214958,False
2021-09-27,W,bus,458134,False
2021-09-28,W,bus,474767,False
2021-09-29,W,bus,471319,False
2021-09-30,W,bus,469820,False
2021-10-01,W,bus,486451,False
2021-10-02,A,bus,283289,False
2021-10-03,U,bus,209009,False
2021-10-04,W,bus,453108,False
2021-10-05,W,bus,469691,False
2021-10-06,W,bus,474666,False
2021-10-07,W,bus,447936,False
2021-10-08,W,bus,461163,False
2021-10-09,A,bus,301635,False
2021-10-10,U,bus,194232,False
2021-10-11,W,bus,335704,True
2021-10-12,W,bus,469702,False
2021-10-13,W,bus,456836,False
2021-10-14,W,bus,466987,False
2021-10-15,W,bus,456194,False
2021-10-16,A,bus,301890,False
2021-10-17,U,bus,219929,False
2021-10-18,W,bus,447658,False
2021-10-19,W,bus,467179,False
2021-10-20,W,bus,470815,False
2021-10-21,W,bus,449160,False
2021-10-22,W,bus,446072,False
2021-10-23,A,bus,288871,False
2021-10-24,U,bus,171424,False
2021-10-25,W,bus,384314,True
2021-10-26,W,bus,476997,False
2021-10-27,W,bus,475784,False
2021-10-28,W,bus,447442,False
2021-10-29,W,bus,407815,False
2021-10-30,A,bus,280283,False
2021-10-31,U,bus,203393,False
2021-11-01,W,bus,452937,False
2021-11-02,W,bus,463908,False
2021-11-03,W,bus,481029,False
2021-11-04,W,bus,463508,False
2021-11-05,W,bus,403870,False
2021-11-06,A,bus,279147,False
2021-11-07,U,bus,211114,False
2021-11-08,W,bus,458387,False
2021-11-09,W,bus,465479,False
2021-11-10,W,bus,474682,False
2021-11-11,W,bus,349696,True
2021-11-12,W,bus,381722,False
2021-11-13,A,bus,263401,False
2021-11-14,U,bus,191694,False
2021-11-15,W,bus,427781,False
2021-11-16,W,bus,463846,False
2021-11-17,W,bus,436216,False
2021-11-18,W,bus,413008,False
2021-11-19,W,bus,443247,False
2021-11-20,A,bus,271655,False
2021-11-21,U,bus,214017,False
2021-11-22,W,bus,428156,False
2021-11-23,W,bus,437577,False
2021-11-24,W,bus,359261,False
2021-11-25,U,bus,136680,True
2021-11-26,W,bus,257700,True
2021-11-27,A,bus,237839,False
2021-11-28,U,bus,184817,False
2021-11-29,W,bus,421322,False
2021-11-30,W,bus,450230,False
2021-12-01,W,bus,464613,False
2021-12-02,W,bus,466625,False
2021-12-03,W,bus,460247,False
2021-12-04,A,bus,282720,False
2021-12-05,U,bus,175680,False
2021-12-06,W,bus,419783,False
2021-12-07,W,bus,412108,False
2021-12-08,W,bus,440298,False
2021-12-09,W,bus,441609,False
2021-12-10,W,bus,425279,False
2021-12-11,A,bus,253954,False
2021-12-12,U,bus,200373,False
2021-12-13,W,bus,425654,False
2021-12-14,W,bus,443484,False
2021-12-15,W,bus,441500,False
2021-12-16,W,bus,424823,False
2021-12-17,W,bus,405415,False
2021-12-18,A,bus,243767,False
2021-12-19,U,bus,193554,False
2021-12-20,W,bus,346355,False
2021-12-21,W,bus,343757,False
2021-12-22,W,bus,314359,False
2021-12-23,W,bus,311895,False
2021-12-24,U,bus,215369,False
2021-12-25,A,bus,101622,True
2021-12-26,U,bus,160349,False
2021-12-27,W,bus,276748,False
2021-12-28,W,bus,267102,False
2021-12-29,W,bus,294413,False
2021-12-30,W,bus,295024,False
2021-12-31,U,bus,227449,False
2022-01-01,A,bus,115581,True
2022-01-02,U,bus,141100,False
2022-01-03,W,bus,308893,False
2022-01-04,W,bus,343163,False
2022-01-05,W,bus,261752,False
2022-01-06,W,bus,256983,False
2022-01-07,W,bus,246042,False
2022-01-08,A,bus,190569,False
2022-01-09,U,bus,139413,False
2022-01-10,W,bus,273785,False
2022-01-11,W,bus,299534,False
2022-01-12,W,bus,364308,False
2022-01-13,W,bus,364235,False
2022-01-14,W,bus,355305,False
2022-01-15,A,bus,201975,False
2022-01-16,U,bus,157849,False
2022-01-17,W,bus,247901,False
2022-01-18,W,bus,394532,False
2022-01-19,W,bus,373531,False
2022-01-20,W,bus,343001,False
2022-01-21,W,bus,360918,False
2022-01-22,A,bus,213615,False
2022-01-23,U,bus,149802,False
2022-01-24,W,bus,352311,False
2022-01-25,W,bus,352155,False
2022-01-26,W,bus,313683,False
2022-01-27,W,bus,388880,False
2022-01-28,W,bus,310477,False
2022-01-29,A,bus,216590,False
2022-01-30,U,bus,163483,False
2022-01-31,W,bus,405219,False
2022-02-01,W,bus,438309,False
2022-02-02,W,bus,252363,False
2022-02-03,W,bus,342011,False
2022-02-04,W,bus,391793,False
2022-02-05,A,bus,222874,False
2022-02-06,U,bus,179811,False
2022-02-07,W,bus,405768,False
2022-02-08,W,bus,431086,False
2022-02-09,W,bus,433494,False
2022-02-10,W,bus,426111,False
2022-02-11,W,bus,413489,False
2022-02-12,A,bus,236977,False
2022-02-13,U,bus,175728,False
2022-02-14,W,bus,400492,False
2022-02-15,W,bus,434683,False
2022-02-16,W,bus,436057,False
2022-02-17,W,bus,365062,False
2022-02-18,W,bus,383850,False
2022-02-19,A,bus,228190,False
2022-02-20,U,bus,193971,False
2022-02-21,W,bus,330376,True
2022-02-22,W,bus,402852,False
2022-02-23,W,bus,434639,False
2022-02-24,W,bus,417551,False
2022-02-25,W,bus,411882,False
2022-02-26,A,bus,260161,False
2022-02-27,U,bus,197978,False
2022-02-28,W,bus,437269,False
2022-03-01,W,bus,471547,False
2022-03-02,W,bus,461679,False
2022-03-03,W,bus,450905,False
2022-03-04,W,bus,437164,False
2022-03-05,A,bus,291281,True
2022-03-06,U,bus,194300,False
2022-03-07,W,bus,399383,False
2022-03-08,W,bus,464441,False
2022-03-09,W,bus,466984,False
2022-03-10,W,bus,444721,False
2022-03-11,W,bus,422764,False
2022-03-12,A,bus,247872,False
2022-03-13,U,bus,200879,False
2022-03-14,W,bus,448558,False
2022-03-15,W,bus,463215,False
2022-03-16,W,bus,479823,False
2022-03-17,W,bus,463068,False
2022-03-18,W,bus,404540,False
2022-03-19,A,bus,250839,False
2022-03-20,U,bus,220280,False
2022-03-21,W,bus,459452,False
2022-03-22,W,bus,432916,False
2022-03-23,W,bus,411053,False
2022-03-24,W,bus,452116,False
2022-03-25,W,bus,431829,False
2022-03-26,A,bus,242199,False
2022-03-27,U,bus,193217,False
2022-03-28,W,bus,443113,False
2022-03-29,W,bus,459127,False
2022-03-30,W,bus,425844,False
2022-03-31,W,bus,446918,False
2022-04-01,W,bus,484903,False
2022-04-02,A,bus,264044,False
2022-04-03,U,bus,218901,False
2022-04-04,W,bus,457452,False
2022-04-05,W,bus,482775,False
2022-04-06,W,bus,470573,False
2022-04-07,W,bus,468788,False
2022-04-08,W,bus,398017,False
2022-04-09,A,bus,283129,False
2022-04-10,U,bus,221977,False
2022-04-11,W,bus,388543,False
2022-04-12,W,bus,426444,False
2022-04-13,W,bus,375870,False
2022-04-14,W,bus,408379,False
2022-04-15,W,bus,367610,False
2022-04-16,A,bus,274093,False
2022-04-17,U,bus,183837,False
2022-04-18,W,bus,416359,False
2022-04-19,W,bus,461501,False
2022-04-20,W,bus,453943,False
2022-04-21,W,bus,455139,False
2022-04-22,W,bus,414144,False
2022-04-23,A,bus,312128,False
2022-04-24,U,bus,192744,False
2022-04-25,W,bus,454532,False
2022-04-26,W,bus,476474,False
2022-04-27,W,bus,473316,False
2022-04-28,W,bus,461751,False
2022-04-29,W,bus,472802,False
2022-04-30,A,bus,260440,False
2022-05-01,U,bus,209565,False
2022-05-02,W,bus,456676,False
2022-05-03,W,bus,427088,False
2022-05-04,W,bus,500429,False
2022-05-05,W,bus,464544,False
2022-05-06,W,bus,429700,False
2022-05-07,A,bus,308573,False
2022-05-08,U,bus,204641,False
2022-05-09,W,bus,456324,False
2022-05-10,W,bus,487603,False
2022-05-11,W,bus,481802,False
2022-05-12,W,bus,475308,False
2022-05-13,W,bus,470223,False
2022-05-14,A,bus,303044,False
2022-05-15,U,bus,210931,False
2022-05-16,W,bus,460986,False
2022-05-17,W,bus,479630,False
2022-05-18,W,bus,452731,False
2022-05-19,W,bus,486489,False
2022-05-20,W,bus,458078,False
2022-05-21,A,bus,258763,False
2022-05-22,U,bus,221756,False
2022-05-23,W,bus,456515,False
2022-05-24,W,bus,484351,False
2022-05-25,W,bus,461780,False
2022-05-26,W,bus,467853,False
2022-05-27,W,bus,435553,False
2022-05-28,A,bus,299533,False
2022-05-29,U,bus,239199,False
2022-05-30,U,bus,235865,False
2022-05-31,W,bus,468550,False
2022-06-01,W,bus,496766,False
2022-06-02,W,bus,492400,False
2022-06-03,W,bus,494862,False
2022-06-04,A,bus,298993,False
2022-06-05,U,bus,230730,False
2022-06-06,W,bus,437910,False
2022-06-07,W,bus,492774,False
2022-06-08,W,bus,454093,False
2022-06-09,W,bus,488146,False
2022-06-10,W,bus,450488,False
2022-06-11,A,bus,311911,False
2022-06-12,U,bus,224348,False
2022-06-13,W,bus,433682,False
2022-06-14,W,bus,467146,False
2022-06-15,W,bus,435538,False
2022-06-16,W,bus,441821,False
2022-06-17,W,bus,438575,False
2022-06-18,A,bus,316980,False
2022-06-19,U,bus,227181,False
2022-06-20,W,bus,365955,True
2022-06-21,W,bus,427588,False
2022-06-22,W,bus,444712,False
2022-06-23,W,bus,442860,False
2022-06-24,W,bus,429666,False
2022-06-25,A,bus,276951,False
2022-06-26,U,bus,228786,False
2022-06-27,W,bus,416606,False
2022-06-28,W,bus,445097,False
2022-06-29,W,bus,448310,False
2022-06-30,W,bus,434307,False
2022-07-01,W,bus,427111,False
2022-07-02,A,bus,314971,False
2022-07-03,U,bus,234889,False
2022-07-04,U,bus,201272,False
2022-07-05,W,bus,400714,False
2022-07-06,W,bus,438241,False
2022-07-07,W,bus,444168,False
2022-07-08,W,bus,414527,False
2022-07-09,A,bus,314661,False
2022-07-10,U,bus,228764,False
2022-07-11,W,bus,411177,False
2022-07-12,W,bus,460573,False
2022-07-13,W,bus,462243,False
2022-07-14,W,bus,459272,False
2022-07-15,W,bus,385035,False
2022-07-16,A,bus,306271,False
2022-07-17,U,bus,212995,False
2022-07-18,W,bus,432780,False
2022-07-19,W,bus,453338,False
2022-07-20,W,bus,455439,False
2022-07-21,W,bus,445763,False
2022-07-22,W,bus,426586,False
2022-07-23,A,bus,275396,False
2022-07-24,U,bus,209703,False
2022-07-25,W,bus,423680,False
2022-07-26,W,bus,460649,False
2022-07-27,W,bus,446320,False
2022-07-28,W,bus,448728,False
2022-07-29,W,bus,430804,False
2022-07-30,A,bus,304052,False
2022-07-31,U,bus,224307,False
2022-08-01,W,bus,433904,False
2022-08-02,W,bus,451890,False
2022-08-03,W,bus,430236,False
2022-08-04,W,bus,449161,False
2022-08-05,W,bus,445484,False
2022-08-06,A,bus,302707,False
2022-08-07,U,bus,202042,False
2022-08-08,W,bus,381427,True
2022-08-09,W,bus,454272,False
2022-08-10,W,bus,455381,False
2022-08-11,W,bus,444736,False
2022-08-12,W,bus,430652,False
2022-08-13,A,bus,295364,False
2022-08-14,U,bus,214683,False
2022-08-15,W,bus,422612,False
2022-08-16,W,bus,445900,False
2022-08-17,W,bus,451427,False
2022-08-18,W,bus,447149,False
2022-08-19,W,bus,446821,False
2022-08-20,A,bus,276088,False
2022-08-21,U,bus,235253,False
2022-08-22,W,bus,484550,False
2022-08-23,W,bus,510024,False
2022-08-24,W,bus,509522,False
2022-08-25,W,bus,491181,False
2022-08-26,W,bus,495636,False
2022-08-27,A,bus,313588,False
2022-08-28,U,bus,219848,False
2022-08-29,W,bus,453804,True
2022-08-30,W,bus,524895,False
2022-08-31,W,bus,521586,False
2022-09-01,W,bus,526641,False
2022-09-02,W,bus,507102,False
2022-09-03,A,bus,329125,False
2022-09-04,U,bus,229381,False
2022-09-05,U,bus,236613,False
2022-09-06,W,bus,523472,False
2022-09-07,W,bus,534473,False
2022-09-08,W,bus,529691,False
2022-09-09,W,bus,506174,False
2022-09-10,A,bus,328476,False
2022-09-11,U,bus,180862,True
2022-09-12,W,bus,480954,False
2022-09-13,W,bus,527850,False
2022-09-14,W,bus,531662,False
2022-09-15,W,bus,526216,False
2022-09-16,W,bus,508567,False
2022-09-17,A,bus,333893,False
2022-09-18,U,bus,237991,False
2022-09-19,W,bus,495344,False
2022-09-20,W,bus,522109,False
2022-09-21,W,bus,537697,False
2022-09-22,W,bus,530009,False
2022-09-23,W,bus,458882,True
2022-09-24,A,bus,320145,False
2022-09-25,U,bus,229013,False
2022-09-26,W,bus,497354,False
2022-09-27,W,bus,527776,False
2022-09-28,W,bus,530749,False
2022-09-29,W,bus,521049,False
2022-09-30,W,bus,517079,False
2022-10-01,A,bus,331991,False
2022-10-02,U,bus,230938,False
2022-10-03,W,bus,522157,False
2022-10-04,W,bus,539617,False
2022-10-05,W,bus,535091,False
2022-10-06,W,bus,528937,False
2022-10-07,W,bus,497726,False
2022-10-08,A,bus,327134,False
2022-10-09,U,bus,207502,False
2022-10-10,W,bus,413126,True
2022-10-11,W,bus,516976,False
2022-10-12,W,bus,497854,False
2022-10-13,W,bus,533103,False
2022-10-14,W,bus,501494,False
2022-10-15,A,bus,325294,False
2022-10-16,U,bus,227365,False
2022-10-17,W,bus,470688,False
2022-10-18,W,bus,499407,False
2022-10-19,W,bus,525153,False
2022-10-20,W,bus,507374,False
2022-10-21,W,bus,462718,False
2022-10-22,A,bus,328599,False
2022-10-23,U,bus,239284,False
2022-10-24,W,bus,499098,False
2022-10-25,W,bus,478171,False
2022-10-26,W,bus,539425,False
2022-10-27,W,bus,528826,False
2022-10-28,W,bus,501985,False
2022-10-29,A,bus,311437,False
2022-10-30,U,bus,217204,False
2022-10-31,W,bus,454862,False
2022-11-01,W,bus,535639,False
2022-11-02,W,bus,532834,False
2022-11-03,W,bus,540308,False
2022-11-04,W,bus,489779,False
2022-11-05,A,bus,271210,True
2022-11-06,U,bus,237292,False
2022-11-07,W,bus,502205,False
2022-11-08,W,bus,445547,False
2022-11-09,W,bus,524300,False
2022-11-10,W,bus,534931,False
2022-11-11,W,bus,458476,False
2022-11-12,A,bus,283958,False
2022-11-13,U,bus,216386,False
2022-11-14,W,bus,479311,False
2022-11-15,W,bus,482772,False
2022-11-16,W,bus,501388,False
2022-11-17,W,bus,489196,False
2022-11-18,W,bus,437859,False
2022-11-19,A,bus,253918,False
2022-11-20,U,bus,204456,False
2022-11-21,W,bus,423423,False
2022-11-22,W,bus,435161,False
2022-11-23,W,bus,398091,False
2022-11-24,U,bus,160200,False
2022-11-25,W,bus,305747,True
2022-11-26,A,bus,283619,False
2022-11-27,U,bus,190990,False
2022-11-28,W,bus,472849,False
2022-11-29,W,bus,492390,False
2022-11-30,W,bus,471180,False
2022-12-01,W,bus,494028,False
2022-12-02,W,bus,490109,False
2022-12-03,A,bus,302524,False
2022-12-04,U,bus,219158,False
2022-12-05,W,bus,473036,False
2022-12-06,W,bus,491402,False
2022-12-07,W,bus,501570,False
2022-12-08,W,bus,491122,False
2022-12-09,W,bus,434379,False
2022-12-10,A,bus,301199,False
2022-12-11,U,bus,217920,False
2022-12-12,W,bus,461205,False
2022-12-13,W,bus,488778,False
2022-12-14,W,bus,460656,False
2022-12-15,W,bus,479951,False
2022-12-16,W,bus,438828,False
2022-12-17,A,bus,273704,False
2022-12-18,U,bus,205652,False
2022-12-19,W,bus,422466,False
2022-12-20,W,bus,458350,False
2022-12-21,W,bus,449539,False
2022-12-22,W,bus,334740,False
2022-12-23,W,bus,154576,True
2022-12-24,A,bus,150459,True
2022-12-25,U,bus,85188,True
2022-12-26,U,bus,205368,False
2022-12-27,W,bus,315154,False
2022-12-28,W,bus,321472,False
2022-12-29,W,bus,347158,False
2022-12-30,W,bus,364899,False
2022-12-31,A,bus,257498,False
2023-01-01,U,bus,164489,False
2023-01-02,U,bus,254124,False
2023-01-03,W,bus,383247,False
2023-01-04,W,bus,398456,False
2023-01-05,W,bus,384238,False
2023-01-06,W,bus,371923,False
2023-01-07,A,bus,272633,False
2023-01-08,U,bus,209397,False
2023-01-09,W,bus,449465,False
2023-01-10,W,bus,499769,False
2023-01-11,W,bus,499126,False
2023-01-12,W,bus,474679,False
2023-01-13,W,bus,443233,False
2023-01-14,A,bus,288502,False
2023-01-15,U,bus,220389,False
2023-01-16,W,bus,295880,True
2023-01-17,W,bus,496926,False
2023-01-18,W,bus,495410,False
2023-01-19,W,bus,479283,False
2023-01-20,W,bus,457848,False
2023-01-21,A,bus,285487,False
2023-01-22,U,bus,201809,False
2023-01-23,W,bus,468304,False
2023-01-24,W,bus,505791,False
2023-01-25,W,bus,462648,False
2023-01-26,W,bus,484428,False
2023-01-27,W,bus,435531,False
2023-01-28,A,bus,270454,False
2023-01-29,U,bus,199420,False
2023-01-30,W,bus,420711,False
2023-01-31,W,bus,428116,False
2023-02-01,W,bus,488390,False
2023-02-02,W,bus,488230,False
2023-02-03,W,bus,367206,False
2023-02-04,A,bus,295858,False
2023-02-05,U,bus,228506,False
2023-02-06,W,bus,489061,False
2023-02-07,W,bus,512128,False
2023-02-08,W,bus,517223,False
2023-02-09,W,bus,456891,False
2023-02-10,W,bus,480757,False
2023-02-11,A,bus,305427,False
2023-02-12,U,bus,228971,False
2023-02-13,W,bus,477325,False
2023-02-14,W,bus,510605,False
2023-02-15,W,bus,498251,False
2023-02-16,W,bus,450939,False
2023-02-17,W,bus,447365,False
2023-02-18,A,bus,307618,False
2023-02-19,U,bus,241433,False
2023-02-20,W,bus,371110,False
2023-02-21,W,bus,512268,False
2023-02-22,W,bus,445175,False
2023-02-23,W,bus,500377,False
2023-02-24,W,bus,468093,False
2023-02-25,A,bus,313877,False
2023-02-26,U,bus,246373,False
2023-02-27,W,bus,438886,False
2023-02-28,W,bus,516342,False
2023-03-01,W,bus,538035,False
2023-03-02,W,bus,505862,False
2023-03-03,W,bus,441984,False
2023-03-04,A,bus,332481,False
2023-03-05,U,bus,246208,False
2023-03-06,W,bus,470524,False
2023-03-07,W,bus,528413,False
2023-03-08,W,bus,521850,False
2023-03-09,W,bus,498577,False
2023-03-10,W,bus,466305,False
2023-03-11,A,bus,326961,False
2023-03-12,U,bus,215765,False
2023-03-13,W,bus,459265,False
2023-03-14,W,bus,524325,False
2023-03-15,W,bus,535449,False
2023-03-16,W,bus,499382,False
2023-03-17,W,bus,435055,False
2023-03-18,A,bus,284653,False
2023-03-19,U,bus,238907,False
2023-03-20,W,bus,478059,False
2023-03-21,W,bus,510959,False
2023-03-22,W,bus,499380,False
2023-03-23,W,bus,489519,False
2023-03-24,W,bus,475520,False
2023-03-25,A,bus,287548,False
2023-03-26,U,bus,222855,False
2023-03-27,W,bus,493436,False
2023-03-28,W,bus,521594,False
2023-03-29,W,bus,470430,False
2023-03-30,W,bus,517477,False
2023-03-31,W,bus,467904,False
2023-04-01,A,bus,315267,False
2023-04-02,U,bus,261251,False
2023-04-03,W,bus,439537,False
2023-04-04,W,bus,428000,False
2023-04-05,W,bus,438936,False
2023-04-06,W,bus,459977,False
2023-04-07,W,bus,419926,False
2023-04-08,A,bus,333736,False
2023-04-09,U,bus,237320,False
2023-04-10,W,bus,492576,False
2023-04-11,W,bus,539533,False
2023-04-12,W,bus,516841,False
2023-04-13,W,bus,541076,False
2023-04-14,W,bus,518497,False
2023-04-15,A,bus,360082,False
2023-04-16,U,bus,229968,False
2023-04-17,W,bus,458530,False
2023-04-18,W,bus,523866,False
2023-04-19,W,bus,527267,False
2023-04-20,W,bus,516298,False
2023-04-21,W,bus,505681,False
2023-04-22,A,bus,329493,False
2023-04-23,U,bus,245927,False
2023-04-24,W,bus,502642,False
2023-04-25,W,bus,516696,False
2023-04-26,W,bus,539161,False
2023-04-27,W,bus,532971,False
2023-04-28,W,bus,503332,False
2023-04-29,A,bus,331120,False
2023-04-30,U,bus,238929,False
2023-05-01,W,bus,482348,False
2023-05-02,W,bus,530573,False
2023-05-03,W,bus,555155,False
2023-05-04,W,bus,542958,False
2023-05-05,W,bus,518792,False
2023-05-06,A,bus,354490,False
2023-05-07,U,bus,281403,False
2023-05-08,W,bus,469174,False
2023-05-09,W,bus,548033,False
2023-05-10,W,bus,544618,False
2023-05-11,W,bus,533940,False
2023-05-12,W,bus,481927,False
2023-05-13,A,bus,344247,False
2023-05-14,U,bus,233363,False
2023-05-15,W,bus,486638,False
2023-05-16,W,bus,533948,False
2023-05-17,W,bus,527429,False
2023-05-18,W,bus,525435,False
2023-05-19,W,bus,486435,False
2023-05-20,A,bus,354750,False
2023-05-21,U,bus,273007,False
2023-05-22,W,bus,499608,False
2023-05-23,W,bus,537810,False
2023-05-24,W,bus,535858,False
2023-05-25,W,bus,528009,False
2023-05-26,W,bus,497832,False
2023-05-27,A,bus,340968,False
2023-05-28,U,bus,273385,False
2023-05-29,U,bus,269683,False
2023-05-30,W,bus,517974,False
2023-05-31,W,bus,517111,False
2023-06-01,W,bus,544178,False
2023-06-02,W,bus,514354,False
2023-06-03,A,bus,371914,False
2023-06-04,U,bus,278304,False
2023-06-05,W,bus,511045,False
2023-06-06,W,bus,522067,False
2023-06-07,W,bus,535180,False
2023-06-08,W,bus,493065,False
2023-06-09,W,bus,476837,False
2023-06-10,A,bus,379556,False
2023-06-11,U,bus,239715,False
2023-06-12,W,bus,457944,False
2023-06-13,W,bus,450859,False
2023-06-14,W,bus,493401,False
2023-06-15,W,bus,482965,False
2023-06-16,W,bus,453530,False
2023-06-17,A,bus,372865,False
2023-06-18,U,bus,272736,False
2023-06-19,W,bus,384578,True
2023-06-20,W,bus,488457,False
2023-06-21,W,bus,495689,False
2023-06-22,W,bus,486237,False
2023-06-23,W,bus,469905,False
2023-06-24,A,bus,369643,False
2023-06-25,U,bus,258229,False
2023-06-26,W,bus,445453,False
2023-06-27,W,bus,496729,False
2023-06-28,W,bus,496731,False
2023-06-29,W,bus,470303,False
2023-06-30,W,bus,473836,False
2023-07-01,A,bus,335143,False
2023-07-02,U,bus,170177,True
2023-07-03,W,bus,444738,False
2023-07-04,U,bus,281675,False
2023-07-05,W,bus,448241,False
2023-07-06,W,bus,495284,False
2023-07-07,W,bus,479367,False
2023-07-08,A,bus,352631,False
2023-07-09,U,bus,281445,False
2023-07-10,W,bus,485647,False
2023-07-11,W,bus,483040,False
2023-07-12,W,bus,443121,False
2023-07-13,W,bus,505564,False
2023-07-14,W,bus,476443,False
2023-07-15,A,bus,359874,False
2023-07-16,U,bus,281420,False
2023-07-17,W,bus,480822,False
2023-07-18,W,bus,512122,False
2023-07-19,W,bus,515105,False
2023-07-20,W,bus,502681,False
2023-07-21,W,bus,485225,False
2023-07-22,A,bus,360932,False
2023-07-23,U,bus,288305,False
2023-07-24,W,bus,474506,False
2023-07-25,W,bus,508517,False
2023-07-26,W,bus,478350,False
2023-07-27,W,bus,502581,False
2023-07-28,W,bus,446842,False
2023-07-29,A,bus,364824,False
2023-07-30,U,bus,285496,False
2023-07-31,W,bus,469024,False
2023-08-01,W,bus,528437,False
2023-08-02,W,bus,519583,False
2023-08-03,W,bus,521191,False
2023-08-04,W,bus,493321,False
2023-08-05,A,bus,338701,False
2023-08-06,U,bus,264872,False
2023-08-07,W,bus,467465,False
2023-08-08,W,bus,508824,False
2023-08-09,W,bus,501770,False
2023-08-10,W,bus,506343,False
2023-08-11,W,bus,472150,False
2023-08-12,A,bus,370464,False
2023-08-13,U,bus,279218,False
2023-08-14,W,bus,408865,True
2023-08-15,W,bus,500013,False
2023-08-16,W,bus,518485,False
2023-08-17,W,bus,484256,False
2023-08-18,W,bus,490626,False
2023-08-19,A,bus,381458,False
2023-08-20,U,bus,296344,False
2023-08-21,W,bus,551302,False
2023-08-22,W,bus,564653,False
2023-08-23,W,bus,531763,False
2023-08-24,W,bus,501750,False
2023-08-25,W,bus,553276,False
2023-08-26,A,bus,361538,False
2023-08-27,U,bus,289983,False
2023-08-28,W,bus,567171,False
2023-08-29,W,bus,585643,False
2023-08-30,W,bus,589901,False
2023-08-31,W,bus,579376,False
2023-09-01,W,bus,585674,False
2023-09-02,A,bus,384728,False
2023-09-03,U,bus,309758,False
2023-09-04,U,bus,293106,False
2023-09-05,W,bus,586167,False
2023-09-06,W,bus,578259,False
2023-09-07,W,bus,597711,False
2023-09-08,W,bus,555213,False
2023-09-09,A,bus,385592,False
2023-09-10,U,bus,297306,False
2023-09-11,W,bus,504742,True
2023-09-12,W,bus,603242,False
2023-09-13,W,bus,593103,False
2023-09-14,W,bus,587439,False
2023-09-15,W,bus,566708,False
2023-09-16,A,bus,352049,False
2023-09-17,U,bus,252015,True
2023-09-18,W,bus,560810,False
2023-09-19,W,bus,555949,False
2023-09-20,W,bus,599268,False
2023-09-21,W,bus,581536,False
2023-09-22,W,bus,525718,False
2023-09-23,A,bus,381816,False
2023-09-24,U,bus,290336,False
2023-09-25,W,bus,552311,False
2023-09-26,W,bus,565172,False
2023-09-27,W,bus,583749,False
2023-09-28,W,bus,597723,False
2023-09-29,W,bus,578054,False
2023-09-30,A,bus,391173,False
2023-10-01,U,bus,303953,False
2023-10-02,W,bus,576630,False
2023-10-03,W,bus,619488,False
2023-10-04,W,bus,610623,False
2023-10-05,W,bus,584937,False
2023-10-06,W,bus,559485,False
2023-10-07,A,bus,386990,False
2023-10-08,U,bus,253021,False
2023-10-09,W,bus,452540,True
2023-10-10,W,bus,601129,False
2023-10-11,W,bus,598019,False
2023-10-12,W,bus,567954,False
2023-10-13,W,bus,519462,False
2023-10-14,A,bus,338320,False
2023-10-15,U,bus,293753,False
2023-10-16,W,bus,551971,False
2023-10-17,W,bus,587256,False
2023-10-18,W,bus,595182,False
2023-10-19,W,bus,579587,False
2023-10-20,W,bus,562941,False
2023-10-21,A,bus,364186,False
2023-10-22,U,bus,288942,False
2023-10-23,W,bus,555068,False
2023-10-24,W,bus,598773,False
2023-10-25,W,bus,570560,False
2023-10-26,W,bus,535013,False
2023-10-27,W,bus,503840,True
2023-10-28,A,bus,360484,False
2023-10-29,U,bus,250473,False
2023-10-30,W,bus,551840,False
2023-10-31,W,bus,520069,False
2023-11-01,W,bus,576336,False
2023-11-02,W,bus,579094,False
2023-11-03,W,bus,563943,False
2023-11-04,A,bus,401704,False
2023-11-05,U,bus,296526,False
2023-11-06,W,bus,568672,False
2023-11-07,W,bus,588549,False
2023-11-08,W,bus,578329,False
2023-11-09,W,bus,588110,False
2023-11-10,W,bus,461731,True
2023-11-11,A,bus,354671,False
2023-11-12,U,bus,294251,False
2023-11-13,W,bus,558320,False
2023-11-14,W,bus,581009,False
2023-11-15,W,bus,587609,False
2023-11-16,W,bus,580758,False
2023-11-17,W,bus,544624,False
2023-11-18,A,bus,348044,False
2023-11-19,U,bus,278346,False
2023-11-20,W,bus,472022,False
2023-11-21,W,bus,465329,False
2023-11-22,W,bus,443954,False
2023-11-23,U,bus,187931,True
2023-11-24,W,bus,323157,True
2023-11-25,A,bus,310164,False
2023-11-26,U,bus,219912,False
2023-11-27,W,bus,505729,False
2023-11-28,W,bus,522935,False
2023-11-29,W,bus,553418,False
2023-11-30,W,bus,559855,False
2023-12-01,W,bus,513523,False
2023-12-02,A,bus,358919,False
2023-12-03,U,bus,268845,False
2023-12-04,W,bus,537917,False
2023-12-05,W,bus,556584,False
2023-12-06,W,bus,572732,False
2023-12-07,W,bus,580504,False
2023-12-08,W,bus,561665,False
2023-12-09,A,bus,369433,False
2023-12-10,U,bus,264202,False
2023-12-11,W,bus,517482,False
2023-12-12,W,bus,556451,False
2023-12-13,W,bus,559461,False
2023-12-14,W,bus,558905,False
2023-12-15,W,bus,535654,False
2023-12-16,A,bus,321951,False
2023-12-17,U,bus,271335,False
2023-12-18,W,bus,498940,False
2023-12-19,W,bus,527927,False
2023-12-20,W,bus,540890,False
2023-12-21,W,bus,519383,False
2023-12-22,W,bus,418720,False
2023-12-23,A,bus,341975,False
2023-12-24,U,bus,247277,False
2023-12-25,U,bus,145433,False
2023-12-26,W,bus,360458,False
2023-12-27,W,bus,403147,False
2023-12-28,W,bus,392855,False
2023-12-29,W,bus,415822,False
2023-12-30,A,bus,340207,False
2023-12-31,U,bus,250204,False
2024-01-01,U,bus,205964,False
2024-01-02,W,bus,417384,False
2024-01-03,W,bus,451613,False
2024-01-04,W,bus,460277,False
2024-01-05,W,bus,445488,False
2024-01-06,A,bus,308872,False
2024-01-07,U,bus,249187,False
2024-01-08,W,bus,517198,False
2024-01-09,W,bus,478685,False
2024-01-10,W,bus,548560,False
2024-01-11,W,bus,552911,False
2024-01-12,W,bus,368347,False
2024-01-13,A,bus,286037,False
2024-01-14,U,bus,146724,True
2024-01-15,W,bus,206791,False
2024-01-16,W,bus,280514,False
2024-01-17,W,bus,466850,False
2024-01-18,W,bus,521058,False
2024-01-19,W,bus,462986,False
2024-01-20,A,bus,301556,False
2024-01-21,U,bus,227288,True
2024-01-22,W,bus,518106,False
2024-01-23,W,bus,521585,False
2024-01-24,W,bus,549204,False
2024-01-25,W,bus,554313,False
2024-01-26,W,bus,534739,False
2024-01-27,A,bus,349068,False
2024-01-28,U,bus,255458,False
2024-01-29,W,bus,545769,False
2024-01-30,W,bus,571297,False
2024-01-31,W,bus,579236,False
2024-02-01,W,bus,601932,False
2024-02-02,W,bus,558905,False
2024-02-03,A,bus,372165,False
2024-02-04,U,bus,274654,False
2024-02-05,W,bus,558625,False
2024-02-06,W,bus,595983,False
2024-02-07,W,bus,595233,False
2024-02-08,W,bus,584729,False
2024-02-09,W,bus,515769,False
2024-02-10,A,bus,373420,False
2024-02-11,U,bus,277432,False
2024-02-12,W,bus,534181,False
2024-02-13,W,bus,598961,False
2024-02-14,W,bus,595347,False
2024-02-15,W,bus,568392,False
2024-02-16,W,bus,533701,False
2024-02-17,A,bus,340993,False
2024-02-18,U,bus,280002,False
2024-02-19,W,bus,417871,True
2024-02-20,W,bus,591252,False
2024-02-21,W,bus,600241,False
2024-02-22,W,bus,587867,False
2024-02-23,W,bus,551392,False
2024-02-24,A,bus,345189,False
2024-02-25,U,bus,280214,False
2024-02-26,W,bus,560355,False
2024-02-27,W,bus,587359,False
2024-02-28,W,bus,549028,False
2024-02-29,W,bus,577283,False
2024-03-01,W,bus,569569,False
2024-03-02,A,bus,389713,False
2024-03-03,U,bus,298601,True
2024-03-04,W,bus,556051,False
2024-03-05,W,bus,570139,False
2024-03-06,W,bus,595103,False
2024-03-07,W,bus,580398,False
2024-03-08,W,bus,488443,True
2024-03-09,A,bus,379680,False
2024-03-10,U,bus,280181,False
2024-03-11,W,bus,567851,False
2024-03-12,W,bus,599389,False
2024-03-13,W,bus,597287,False
2024-03-14,W,bus,539322,False
2024-03-15,W,bus,566639,False
2024-03-16,A,bus,399006,False
2024-03-17,U,bus,281004,False
2024-03-18,W,bus,535201,False
2024-03-19,W,bus,583292,False
2024-03-20,W,bus,584856,False
2024-03-21,W,bus,564484,False
2024-03-22,W,bus,491011,False
2024-03-23,A,bus,373194,False
2024-03-24,U,bus,279349,False
2024-03-25,W,bus,474355,False
2024-03-26,W,bus,514563,False
2024-03-27,W,bus,515194,False
2024-03-28,W,bus,513043,False
2024-03-29,W,bus,480044,False
2024-03-30,A,bus,375490,False
2024-03-31,U,bus,251600,False
2024-04-01,W,bus,478962,False
2024-04-02,W,bus,570490,False
2024-04-03,W,bus,572710,False
2024-04-04,W,bus,575373,False
2024-04-05,W,bus,576732,False
2024-04-06,A,bus,397658,False
2024-04-07,U,bus,256839,False
2024-04-08,W,bus,560623,False
2024-04-09,W,bus,593688,False
2024-04-10,W,bus,604655,False
2024-04-11,W,bus,557100,False
2024-04-12,W,bus,582983,False
2024-04-13,A,bus,412391,False
2024-04-14,U,bus,327938,False
2024-04-15,W,bus,588349,False
2024-04-16,W,bus,599597,False
2024-04-17,W,bus,600084,False
2024-04-18,W,bus,606325,False
2024-04-19,W,bus,591814,False
2024-04-20,A,bus,406861,False
2024-04-21,U,bus,307107,False
2024-04-22,W,bus,576206,False
2024-04-23,W,bus,600004,False
2024-04-24,W,bus,599179,False
2024-04-25,W,bus,615343,False
2024-04-26,W,bus,554146,False
2024-04-27,A,bus,419731,False
2024-04-28,U,bus,293589,False
2024-04-29,W,bus,556233,False
2024-04-30,W,bus,632501,False
2024-05-01,W,bus,644438,False
2024-05-02,W,bus,600203,False
2024-05-03,W,bus,608085,False
2024-05-04,A,bus,418067,False
2024-05-05,U,bus,317248,False
2024-05-06,W,bus,597540,False
2024-05-07,W,bus,572181,False
2024-05-08,W,bus,624927,False
2024-05-09,W,bus,569230,False
2024-05-10,W,bus,591810,False
2024-05-11,A,bus,416481,False
2024-05-12,U,bus,318883,False
2024-05-13,W,bus,550608,False
2024-05-14,W,bus,598482,False
2024-05-15,W,bus,615430,False
2024-05-16,W,bus,601542,False
2024-05-17,W,bus,595193,False
2024-05-18,A,bus,430341,False
2024-05-19,U,bus,329129,False
2024-05-20,W,bus,561715,False
2024-05-21,W,bus,618559,False
2024-05-22,W,bus,621123,False
2024-05-23,W,bus,609570,False
2024-05-24,W,bus,557209,False
2024-05-25,A,bus,420064,False
2024-05-26,U,bus,279820,False
2024-05-27,U,bus,306648,False
2024-05-28,W,bus,585174,False
2024-05-29,W,bus,612055,False
2024-05-30,W,bus,604848,False
2024-05-31,W,bus,590998,False
2024-06-01,A,bus,359226,True
2024-06-02,U,bus,347275,False
2024-06-03,W,bus,594326,False
2024-06-04,W,bus,602909,False
2024-06-05,W,bus,602717,False
2024-06-06,W,bus,606273,False
2024-06-07,W,bus,538174,False
2024-06-08,A,bus,388074,False
2024-06-09,U,bus,338317,False
2024-06-10,W,bus,521105,False
2024-06-11,W,bus,556731,False
2024-06-12,W,bus,576142,False
2024-06-13,W,bus,541343,False
2024-06-14,W,bus,536639,False
2024-06-15,A,bus,421892,False
2024-06-16,U,bus,314305,False
2024-06-17,W,bus,500089,False
2024-06-18,W,bus,551782,False
2024-06-19,W,bus,482860,True
2024-06-20,W,bus,548449,False
2024-06-21,W,bus,539303,False
2024-06-22,A,bus,430009,False
2024-06-23,U,bus,333514,False
2024-06-24,W,bus,535003,False
2024-06-25,W,bus,537591,False
2024-06-26,W,bus,586929,False
2024-06-27,W,bus,573982,False
2024-06-28,W,bus,519127,False
2024-06-29,A,bus,426204,False
2024-06-30,U,bus,332479,False
2024-07-01,W,bus,556122,False
2024-07-02,W,bus,554430,False
2024-07-03,W,bus,575361,False
2024-07-04,U,bus,319593,False
2024-07-05,W,bus,472097,False
2024-07-06,A,bus,400805,False
2024-07-07,U,bus,304485,False
2024-07-08,W,bus,523371,False
2024-07-09,W,bus,543503,False
2024-07-10,W,bus,560627,False
2024-07-11,W,bus,569850,False
2024-07-12,W,bus,548479,False
2024-07-13,A,bus,424138,False
2024-07-14,U,bus,303034,False
2024-07-15,W,bus,514909,False
2024-07-16,W,bus,565584,False
2024-07-17,W,bus,579034,False
2024-07-18,W,bus,563700,False
2024-07-19,W,bus,536479,False
2024-07-20,A,bus,415213,False
2024-07-21,U,bus,336062,False
2024-07-22,W,bus,536657,False
2024-07-23,W,bus,563934,False
2024-07-24,W,bus,574946,False
2024-07-25,W,bus,571492,False
2024-07-26,W,bus,543502,False
2024-07-27,A,bus,426551,False
2024-07-28,U,bus,305854,False
2024-07-29,W,bus,499487,False
2024-07-30,W,bus,564465,False
2024-07-31,W,bus,553120,False
2024-08-01,W,bus,554928,False
2024-08-02,W,bus,540073,False
2024-08-03,A,bus,424966,False
2024-08-04,U,bus,330850,False
2024-08-05,W,bus,501014,False
2024-08-06,W,bus,536195,False
2024-08-07,W,bus,572289,False
2024-08-08,W,bus,555177,False
2024-08-09,W,bus,534634,False
2024-08-10,A,bus,429880,False
2024-08-11,U,bus,335905,False
2024-08-12,W,bus,511004,False
2024-08-13,W,bus,561949,False
2024-08-14,W,bus,566338,False
2024-08-15,W,bus,519903,False
2024-08-16,W,bus,526888,False
2024-08-17,A,bus,388616,False
2024-08-18,U,bus,319383,False
2024-08-19,W,bus,498548,False
2024-08-20,W,bus,521241,False
2024-08-21,W,bus,528372,False
2024-08-22,W,bus,529364,False
2024-08-23,W,bus,519640,False
2024-08-24,A,bus,404561,False
2024-08-25,U,bus,325668,False
2024-08-26,W,bus,596306,False
2024-08-27,W,bus,583649,False
2024-08-28,W,bus,637588,False
2024-08-29,W,bus,644581,False
2024-08-30,W,bus,606824,False
2024-08-31,A,bus,428266,False
2024-09-01,U,bus,344967,False
2024-09-02,U,bus,325776,False
2024-09-03,W,bus,654167,False
2024-09-04,W,bus,653220,False
2024-09-05,W,bus,644748,False
2024-09-06,W,bus,616701,False
2024-09-07,A,bus,409867,False
2024-09-08,U,bus,320438,False
2024-09-09,W,bus,618371,False
2024-09-10,W,bus,646216,False
2024-09-11,W,bus,655564,False
2024-09-12,W,bus,637736,False
2024-09-13,W,bus,610703,False
2024-09-14,A,bus,412078,False
2024-09-15,U,bus,308413,False
2024-09-16,W,bus,607976,False
2024-09-17,W,bus,651158,False
2024-09-18,W,bus,655614,False
2024-09-19,W,bus,652616,False
2024-09-20,W,bus,622603,False
2024-09-21,A,bus,433756,False
2024-09-22,U,bus,271129,False
2024-09-23,W,bus,613582,False
2024-09-24,W,bus,582939,False
2024-09-25,W,bus,669879,False
2024-09-26,W,bus,659106,False
2024-09-27,W,bus,564419,True
2024-09-28,A,bus,384642,False
2024-09-29,U,bus,312714,False
2024-09-30,W,bus,619994,False
2024-10-01,W,bus,675858,False
2024-10-02,W,bus,663546,False
2024-10-03,W,bus,670461,False
2024-10-04,W,bus,619444,False
2024-10-05,A,bus,431370,False
2024-10-06,U,bus,336190,False
2024-10-07,W,bus,623133,False
2024-10-08,W,bus,652969,False
2024-10-09,W,bus,661361,False
2024-10-10,W,bus,650278,False
2024-10-11,W,bus,624145,False
2024-10-12,A,bus,427732,False
2024-10-13,U,bus,280965,False
2024-10-14,W,bus,486971,True
2024-10-15,W,bus,582685,True
2024-10-16,W,bus,652964,False
2024-10-17,W,bus,650082,False
2024-10-18,W,bus,627426,False
2024-10-19,A,bus,425987,False
2024-10-20,U,bus,321239,False
2024-10-21,W,bus,619582,False
2024-10-22,W,bus,642373,False
2024-10-23,W,bus,653689,False
2024-10-24,W,bus,654696,False
2024-10-25,W,bus,611655,False
2024-10-26,A,bus,427475,False
2024-10-27,U,bus,312965,False
2024-10-28,W,bus,611041,False
2024-10-29,W,bus,652674,False
2024-10-30,W,bus,657942,False
2024-10-31,W,bus,605292,False
2024-11-01,W,bus,618998,False
2024-11-02,A,bus,410559,False
2024-11-03,U,bus,267845,False
2024-11-04,W,bus,553515,False
2024-11-05,W,bus,519574,False
2024-11-06,W,bus,631969,False
2024-11-07,W,bus,644506,False
2024-11-08,W,bus,601808,False
2024-11-09,A,bus,391070,False
2024-11-10,U,bus,306889,False
2024-11-11,W,bus,556273,False
2024-11-12,W,bus,640199,False
2024-11-13,W,bus,633647,False
2024-11-14,W,bus,620448,False
2024-11-15,W,bus,603141,False
2024-11-16,A,bus,399551,False
2024-11-17,U,bus,308995,False
2024-11-18,W,bus,565097,False
2024-11-19,W,bus,639269,False
2024-11-20,W,bus,625498,False
2024-11-21,W,bus,539977,False
2024-11-22,W,bus,583958,False
2024-11-23,A,bus,384030,False
2024-11-24,U,bus,301518,False
2024-11-25,W,bus,512387,False
2024-11-26,W,bus,518470,False
2024-11-27,W,bus,477247,False
2024-11-28,U,bus,190991,True
2024-11-29,W,bus,344005,False
2024-11-30,A,bus,308864,False
2024-12-01,U,bus,251107,False
2024-12-02,W,bus,554092,False
2024-12-03,W,bus,607733,False
2024-12-04,W,bus,600576,False
2024-12-05,W,bus,564481,False
2024-12-06,W,bus,559457,False
2024-12-07,A,bus,384908,False
2024-12-08,U,bus,310160,False
2024-12-09,W,bus,585535,False
2024-12-10,W,bus,597740,False
2024-12-11,W,bus,580091,False
2024-12-12,W,bus,481459,False
2024-12-13,W,bus,521773,False
2024-12-14,A,bus,347954,False
2024-12-15,U,bus,277186,False
2024-12-16,W,bus,551435,False
2024-12-17,W,bus,582711,False
2024-12-18,W,bus,577854,False
2024-12-19,W,bus,552524,False
2024-12-20,W,bus,509530,False
2024-12-21,A,bus,346988,False
2024-12-22,U,bus,271433,False
2024-12-23,W,bus,425982,False
2024-12-24,W,bus,341225,False
2024-12-25,U,bus,146592,False
2024-12-26,W,bus,366721,False
2024-12-27,W,bus,394689,False
2024-12-28,A,bus,348599,False
2024-12-29,U,bus,231003,False
2024-12-30,W,bus,447644,False
2024-12-31,W,bus,386206,False
2025-01-01,U,bus,225844,False
2025-01-02,W,bus,458775,False
2025-01-03,W,bus,470436,False
2025-01-04,A,bus,342619,False
2025-01-05,U,bus,260559,False
2025-01-06,W,bus,514719,False
2025-01-07,W,bus,578221,False
2025-01-08,W,bus,585761,False
2025-01-09,W,bus,585049,False
2025-01-10,W,bus,531028,False
2025-01-11,A,bus,373278,False
2025-01-12,U,bus,270457,False
2025-01-13,W,bus,560632,False
2025-01-14,W,bus,580195,False
2025-01-15,W,bus,590263,False
2025-01-16,W,bus,622511,False
2025-01-17,W,bus,607549,False
2025-01-18,A,bus,384014,False
2025-01-19,U,bus,238638,False
2025-01-20,W,bus,279669,True
2025-01-21,W,bus,316922,True
2025-01-22,W,bus,539021,False
2025-01-23,W,bus,598113,False
2025-01-24,W,bus,555584,False
2025-01-25,A,bus,384469,False
2025-01-26,U,bus,285407,False
2025-01-27,W,bus,601896,False
2025-01-28,W,bus,646008,False
2025-01-29,W,bus,649484,False
2025-01-30,W,bus,641234,False
2025-01-31,W,bus,543000,False
2025-02-01,A,bus,407712,False
2025-02-02,U,bus,302902,False
2025-02-03,W,bus,606339,False
2025-02-04,W,bus,645402,False
2025-02-05,W,bus,635406,False
2025-02-06,W,bus,609473,False
2025-02-07,W,bus,607518,False
2025-02-08,A,bus,384157,False
2025-02-09,U,bus,305384,False
2025-02-10,W,bus,610015,False
2025-02-11,W,bus,647968,False
2025-02-12,W,bus,534498,False
2025-02-13,W,bus,606722,False
2025-02-14,W,bus,573008,False
2025-02-15,A,bus,386605,False
2025-02-16,U,bus,299024,False
2025-02-17,W,bus,400615,True
2025-02-18,W,bus,531736,False
2025-02-19,W,bus,594850,False
2025-02-20,W,bus,617425,False
2025-02-21,W,bus,596118,False
2025-02-22,A,bus,406903,False
2025-02-23,U,bus,307050,False
2025-02-24,W,bus,624782,False
2025-02-25,W,bus,627199,False
2025-02-26,W,bus,660497,False
2025-02-27,W,bus,664356,False
2025-02-28,W,bus,638990,False
2025-03-01,A,bus,417449,False
2025-03-02,U,bus,317388,False
2025-03-03,W,bus,625319,False
2025-03-04,W,bus,629120,False
2025-03-05,W,bus,654088,False
2025-03-06,W,bus,671560,False
2025-03-07,W,bus,600283,False
2025-03-08,A,bus,437194,False
2025-03-09,U,bus,328363,False
2025-03-10,W,bus,642632,False
2025-03-11,W,bus,678778,False
2025-03-12,W,bus,685975,False
2025-03-13,W,bus,685187,False
2025-03-14,W,bus,660184,False
2025-03-15,A,bus,459936,False
2025-03-16,U,bus,298358,False
2025-03-17,W,bus,641760,False
2025-03-18,W,bus,683691,False
2025-03-19,W,bus,635916,False
2025-03-20,W,bus,648522,False
2025-03-21,W,bus,635894,False
2025-03-22,A,bus,431231,False
2025-03-23,U,bus,297740,False
2025-03-24,W,bus,536885,False
2025-03-25,W,bus,586792,False
2025-03-26,W,bus,595476,False
2025-03-27,W,bus,572285,False
2025-03-28,W,bus,558797,False
2025-03-29,A,bus,426225,False
2025-03-30,U,bus,310139,False
2025-03-31,W,bus,569528,False
2025-04-01,W,bus,640123,False
2025-04-02,W,bus,562307,False
2025-04-03,W,bus,706537,False
2025-04-04,W,bus,655531,False
2025-04-05,A,bus,445037,False
2025-04-06,U,bus,344926,False
2025-04-07,W,bus,633704,False
2025-04-08,W,bus,654659,False
2025-04-09,W,bus,654492,False
2025-04-10,W,bus,661603,False
2025-04-11,W,bus,663376,False
2025-04-12,A,bus,462736,False
2025-04-13,U,bus,349886,False
2025-04-14,W,bus,658807,False
2025-04-15,W,bus,670860,False
2025-04-16,W,bus,693466,True
2025-04-17,W,bus,664953,False
2025-04-18,W,bus,573522,True
2025-04-19,A,bus,434831,False
2025-04-20,U,bus,307295,False
2025-04-21,W,bus,615719,False
2025-04-22,W,bus,682743,False
2025-04-23,W,bus,663110,False
2025-04-24,W,bus,693232,False
2025-04-25,W,bus,632561,False
2025-04-26,A,bus,463597,False
2025-04-27,U,bus,358340,False
2025-04-28,W,bus,665474,False
2025-04-29,W,bus,684590,False
2025-04-30,W,bus,673173,False
2025-05-01,W,bus,665584,False
2025-05-02,W,bus,667696,False
2025-05-03,A,bus,462238,False
2025-05-04,U,bus,325938,False
2025-05-05,W,bus,655835,False
2025-05-06,W,bus,696611,False
2025-05-07,W,bus,687937,False
2025-05-08,W,bus,678319,False
2025-05-09,W,bus,662444,False
2025-05-10,A,bus,464180,False
2025-05-11,U,bus,344970,False
2025-05-12,W,bus,632141,False
2025-05-13,W,bus,674740,False
2025-05-14,W,bus,676792,False
2025-05-15,W,bus,670398,False
2025-05-16,W,bus,655731,False
2025-05-17,A,bus,455837,False
2025-05-18,U,bus,360197,False
2025-05-19,W,bus,632753,False
2025-05-20,W,bus,596285,False
2025-05-21,W,bus,643463,False
2025-05-22,W,bus,660421,False
2025-05-23,W,bus,642179,False
2025-05-24,A,bus,449312,False
2025-05-25,U,bus,357748,False
2025-05-26,U,bus,350782,False
2025-05-27,W,bus,650816,False
2025-05-28,W,bus,636696,False
2025-05-29,W,bus,667477,False
2025-05-30,W,bus,646031,False
2025-05-31,A,bus,464022,False
2025-06-01,U,bus,354696,False
2025-06-02,W,bus,651315,False
2025-06-03,W,bus,685304,False
2025-06-04,W,bus,616414,False
2025-06-05,W,bus,673762,False
2025-06-06,W,bus,651138,False
2025-06-07,A,bus,477562,False
2025-06-08,U,bus,359710,False
2025-06-09,W,bus,624412,False
2025-06-10,W,bus,655612,False
2025-06-11,W,bus,674938,False
2025-06-12,W,bus,655819,False
2025-06-13,W,bus,564232,False
2025-06-14,A,bus,457053,False
2025-06-15,U,bus,369158,False
2025-06-16,W,bus,579527,False
2025-06-17,W,bus,620233,False
2025-06-18,W,bus,549897,False
2025-06-19,W,bus,539643,False
2025-06-20,W,bus,589269,False
2025-06-21,A,bus,473807,False
2025-06-22,U,bus,362280,False
2025-06-23,W,bus,570365,False
2025-06-24,W,bus,599119,False
2025-06-25,W,bus,625677,False
2025-06-26,W,bus,614512,False
2025-06-27,W,bus,593324,False
2025-06-28,A,bus,476323,False
2025-06-29,U,bus,357530,False
2025-06-30,W,bus,590108,False
2025-07-01,W,bus,652608,False
2025-07-02,W,bus,629630,False
2025-07-03,W,bus,609341,False
2025-07-04,U,bus,366244,False
2025-07-05,A,bus,430107,False
2025-07-06,U,bus,335927,True
2025-07-07,W,bus,600991,False
2025-07-08,W,bus,617880,False
2025-07-09,W,bus,628372,False
2025-07-10,W,bus,634428,False
2025-07-11,W,bus,584818,False
2025-07-12,A,bus,470738,False
2025-07-13,U,bus,368882,False
2025-07-14,W,bus,600622,False
2025-07-15,W,bus,636511,False
2025-07-16,W,bus,605163,False
2025-07-17,W,bus,621409,False
2025-07-18,W,bus,614017,False
2025-07-19,A,bus,447221,False
2025-07-20,U,bus,362550,False
2025-07-21,W,bus,603611,False
2025-07-22,W,bus,634982,False
2025-07-23,W,bus,619156,False
2025-07-24,W,bus,571166,False
2025-07-25,W,bus,553138,False
2025-07-26,A,bus,443346,False
2025-07-27,U,bus,367565,False
2025-07-28,W,bus,563527,False
2025-07-29,W,bus,613764,False
2025-07-30,W,bus,581194,False
2025-07-31,W,bus,620788,False
2025-08-01,W,bus,626124,False
2025-08-02,A,bus,481035,False
2025-08-03,U,bus,373971,False
2025-08-04,W,bus,583320,False
2025-08-05,W,bus,618490,False
2025-08-06,W,bus,615389,False
2025-08-07,W,bus,612000,False
2025-08-08,W,bus,587536,False
2025-08-09,A,bus,470881,False
2025-08-10,U,bus,365955,False
2025-08-11,W,bus,569387,False
2025-08-12,W,bus,549342,False
2025-08-13,W,bus,623327,False
2025-08-14,W,bus,618844,False
2025-08-15,W,bus,602922,False
2025-08-16,A,bus,456717,False
2025-08-17,U,bus,377116,False
2025-08-18,W,bus,617598,False
2025-08-19,W,bus,664674,False
2025-08-20,W,bus,686934,False
2025-08-21,W,bus,681067,False
2025-08-22,W,bus,660294,False
2025-08-23,A,bus,471307,False
2025-08-24,U,bus,365984,False
2025-08-25,W,bus,670572,False
2025-08-26,W,bus,695460,False
2025-08-27,W,bus,692677,False
2025-08-28,W,bus,686401,False
2025-08-29,W,bus,680405,False
2025-08-30,A,bus,465234,False
2025-08-31,U,bus,385506,False
2025-09-01,U,bus,372225,False
2025-09-02,W,bus,695791,False
2025-09-03,W,bus,689262,False
2025-09-04,W,bus,700645,False
2025-09-05,W,bus,673122,False
2025-09-06,A,bus,455956,False
2025-09-07,U,bus,357064,False
2025-09-08,W,bus,664938,False
2025-09-09,W,bus,687645,False
2025-09-10,W,bus,695318,False
2025-09-11,W,bus,681871,False
2025-09-12,W,bus,666234,False
2025-09-13,A,bus,421457,False
2025-09-14,U,bus,350343,False
2025-09-15,W,bus,664100,False
2025-09-16,W,bus,688942,False
2025-09-17,W,bus,694761,False
2025-09-18,W,bus,694285,False
2025-09-19,W,bus,674243,False
2025-09-20,A,bus,445319,False
2025-09-21,U,bus,357015,False
2025-09-22,W,bus,666516,False
2025-09-23,W,bus,673622,False
2025-09-24,W,bus,700959,False
2025-09-25,W,bus,695282,False
2025-09-26,W,bus,614351,True
2025-09-27,A,bus,468349,False
2025-09-28,U,bus,355700,False
2025-09-29,W,bus,657970,False
2025-09-30,W,bus,690052,False
2025-10-01,W,bus,714964,False
2025-10-02,W,bus,690196,False
2025-10-03,W,bus,675874,False
2025-10-04,A,bus,462810,False
2025-10-05,U,bus,353373,False
2025-10-06,W,bus,654948,False
2025-10-07,W,bus,656234,False
2025-10-08,W,bus,699779,False
2025-10-09,W,bus,689150,False
2025-10-10,W,bus,659950,False
2025-10-11,A,bus,453038,False
2025-10-12,U,bus,313881,False
2025-10-13,W,bus,515678,True
2025-10-14,W,bus,692393,False
2025-10-15,W,bus,666759,False
2025-10-16,W,bus,688365,False
2025-10-17,W,bus,649764,False
2025-10-18,A,bus,439065,False
2025-10-19,U,bus,329001,False
2025-10-20,W,bus,651558,False
2025-10-21,W,bus,654157,False
2025-10-22,W,bus,656744,False
2025-10-23,W,bus,663146,False
2025-10-24,W,bus,630708,False
2025-10-25,A,bus,443149,False
2025-10-26,U,bus,355126,False
2025-10-27,W,bus,589139,True
2025-10-28,W,bus,674402,False
2025-10-29,W,bus,681235,False
2025-10-30,W,bus,685819,False
2025-10-31,W,bus,664859,False
2025-11-01,A,bus,425503,False
2025-11-02,U,bus,331012,False
2025-11-03,W,bus,665548,False
2025-11-04,W,bus,673038,False
2025-11-05,W,bus,673357,False
2025-11-06,W,bus,664491,False
2025-11-07,W,bus,650979,False
2025-11-08,A,bus,414216,False
2025-11-09,U,bus,302361,False
2025-11-10,W,bus,552135,True
2025-11-11,W,bus,513364,True
2025-11-12,W,bus,670402,False
2025-11-13,W,bus,664732,False
2025-11-14,W,bus,643173,False
2025-11-15,A,bus,447945,False
2025-11-16,U,bus,332419,False
2025-11-17,W,bus,640950,False
2025-11-18,W,bus,636407,False
2025-11-19,W,bus,662191,False
2025-11-20,W,bus,661684,False
2025-11-21,W,bus,640965,False
2025-11-22,A,bus,412805,False
2025-11-23,U,bus,339913,False
2025-11-24,W,bus,550755,False
2025-11-25,W,bus,550524,False
2025-11-26,W,bus,465776,False
2025-11-27,U,bus,212762,False
2025-11-28,W,bus,389505,True
2025-11-29,A,bus,280784,True
2025-11-30,U,bus,271575,False
2025-12-01,W,bus,604355,False
2025-12-02,W,bus,629538,False
2025-12-03,W,bus,648760,False
2025-12-04,W,bus,582248,False
2025-12-05,W,bus,596002,False
2025-12-06,A,bus,349457,False
2025-12-07,U,bus,295921,False
2025-12-08,W,bus,603721,False
2025-12-09,W,bus,636800,False
2025-12-10,W,bus,637423,False
2025-12-11,W,bus,629716,False
2025-12-12,W,bus,603670,False
2025-12-13,A,bus,347547,False
2025-12-14,U,bus,252339,False
2025-12-15,W,bus,541081,False
2025-12-16,W,bus,615002,False
2025-12-17,W,bus,636688,False
2025-12-18,W,bus,582363,False
2025-12-19,W,bus,546060,False
2025-12-20,A,bus,396429,False
2025-12-21,U,bus,312184,False
2025-12-22,W,bus,488902,False
2025-12-23,W,bus,504239,False
2025-12-24,W,bus,392531,False
2025-12-25,U,bus,184004,False
2025-12-26,W,bus,404406,False
2025-12-27,A,bus,365180,False
2025-12-28,U,bus,260640,False
2025-12-29,W,bus,411259,False
2025-12-30,W,bus,448472,False
2025-12-31,W,bus,449613,False
2026-01-01,U,bus,241782,False
2026-01-02,W,bus,458255,False
2026-01-03,A,bus,367490,False
2026-01-04,U,bus,304696,False
2026-01-05,W,bus,531936,False
2026-01-06,W,bus,625421,False
2026-01-07,W,bus,639146,False
2026-01-08,W,bus,601327,False
2026-01-09,W,bus,598950,False
2026-01-10,A,bus,394664,False
2026-01-11,U,bus,303604,False
2026-01-12,W,bus,627327,False
2026-01-13,W,bus,659722,False
2026-01-14,W,bus,577865,False
2026-01-15,W,bus,617491,False
2026-01-16,W,bus,581872,False
2026-01-17,A,bus,366948,False
2026-01-18,U,bus,287953,False
2026-01-19,W,bus,319605,True
2026-01-20,W,bus,586434,False
2026-01-21,W,bus,632558,False
2026-01-22,W,bus,594942,False
2026-01-23,W,bus,241720,True
2026-01-24,A,bus,263971,True
2026-01-25,U,bus,226408,False
2026-01-26,W,bus,498891,False
2026-01-27,W,bus,593424,False
2026-01-28,W,bus,561816,False
2026-01-29,W,bus,604117,False
2026-01-30,W,bus,569408,False
2026-01-31,A,bus,370671,False
2026-02-01,U,bus,306240,False
2026-02-02,W,bus,614282,False
2026-02-03,W,bus,663459,False
2026-02-04,W,bus,652700,False
2026-02-05,W,bus,638238,False
2026-02-06,W,bus,606602,False
2026-02-07,A,bus,406313,False
2026-02-08,U,bus,313435,False
2026-02-09,W,bus,617302,False
2026-02-10,W,bus,670567,False
2026-02-11,W,bus,670727,False
2026-02-12,W,bus,644978,False
2026-02-13,W,bus,643010,False
2026-02-14,A,bus,433835,False
2026-02-15,U,bus,357737,False
2026-02-16,W,bus,502042,False
2026-02-17,W,bus,600520,False
2026-02-18,W,bus,680733,False
2026-02-19,W,bus,657096,False
2026-02-20,W,bus,597569,False
2026-02-21,A,bus,400275,False
2026-02-22,U,bus,298002,False
2026-02-23,W,bus,600377,False
2026-02-24,W,bus,642202,False
2026-02-25,W,bus,661102,False
2026-02-26,W,bus,644774,False
2026-02-27,W,bus,650668,False
2026-02-28,A,bus,416135,False
2026-03-01,U,bus,326886,False
2026-03-02,W,bus,627486,False
2026-03-03,W,bus,668530,False
2026-03-04,W,bus,658701,False
2026-03-05,W,bus,648366,False
2026-03-06,W,bus,589975,False
2026-03-07,A,bus,452680,False
2026-03-08,U,bus,360240,False
2026-03-09,W,bus,661043,False
2026-03-10,W,bus,637883,False
2026-03-11,W,bus,613371,False
2026-03-12,W,bus,675989,False
2026-03-13,W,bus,622701,False
2026-03-14,A,bus,444090,False
2026-03-15,U,bus,297111,False
2026-03-16,W,bus,567191,False
2026-03-17,W,bus,583376,False
2026-03-18,W,bus,602749,False
2026-03-19,W,bus,672561,False
2026-03-20,W,bus,654441,False
2026-03-21,A,bus,471889,False
2026-03-22,U,bus,299580,False
2026-03-23,W,bus,535703,False
2026-03-24,W,bus,564217,False
2026-03-25,W,bus,589979,False
2026-03-26,W,bus,541319,False
2026-03-27,W,bus,543109,False
2026-03-28,A,bus,435694,False
2026-03-29,U,bus,352753,False
2026-03-30,W,bus,674656,False
2026-03-31,W,bus,633486,False
2026-04-01,W,bus,684531,False
2026-04-02,W,bus,620278,False
2026-04-03,W,bus,590346,False
2026-04-04,A,bus,426509,False
2026-04-05,U,bus,334625,False
2026-04-06,W,bus,652271,False
2026-04-07,W,bus,688145,False
2026-04-08,W,bus,694793,False
2026-04-09,W,bus,684531,False
2026-04-10,W,bus,643765,False
2026-04-11,A,bus,458730,False
2026-04-12,U,bus,368788,False
2026-04-13,W,bus,649252,False
2026-04-14,W,bus,662823,False
2026-04-15,W,bus,664108,False
2026-04-16,W,bus,669361,False
2026-04-17,W,bus,670050,False
2026-04-18,A,bus,456734,False
2026-04-19,U,bus,352633,False
2026-04-20,W,bus,663948,False
2026-04-21,W,bus,680882,False
2026-04-22,W,bus,694018,False
2026-04-23,W,bus,704867,False
2026-04-24,W,bus,648466,False
2026-04-25,A,bus,467308,False
2026-04-26,U,bus,358682,False
2026-04-27,W,bus,594496,True
2026-04-28,W,bus,693327,False
2026-04-29,W,bus,683443,False
2026-04-30,W,bus,681298,False
2026-05-01,W,bus,678734,False
2026-05-02,A,bus,476394,False
2026-05-03,U,bus,369869,False
2026-05-04,W,bus,678143,False
2026-05-05,W,bus,689689,False
2026-05-06,W,bus,705568,False
2026-05-07,W,bus,690298,False
2026-05-08,W,bus,656464,False
2026-05-09,A,bus,478365,False
2026-05-10,U,bus,360122,False
2026-05-11,W,bus,641027,False
2026-05-12,W,bus,666123,False
2026-05-13,W,bus,685724,False
2026-05-14,W,bus,687042,False
2026-05-15,W,bus,668794,False
2026-05-16,A,bus,488902,False
2026-05-17,U,bus,394942,False
2026-05-18,W,bus,629501,False
2026-05-19,W,bus,682742,False
2026-05-20,W,bus,692535,False
2026-05-21,W,bus,671385,False
2026-05-22,W,bus,649765,False
2026-05-23,A,bus,466739,False
2026-05-24,U,bus,374679,False
2026-05-25,U,bus,405024,False
2026-05-26,W,bus,680555,False
2026-05-27,W,bus,687167,False
2026-05-28,W,bus,679150,False
2026-05-29,W,bus,659766,False
2026-05-30,A,bus,503152,False
2026-05-31,U,bus,398487,False
2026-06-01,W,bus,661514,False
2026-06-02,W,bus,686405,False
2026-06-03,W,bus,702053,False
2026-06-04,W,bus,703449,False
2026-06-05,W,bus,602319,False
2026-06-06,A,bus,522892,False
2026-06-07,U,bus,419409,False
2026-06-08,W,bus,589194,False
2026-06-09,W,bus,639310,False
2026-06-10,W,bus,600265,False
2026-06-11,W,bus,567575,False
2026-06-12,W,bus,637849,False
2026-06-13,A,bus,516505,False
2026-06-14,U,bus,384733,False
2026-06-15,W,bus,609692,False
2026-06-16,W,bus,626811,False
2026-06-17,W,bus,521035,False
2026-06-18,W,bus,635454,False
2026-06-19,W,bus,568798,False
2026-06-20,A,bus,504171,False
2026-06-21,U,bus,322199,False
2026-06-22,W,bus,616914,False
2026-06-23,W,bus,661722,False
2026-06-24,W,bus,615759,False
2026-06-25,W,bus,663250,False
2026-06-26,W,bus,602267,False
2026-06-27,A,bus,500926,False
2026-06-28,U,bus,393301,False
2026-06-29,W,bus,612746,False
2026-06-30,W,bus,632314,False
2001-01-01,U,rail,126455,True
2001-01-02,W,rail,501952,False
2001-01-03,W,rail,536432,False
2001-01-04,W,rail,550011,False
2001-01-05,W,rail,557917,False
2001-01-06,A,rail,255356,False
2001-01-07,U,rail,169825,False
2001-01-08,W,rail,590706,False
2001-01-09,W,rail,599905,False
2001-01-10,W,rail,602052,False
2001-01-11,W,rail,607503,False
2001-01-12,W,rail,605252,False
2001-01-13,A,rail,270056,False
2001-01-14,U,rail,174842,False
2001-01-15,W,rail,412149,True
2001-01-16,W,rail,622163,False
2001-01-17,W,rail,620343,False
2001-01-18,W,rail,618832,False
2001-01-19,W,rail,583851,False
2001-01-20,A,rail,263815,False
2001-01-21,U,rail,172107,False
2001-01-22,W,rail,598777,False
2001-01-23,W,rail,610352,False
2001-01-24,W,rail,606835,False
2001-01-25,W,rail,609877,False
2001-01-26,W,rail,597039,False
2001-01-27,A,rail,268078,False
2001-01-28,U,rail,174434,False
2001-01-29,W,rail,587052,False
2001-01-30,W,rail,607858,False
2001-01-31,W,rail,610508,False
2001-02-01,W,rail,615268,False
2001-02-02,W,rail,577767,True
2001-02-03,A,rail,263612,False
2001-02-04,U,rail,178398,False
2001-02-05,W,rail,600588,False
2001-02-06,W,rail,612435,False
2001-02-07,W,rail,609022,False
2001-02-08,W,rail,610237,False
2001-02-09,W,rail,593354,False
2001-02-10,A,rail,271313,False
2001-02-11,U,rail,178810,False
2001-02-12,W,rail,539393,True
2001-02-13,W,rail,622753,False
2001-02-14,W,rail,610966,False
2001-02-15,W,rail,613323,False
2001-02-16,W,rail,601418,False
2001-02-17,A,rail,269294,False
2001-02-18,U,rail,176855,False
2001-02-19,W,rail,457891,True
2001-02-20,W,rail,610284,False
2001-02-21,W,rail,600133,False
2001-02-22,W,rail,606302,False
2001-02-23,W,rail,602352,False
2001-02-24,A,rail,246795,False
2001-02-25,U,rail,172132,False
2001-02-26,W,rail,609256,False
2001-02-27,W,rail,609305,False
2001-02-28,W,rail,610013,False
2001-03-01,W,rail,618440,False
2001-03-02,W,rail,611578,False
2001-03-03,A,rail,286786,False
2001-03-04,U,rail,178292,False
2001-03-05,W,rail,549759,True
2001-03-06,W,rail,603561,False
2001-03-07,W,rail,616666,False
2001-03-08,W,rail,611371,False
2001-03-09,W,rail,606672,False
2001-03-10,A,rail,283251,False
2001-03-11,U,rail,188228,False
2001-03-12,W,rail,588857,False
2001-03-13,W,rail,611347,False
2001-03-14,W,rail,619417,False
2001-03-15,W,rail,596612,False
2001-03-16,W,rail,583359,False
2001-03-17,A,rail,343893,True
2001-03-18,U,rail,194257,False
2001-03-19,W,rail,602469,False
2001-03-20,W,rail,618340,False
2001-03-21,W,rail,616764,False
2001-03-22,W,rail,617815,False
2001-03-23,W,rail,605605,False
2001-03-24,A,rail,277028,False
2001-03-25,U,rail,170742,False
2001-03-26,W,rail,583176,False
2001-03-27,W,rail,600914,False
2001-03-28,W,rail,601999,False
2001-03-29,W,rail,605027,False
2001-03-30,W,rail,590403,False
2001-03-31,A,rail,280950,False
2001-04-01,U,rail,192717,False
2001-04-02,W,rail,611098,False
2001-04-03,W,rail,613993,False
2001-04-04,W,rail,625348,False
2001-04-05,W,rail,606535,False
2001-04-06,W,rail,611352,False
2001-04-07,A,rail,297971,False
2001-04-08,U,rail,200720,False
2001-04-09,W,rail,596418,False
2001-04-10,W,rail,613311,False
2001-04-11,W,rail,606764,False
2001-04-12,W,rail,608691,False
2001-04-13,W,rail,527116,True
2001-04-14,A,rail,279728,False
2001-04-15,U,rail,163191,False
2001-04-16,W,rail,564614,False
2001-04-17,W,rail,583859,False
2001-04-18,W,rail,599600,False
2001-04-19,W,rail,596505,False
2001-04-20,W,rail,590659,False
2001-04-21,A,rail,293701,False
2001-04-22,U,rail,185526,False
2001-04-23,W,rail,590446,False
2001-04-24,W,rail,618513,False
2001-04-25,W,rail,609447,False
2001-04-26,W,rail,624617,False
2001-04-27,W,rail,610723,False
2001-04-28,A,rail,289747,False
2001-04-29,U,rail,200002,False
2001-04-30,W,rail,600424,False
2001-05-01,W,rail,632996,False
2001-05-02,W,rail,627894,False
2001-05-03,W,rail,634792,False
2001-05-04,W,rail,621087,False
2001-05-05,A,rail,307025,False
2001-05-06,U,rail,206450,False
2001-05-07,W,rail,598338,False
2001-05-08,W,rail,621604,False
2001-05-09,W,rail,619928,False
2001-05-10,W,rail,614067,False
2001-05-11,W,rail,600295,False
2001-05-12,A,rail,289167,False
2001-05-13,U,rail,200996,False
2001-05-14,W,rail,581644,False
2001-05-15,W,rail,633053,False
2001-05-16,W,rail,627978,False
2001-05-17,W,rail,628882,False
2001-05-18,W,rail,628829,False
2001-05-19,A,rail,315487,False
2001-05-20,U,rail,217899,False
2001-05-21,W,rail,590204,False
2001-05-22,W,rail,637152,False
2001-05-23,W,rail,619656,False
2001-05-24,W,rail,615727,False
2001-05-25,W,rail,597892,False
2001-05-26,A,rail,269276,False
2001-05-27,U,rail,208208,False
2001-05-28,U,rail,191639,False
2001-05-29,W,rail,595375,False
2001-05-30,W,rail,607442,False
2001-05-31,W,rail,602748,False
2001-06-01,W,rail,611631,False
2001-06-02,A,rail,282212,False
2001-06-03,U,rail,204795,False
2001-06-04,W,rail,599699,False
2001-06-05,W,rail,606051,False
2001-06-06,W,rail,627572,False
2001-06-07,W,rail,646177,False
2001-06-08,W,rail,642049,False
2001-06-09,A,rail,358013,False
2001-06-10,U,rail,242257,False
2001-06-11,W,rail,586260,False
2001-06-12,W,rail,605737,False
2001-06-13,W,rail,599114,False
2001-06-14,W,rail,602538,False
2001-06-15,W,rail,612983,False
2001-06-16,A,rail,340782,False
2001-06-17,U,rail,237483,False
2001-06-18,W,rail,590688,False
2001-06-19,W,rail,613028,False
2001-06-20,W,rail,612707,False
2001-06-21,W,rail,596076,False
2001-06-22,W,rail,626565,False
2001-06-23,A,rail,328467,False
2001-06-24,U,rail,281620,False
2001-06-25,W,rail,621006,False
2001-06-26,W,rail,635326,False
2001-06-27,W,rail,634994,False
2001-06-28,W,rail,611002,False
2001-06-29,W,rail,666587,False
2001-06-30,A,rail,363078,False
2001-07-01,U,rail,271052,False
2001-07-02,W,rail,627767,False
2001-07-03,W,rail,827670,True
2001-07-04,U,rail,306172,False
2001-07-05,W,rail,606574,False
2001-07-06,W,rail,643965,False
2001-07-07,A,rail,347374,False
2001-07-08,U,rail,256208,False
2001-07-09,W,rail,597633,False
2001-07-10,W,rail,610069,False
2001-07-11,W,rail,614294,False
2001-07-12,W,rail,636236,False
2001-07-13,W,rail,641244,False
2001-07-14,A,rail,333365,False
2001-07-15,U,rail,241827,False
2001-07-16,W,rail,623660,False
2001-07-17,W,rail,625940,False
2001-07-18,W,rail,612765,False
2001-07-19,W,rail,618451,False
2001-07-20,W,rail,610617,False
2001-07-21,A,rail,305457,False
2001-07-22,U,rail,200473,False
2001-07-23,W,rail,574685,False
2001-07-24,W,rail,630753,False
2001-07-25,W,rail,612547,False
2001-07-26,W,rail,636674,False
2001-07-27,W,rail,634484,False
2001-07-28,A,rail,357848,False
2001-07-29,U,rail,236416,False
2001-07-30,W,rail,586076,False
2001-07-31,W,rail,596502,False
2001-08-01,W,rail,612734,False
2001-08-02,W,rail,549367,False
2001-08-03,W,rail,603405,False
2001-08-04,A,rail,319386,False
2001-08-05,U,rail,225172,False
2001-08-06,W,rail,585919,False
2001-08-07,W,rail,610601,False
2001-08-08,W,rail,596163,False
2001-08-09,W,rail,602242,False
2001-08-10,W,rail,626136,False
2001-08-11,A,rail,323141,False
2001-08-12,U,rail,234020,False
2001-08-13,W,rail,571719,False
2001-08-14,W,rail,598019,False
2001-08-15,W,rail,584203,False
2001-08-16,W,rail,581402,False
2001-08-17,W,rail,598538,False
2001-08-18,A,rail,296970,False
2001-08-19,U,rail,235842,False
2001-08-20,W,rail,606101,False
2001-08-21,W,rail,608242,False
2001-08-22,W,rail,599157,False
2001-08-23,W,rail,612615,False
2001-08-24,W,rail,619276,False
2001-08-25,A,rail,290626,False
2001-08-26,U,rail,245014,False
2001-08-27,W,rail,590849,False
2001-08-28,W,rail,628532,False
2001-08-29,W,rail,625324,False
2001-08-30,W,rail,617044,False
2001-08-31,W,rail,616977,False
2001-09-01,A,rail,319699,False
2001-09-02,U,rail,243520,False
2001-09-03,U,rail,213584,False
2001-09-04,W,rail,625640,False
2001-09-05,W,rail,644950,False
2001-09-06,W,rail,644766,False
2001-09-07,W,rail,659824,False
2001-09-08,A,rail,341332,False
2001-09-09,U,rail,215773,False
2001-09-10,W,rail,661092,False
2001-09-11,W,rail,525953,False
2001-09-12,W,rail,588507,False
2001-09-13,W,rail,607718,False
2001-09-14,W,rail,613645,False
2001-09-15,A,rail,277875,False
2001-09-16,U,rail,191270,False
2001-09-17,W,rail,609381,False
2001-09-18,W,rail,626518,False
2001-09-19,W,rail,625612,False
2001-09-20,W,rail,646112,False
2001-09-21,W,rail,626032,False
2001-09-22,A,rail,307331,False
2001-09-23,U,rail,190813,False
2001-09-24,W,rail,622061,True
2001-09-25,W,rail,638815,False
2001-09-26,W,rail,639258,False
2001-09-27,W,rail,642860,False
2001-09-28,W,rail,645884,False
2001-09-29,A,rail,330008,False
2001-09-30,U,rail,219852,False
2001-10-01,W,rail,639795,False
2001-10-02,W,rail,658020,False
2001-10-03,W,rail,657170,False
2001-10-04,W,rail,649681,False
2001-10-05,W,rail,651273,False
2001-10-06,A,rail,326860,False
2001-10-07,U,rail,287483,True
2001-10-08,W,rail,531294,True
2001-10-09,W,rail,645072,False
2001-10-10,W,rail,637568,False
2001-10-11,W,rail,647937,False
2001-10-12,W,rail,625089,False
2001-10-13,A,rail,273528,False
2001-10-14,U,rail,209437,False
2001-10-15,W,rail,627937,False
2001-10-16,W,rail,634396,False
2001-10-17,W,rail,641266,False
2001-10-18,W,rail,646140,False
2001-10-19,W,rail,642121,False
2001-10-20,A,rail,319399,False
2001-10-21,U,rail,213638,False
2001-10-22,W,rail,621894,False
2001-10-23,W,rail,638393,False
2001-10-24,W,rail,625218,False
2001-10-25,W,rail,618401,False
2001-10-26,W,rail,613047,False
2001-10-27,A,rail,291912,False
2001-10-28,U,rail,208481,False
2001-10-29,W,rail,623086,False
2001-10-30,W,rail,629005,False
2001-10-31,W,rail,628587,False
2001-11-01,W,rail,641642,False
2001-11-02,W,rail,645966,False
2001-11-03,A,rail,315004,False
2001-11-04,U,rail,222988,False
2001-11-05,W,rail,629864,False
2001-11-06,W,rail,638448,False
2001-11-07,W,rail,640396,False
2001-11-08,W,rail,636400,False
2001-11-09,W,rail,620257,False
2001-11-10,A,rail,322793,False
2001-11-11,U,rail,218931,False
2001-11-12,W,rail,527242,True
2001-11-13,W,rail,641101,False
2001-11-14,W,rail,624162,False
2001-11-15,W,rail,615519,False
2001-11-16,W,rail,623566,False
2001-11-17,A,rail,354828,False
2001-11-18,U,rail,201199,False
2001-11-19,W,rail,600948,False
2001-11-20,W,rail,612391,False
2001-11-21,W,rail,589664,False
2001-11-22,U,rail,151915,True
2001-11-23,W,rail,356646,True
2001-11-24,A,rail,253414,False
2001-11-25,U,rail,186416,False
2001-11-26,W,rail,600439,False
2001-11-27,W,rail,613858,False
2001-11-28,W,rail,614405,False
2001-11-29,W,rail,613392,False
2001-11-30,W,rail,625037,False
2001-12-01,A,rail,307646,False
2001-12-02,U,rail,210748,False
2001-12-03,W,rail,599106,False
2001-12-04,W,rail,613294,False
2001-12-05,W,rail,622264,False
2001-12-06,W,rail,623428,False
2001-12-07,W,rail,618300,False
2001-12-08,A,rail,315639,False
2001-12-09,U,rail,207697,False
2001-12-10,W,rail,597416,False
2001-12-11,W,rail,614387,False
2001-12-12,W,rail,609660,False
2001-12-13,W,rail,610845,False
2001-12-14,W,rail,600798,False
2001-12-15,A,rail,319051,False
2001-12-16,U,rail,213347,False
2001-12-17,W,rail,593314,False
2001-12-18,W,rail,608735,False
2001-12-19,W,rail,591815,False
2001-12-20,W,rail,586572,False
2001-12-21,W,rail,569456,False
2001-12-22,A,rail,268254,False
2001-12-23,U,rail,184628,False
2001-12-24,W,rail,257022,True
2001-12-25,U,rail,93525,False
2001-12-26,W,rail,380064,True
2001-12-27,W,rail,436814,False
2001-12-28,W,rail,456879,False
2001-12-29,A,rail,224772,False
2001-12-30,U,rail,160102,False
2001-12-31,W,rail,321388,True
2002-01-01,U,rail,122471,True
2002-01-02,W,rail,491630,False
2002-01-03,W,rail,523292,False
2002-01-04,W,rail,528849,False
2002-01-05,A,rail,245820,False
2002-01-06,U,rail,177606,False
2002-01-07,W,rail,568929,False
2002-01-08,W,rail,585667,False
2002-01-09,W,rail,591671,False
2002-01-10,W,rail,591742,False
2002-01-11,W,rail,591718,False
2002-01-12,A,rail,266826,False
2002-01-13,U,rail,176272,False
2002-01-14,W,rail,593642,False
2002-01-15,W,rail,601489,False
2002-01-16,W,rail,608009,False
2002-01-17,W,rail,598282,False
2002-01-18,W,rail,581331,False
2002-01-19,A,rail,273407,False
2002-01-20,U,rail,180903,False
2002-01-21,W,rail,392312,True
2002-01-22,W,rail,603877,False
2002-01-23,W,rail,600427,False
2002-01-24,W,rail,605974,False
2002-01-25,W,rail,601352,False
2002-01-26,A,rail,283489,False
2002-01-27,U,rail,189116,False
2002-01-28,W,rail,595606,False
2002-01-29,W,rail,597598,False
2002-01-30,W,rail,602737,False
2002-01-31,W,rail,602988,False
2002-02-01,W,rail,585087,False
2002-02-02,A,rail,273954,False
2002-02-03,U,rail,180019,False
2002-02-04,W,rail,576117,True
2002-02-05,W,rail,596800,False
2002-02-06,W,rail,597747,False
2002-02-07,W,rail,600731,False
2002-02-08,W,rail,594502,False
2002-02-09,A,rail,296011,False
2002-02-10,U,rail,180097,False
2002-02-11,W,rail,592118,False
2002-02-12,W,rail,541814,True
2002-02-13,W,rail,612626,False
2002-02-14,W,rail,609706,False
2002-02-15,W,rail,589737,False
2002-02-16,A,rail,292835,False
2002-02-17,U,rail,209261,True
2002-02-18,W,rail,458524,True
2002-02-19,W,rail,597374,False
2002-02-20,W,rail,601360,False
2002-02-21,W,rail,603816,False
2002-02-22,W,rail,592329,False
2002-02-23,A,rail,292764,False
2002-02-24,U,rail,199343,False
2002-02-25,W,rail,581612,False
2002-02-26,W,rail,587918,False
2002-02-27,W,rail,587701,False
2002-02-28,W,rail,592045,False
2002-03-01,W,rail,593596,False
2002-03-02,A,rail,264847,False
2002-03-03,U,rail,174890,False
2002-03-04,W,rail,493625,True
2002-03-05,W,rail,588656,False
2002-03-06,W,rail,593126,False
2002-03-07,W,rail,594952,False
2002-03-08,W,rail,587766,False
2002-03-09,A,rail,254471,False
2002-03-10,U,rail,180401,False
2002-03-11,W,rail,591093,False
2002-03-12,W,rail,612457,False
2002-03-13,W,rail,615718,True
2002-03-14,W,rail,607626,False
2002-03-15,W,rail,591415,False
2002-03-16,A,rail,342098,False
2002-03-17,U,rail,189640,False
2002-03-18,W,rail,579486,False
2002-03-19,W,rail,590290,False
2002-03-20,W,rail,591401,False
2002-03-21,W,rail,574802,False
2002-03-22,W,rail,564876,False
2002-03-23,A,rail,290118,False
2002-03-24,U,rail,190845,False
2002-03-25,W,rail,544841,False
2002-03-26,W,rail,571086,False
2002-03-27,W,rail,580724,False
2002-03-28,W,rail,571056,False
2002-03-29,W,rail,472276,True
2002-03-30,A,rail,268843,False
2002-03-31,U,rail,158135,False
2002-04-01,W,rail,566861,False
2002-04-02,W,rail,585155,False
2002-04-03,W,rail,597081,False
2002-04-04,W,rail,600930,False
2002-04-05,W,rail,613919,False
2002-04-06,A,rail,318104,False
2002-04-07,U,rail,180625,False
2002-04-08,W,rail,578417,False
2002-04-09,W,rail,607047,False
2002-04-10,W,rail,618972,False
2002-04-11,W,rail,629240,False
2002-04-12,W,rail,591700,False
2002-04-13,A,rail,308737,False
2002-04-14,U,rail,210876,False
2002-04-15,W,rail,586214,False
2002-04-16,W,rail,599906,False
2002-04-17,W,rail,593532,False
2002-04-18,W,rail,594280,False
2002-04-19,W,rail,591974,False
2002-04-20,A,rail,300177,False
2002-04-21,U,rail,190405,False
2002-04-22,W,rail,583247,False
2002-04-23,W,rail,620463,False
2002-04-24,W,rail,602085,False
2002-04-25,W,rail,626040,False
2002-04-26,W,rail,615024,False
2002-04-27,A,rail,272746,False
2002-04-28,U,rail,201038,False
2002-04-29,W,rail,584792,False
2002-04-30,W,rail,604417,False
2002-05-01,W,rail,605198,False
2002-05-02,W,rail,598086,False
2002-05-03,W,rail,606513,False
2002-05-04,A,rail,312131,False
2002-05-05,U,rail,207913,False
2002-05-06,W,rail,598141,False
2002-05-07,W,rail,616111,False
2002-05-08,W,rail,600435,False
2002-05-09,W,rail,614202,False
2002-05-10,W,rail,609528,False
2002-05-11,A,rail,252501,False
2002-05-12,U,rail,185931,False
2002-05-13,W,rail,570031,False
2002-05-14,W,rail,598752,False
2002-05-15,W,rail,600667,False
2002-05-16,W,rail,579727,False
2002-05-17,W,rail,583205,False
2002-05-18,A,rail,298727,False
2002-05-19,U,rail,204421,False
2002-05-20,W,rail,582646,False
2002-05-21,W,rail,613667,False
2002-05-22,W,rail,618307,False
2002-05-23,W,rail,606199,False
2002-05-24,W,rail,576461,False
2002-05-25,A,rail,270672,False
2002-05-26,U,rail,216172,False
2002-05-27,U,rail,200876,False
2002-05-28,W,rail,588932,False
2002-05-29,W,rail,601576,False
2002-05-30,W,rail,606972,False
2002-05-31,W,rail,635809,False
2002-06-01,A,rail,371223,False
2002-06-02,U,rail,238648,False
2002-06-03,W,rail,583147,False
2002-06-04,W,rail,575065,False
2002-06-05,W,rail,602096,False
2002-06-06,W,rail,611344,False
2002-06-07,W,rail,606193,False
2002-06-08,A,rail,323142,False
2002-06-09,U,rail,228298,False
2002-06-10,W,rail,583512,False
2002-06-11,W,rail,604162,False
2002-06-12,W,rail,606658,False
2002-06-13,W,rail,596032,False
2002-06-14,W,rail,605447,False
2002-06-15,A,rail,318379,False
2002-06-16,U,rail,225229,False
2002-06-17,W,rail,576747,False
2002-06-18,W,rail,619540,False
2002-06-19,W,rail,618449,False
2002-06-20,W,rail,628191,False
2002-06-21,W,rail,616117,False
2002-06-22,A,rail,341170,False
2002-06-23,U,rail,232456,False
2002-06-24,W,rail,597643,False
2002-06-25,W,rail,600847,False
2002-06-26,W,rail,601333,False
2002-06-27,W,rail,613276,False
2002-06-28,W,rail,650340,False
2002-06-29,A,rail,369705,False
2002-06-30,U,rail,309418,True
2002-07-01,W,rail,601509,False
2002-07-02,W,rail,621541,False
2002-07-03,W,rail,785621,True
2002-07-04,U,rail,279204,False
2002-07-05,W,rail,500685,False
2002-07-06,A,rail,324834,False
2002-07-07,U,rail,256321,False
2002-07-08,W,rail,575055,False
2002-07-09,W,rail,579348,False
2002-07-10,W,rail,591208,False
2002-07-11,W,rail,594276,False
2002-07-12,W,rail,618865,False
2002-07-13,A,rail,324416,False
2002-07-14,U,rail,239865,False
2002-07-15,W,rail,608087,False
2002-07-16,W,rail,621832,False
2002-07-17,W,rail,595378,False
2002-07-18,W,rail,596288,False
2002-07-19,W,rail,612971,False
2002-07-20,A,rail,339113,False
2002-07-21,U,rail,229156,False
2002-07-22,W,rail,595784,False
2002-07-23,W,rail,623156,False
2002-07-24,W,rail,617518,False
2002-07-25,W,rail,608190,False
2002-07-26,W,rail,590601,False
2002-07-27,A,rail,327980,False
2002-07-28,U,rail,215040,False
2002-07-29,W,rail,565324,False
2002-07-30,W,rail,614162,False
2002-07-31,W,rail,603775,False
2002-08-01,W,rail,607964,False
2002-08-02,W,rail,612785,False
2002-08-03,A,rail,325279,False
2002-08-04,U,rail,234620,False
2002-08-05,W,rail,569627,False
2002-08-06,W,rail,592722,False
2002-08-07,W,rail,585313,False
2002-08-08,W,rail,589840,False
2002-08-09,W,rail,592938,False
2002-08-10,A,rail,340015,False
2002-08-11,U,rail,230526,False
2002-08-12,W,rail,579800,False
2002-08-13,W,rail,578996,False
2002-08-14,W,rail,586107,False
2002-08-15,W,rail,599375,False
2002-08-16,W,rail,592393,False
2002-08-17,A,rail,340569,False
2002-08-18,U,rail,285298,True
2002-08-19,W,rail,545503,False
2002-08-20,W,rail,586734,False
2002-08-21,W,rail,572717,False
2002-08-22,W,rail,533893,False
2002-08-23,W,rail,570031,False
2002-08-24,A,rail,308392,False
2002-08-25,U,rail,227484,False
2002-08-26,W,rail,572967,False
2002-08-27,W,rail,596884,False
2002-08-28,W,rail,590348,False
2002-08-29,W,rail,532322,True
2002-08-30,W,rail,608056,False
2002-08-31,A,rail,345777,False
2002-09-01,U,rail,257229,False
2002-09-02,U,rail,201136,False
2002-09-03,W,rail,625970,False
2002-09-04,W,rail,634665,False
2002-09-05,W,rail,634950,False
2002-09-06,W,rail,634809,False
2002-09-07,A,rail,318886,False
2002-09-08,U,rail,218716,False
2002-09-09,W,rail,630453,False
2002-09-10,W,rail,640278,False
2002-09-11,W,rail,631554,False
2002-09-12,W,rail,645114,False
2002-09-13,W,rail,655102,False
2002-09-14,A,rail,327322,False
2002-09-15,U,rail,221310,False
2002-09-16,W,rail,617848,False
2002-09-17,W,rail,644444,False
2002-09-18,W,rail,643763,False
2002-09-19,W,rail,640884,False
2002-09-20,W,rail,626196,False
2002-09-21,A,rail,330553,False
2002-09-22,U,rail,215142,False
2002-09-23,W,rail,637798,False
2002-09-24,W,rail,664958,False
2002-09-25,W,rail,666345,False
2002-09-26,W,rail,662347,False
2002-09-27,W,rail,651373,False
2002-09-28,A,rail,338847,False
2002-09-29,U,rail,232441,False
2002-09-30,W,rail,634065,False
2002-10-01,W,rail,653561,False
2002-10-02,W,rail,648879,False
2002-10-03,W,rail,655905,False
2002-10-04,W,rail,626723,False
2002-10-05,A,rail,338207,False
2002-10-06,U,rail,223075,False
2002-10-07,W,rail,641838,False
2002-10-08,W,rail,650758,False
2002-10-09,W,rail,648974,False
2002-10-10,W,rail,655002,False
2002-10-11,W,rail,658585,False
2002-10-12,A,rail,332781,False
2002-10-13,U,rail,323103,True
2002-10-14,W,rail,542057,True
2002-10-15,W,rail,653527,False
2002-10-16,W,rail,645880,False
2002-10-17,W,rail,645590,False
2002-10-18,W,rail,643043,False
2002-10-19,A,rail,333538,False
2002-10-20,U,rail,222167,False
2002-10-21,W,rail,632256,False
2002-10-22,W,rail,645112,False
2002-10-23,W,rail,635553,False
2002-10-24,W,rail,642039,False
2002-10-25,W,rail,632981,False
2002-10-26,A,rail,331030,False
2002-10-27,U,rail,217556,False
2002-10-28,W,rail,628314,False
2002-10-29,W,rail,636398,False
2002-10-30,W,rail,639993,False
2002-10-31,W,rail,635297,False
2002-11-01,W,rail,628183,False
2002-11-02,A,rail,313106,False
2002-11-03,U,rail,211506,False
2002-11-04,W,rail,633872,False
2002-11-05,W,rail,613203,False
2002-11-06,W,rail,644971,False
2002-11-07,W,rail,664817,False
2002-11-08,W,rail,646927,False
2002-11-09,A,rail,329264,False
2002-11-10,U,rail,220134,False
2002-11-11,W,rail,519021,True
2002-11-12,W,rail,637242,False
2002-11-13,W,rail,635224,False
2002-11-14,W,rail,625010,False
2002-11-15,W,rail,630267,False
2002-11-16,A,rail,314114,False
2002-11-17,U,rail,204651,False
2002-11-18,W,rail,619368,False
2002-11-19,W,rail,638719,False
2002-11-20,W,rail,630680,False
2002-11-21,W,rail,621257,False
2002-11-22,W,rail,618981,False
2002-11-23,A,rail,353053,False
2002-11-24,U,rail,202257,False
2002-11-25,W,rail,602628,False
2002-11-26,W,rail,611673,False
2002-11-27,W,rail,584367,False
2002-11-28,U,rail,145995,True
2002-11-29,W,rail,367260,True
2002-11-30,A,rail,255100,False
2002-12-01,U,rail,187150,False
2002-12-02,W,rail,598780,False
2002-12-03,W,rail,622071,False
2002-12-04,W,rail,610601,False
2002-12-05,W,rail,607822,False
2002-12-06,W,rail,602004,False
2002-12-07,A,rail,318034,False
2002-12-08,U,rail,202070,False
2002-12-09,W,rail,575116,False
2002-12-10,W,rail,601656,False
2002-12-11,W,rail,603601,False
2002-12-12,W,rail,602683,False
2002-12-13,W,rail,600852,False
2002-12-14,A,rail,325639,False
2002-12-15,U,rail,216394,False
2002-12-16,W,rail,577286,False
2002-12-17,W,rail,583328,False
2002-12-18,W,rail,571921,False
2002-12-19,W,rail,590493,False
2002-12-20,W,rail,565925,False
2002-12-21,A,rail,284719,False
2002-12-22,U,rail,194323,False
2002-12-23,W,rail,467245,False
2002-12-24,W,rail,319916,True
2002-12-25,U,rail,96846,True
2002-12-26,W,rail,372317,True
2002-12-27,W,rail,424575,False
2002-12-28,A,rail,236606,False
2002-12-29,U,rail,181081,False
2002-12-30,W,rail,469806,False
2002-12-31,W,rail,456865,False
2003-01-01,U,rail,169985,False
2003-01-02,W,rail,484840,False
2003-01-03,W,rail,515985,False
2003-01-04,A,rail,255217,False
2003-01-05,U,rail,177159,False
2003-01-06,W,rail,574868,False
2003-01-07,W,rail,580676,False
2003-01-08,W,rail,592758,False
2003-01-09,W,rail,586435,False
2003-01-10,W,rail,567691,False
2003-01-11,A,rail,250051,False
2003-01-12,U,rail,171467,False
2003-01-13,W,rail,585781,False
2003-01-14,W,rail,594400,False
2003-01-15,W,rail,583104,False
2003-01-16,W,rail,591915,False
2003-01-17,W,rail,584772,False
2003-01-18,A,rail,261058,False
2003-01-19,U,rail,172937,False
2003-01-20,W,rail,375958,True
2003-01-21,W,rail,590827,False
2003-01-22,W,rail,572491,False
2003-01-23,W,rail,541015,False
2003-01-24,W,rail,546353,False
2003-01-25,A,rail,259287,False
2003-01-26,U,rail,168783,False
2003-01-27,W,rail,564295,False
2003-01-28,W,rail,598146,False
2003-01-29,W,rail,594588,False
2003-01-30,W,rail,601060,False
2003-01-31,W,rail,577555,False
2003-02-01,A,rail,291226,False
2003-02-02,U,rail,192294,False
2003-02-03,W,rail,596186,False
2003-02-04,W,rail,597044,False
2003-02-05,W,rail,585552,False
2003-02-06,W,rail,596888,False
2003-02-07,W,rail,573249,False
2003-02-08,A,rail,270521,False
2003-02-09,U,rail,180861,False
2003-02-10,W,rail,584120,False
2003-02-11,W,rail,592292,False
2003-02-12,W,rail,523192,True
2003-02-13,W,rail,597819,False
2003-02-14,W,rail,594045,False
2003-02-15,A,rail,271823,False
2003-02-16,U,rail,188276,False
2003-02-17,W,rail,447938,True
2003-02-18,W,rail,604717,False
2003-02-19,W,rail,605097,False
2003-02-20,W,rail,611766,False
2003-02-21,W,rail,601156,False
2003-02-22,A,rail,276538,False
2003-02-23,U,rail,185905,False
2003-02-24,W,rail,574013,False
2003-02-25,W,rail,572520,False
2003-02-26,W,rail,588630,False
2003-02-27,W,rail,599144,False
2003-02-28,W,rail,597504,False
2003-03-01,A,rail,291264,False
2003-03-02,U,rail,182200,False
2003-03-03,W,rail,535306,False
2003-03-04,W,rail,606043,False
2003-03-05,W,rail,583929,False
2003-03-06,W,rail,573715,False
2003-03-07,W,rail,584273,False
2003-03-08,A,rail,274523,False
2003-03-09,U,rail,177874,False
2003-03-10,W,rail,573635,False
2003-03-11,W,rail,601034,False
2003-03-12,W,rail,604333,False
2003-03-13,W,rail,609896,False
2003-03-14,W,rail,615377,False
2003-03-15,A,rail,381570,True
2003-03-16,U,rail,235438,False
2003-03-17,W,rail,597982,False
2003-03-18,W,rail,596226,False
2003-03-19,W,rail,586881,False
2003-03-20,W,rail,594341,False
2003-03-21,W,rail,588655,False
2003-03-22,A,rail,292329,False
2003-03-23,U,rail,215626,False
2003-03-24,W,rail,584149,False
2003-03-25,W,rail,594589,False
2003-03-26,W,rail,594924,False
2003-03-27,W,rail,593676,False
2003-03-28,W,rail,552242,False
2003-03-29,A,rail,280361,False
2003-03-30,U,rail,191109,False
2003-03-31,W,rail,577834,False
2003-04-01,W,rail,603564,False
2003-04-02,W,rail,602855,False
2003-04-03,W,rail,592074,False
2003-04-04,W,rail,572837,False
2003-04-05,A,rail,293496,False
2003-04-06,U,rail,188467,False
2003-04-07,W,rail,565391,False
2003-04-08,W,rail,599769,False
2003-04-09,W,rail,611985,False
2003-04-10,W,rail,624279,False
2003-04-11,W,rail,600667,False
2003-04-12,A,rail,321354,False
2003-04-13,U,rail,219553,False
2003-04-14,W,rail,593473,False
2003-04-15,W,rail,606461,False
2003-04-16,W,rail,578259,False
2003-04-17,W,rail,563613,False
2003-04-18,W,rail,482196,False
2003-04-19,A,rail,263464,False
2003-04-20,U,rail,172399,False
2003-04-21,W,rail,572442,False
2003-04-22,W,rail,617403,False
2003-04-23,W,rail,613127,False
2003-04-24,W,rail,620140,False
2003-04-25,W,rail,595103,False
2003-04-26,A,rail,300728,False
2003-04-27,U,rail,210716,False
2003-04-28,W,rail,582145,False
2003-04-29,W,rail,595629,False
2003-04-30,W,rail,567596,False
2003-05-01,W,rail,597161,False
2003-05-02,W,rail,616460,False
2003-05-03,A,rail,335590,False
2003-05-04,U,rail,214366,False
2003-05-05,W,rail,608082,False
2003-05-06,W,rail,626276,False
2003-05-07,W,rail,610370,False
2003-05-08,W,rail,605164,False
2003-05-09,W,rail,616706,False
2003-05-10,A,rail,301857,False
2003-05-11,U,rail,193398,False
2003-05-12,W,rail,580553,False
2003-05-13,W,rail,602563,False
2003-05-14,W,rail,583198,False
2003-05-15,W,rail,598384,False
2003-05-16,W,rail,589910,False
2003-05-17,A,rail,304723,False
2003-05-18,U,rail,207860,False
2003-05-19,W,rail,579665,False
2003-05-20,W,rail,594508,False
2003-05-21,W,rail,592768,False
2003-05-22,W,rail,590893,False
2003-05-23,W,rail,575372,False
2003-05-24,A,rail,301068,False
2003-05-25,U,rail,223466,False
2003-05-26,U,rail,224023,False
2003-05-27,W,rail,597804,False
2003-05-28,W,rail,586704,False
2003-05-29,W,rail,595331,False
2003-05-30,W,rail,613622,False
2003-05-31,A,rail,318134,False
2003-06-01,U,rail,245291,False
2003-06-02,W,rail,583126,False
2003-06-03,W,rail,610279,False
2003-06-04,W,rail,615414,False
2003-06-05,W,rail,622481,False
2003-06-06,W,rail,615632,False
2003-06-07,A,rail,354198,False
2003-06-08,U,rail,229228,False
2003-06-09,W,rail,590887,False
2003-06-10,W,rail,596552,False
2003-06-11,W,rail,607043,False
2003-06-12,W,rail,604883,False
2003-06-13,W,rail,592987,False
2003-06-14,A,rail,320029,False
2003-06-15,U,rail,221822,False
2003-06-16,W,rail,581387,False
2003-06-17,W,rail,601420,False
2003-06-18,W,rail,587986,False
2003-06-19,W,rail,596124,False
2003-06-20,W,rail,611219,False
2003-06-21,A,rail,345895,False
2003-06-22,U,rail,242077,False
2003-06-23,W,rail,568379,False
2003-06-24,W,rail,620552,False
2003-06-25,W,rail,603880,False
2003-06-26,W,rail,600660,False
2003-06-27,W,rail,661150,False
2003-06-28,A,rail,350162,False
2003-06-29,U,rail,329753,False
2003-06-30,W,rail,611874,False
2003-07-01,W,rail,634210,False
2003-07-02,W,rail,640212,False
2003-07-03,W,rail,790702,True
2003-07-04,U,rail,347887,True
2003-07-05,A,rail,363309,False
2003-07-06,U,rail,269228,False
2003-07-07,W,rail,569437,False
2003-07-08,W,rail,579733,False
2003-07-09,W,rail,598967,False
2003-07-10,W,rail,614469,False
2003-07-11,W,rail,615433,False
2003-07-12,A,rail,339152,False
2003-07-13,U,rail,257051,False
2003-07-14,W,rail,611190,False
2003-07-15,W,rail,618204,False
2003-07-16,W,rail,597927,False
2003-07-17,W,rail,579675,False
2003-07-18,W,rail,590356,False
2003-07-19,A,rail,324535,False
2003-07-20,U,rail,224010,False
2003-07-21,W,rail,578363,False
2003-07-22,W,rail,590880,False
2003-07-23,W,rail,622160,False
2003-07-24,W,rail,622281,False
2003-07-25,W,rail,591792,False
2003-07-26,A,rail,312502,False
2003-07-27,U,rail,222589,False
2003-07-28,W,rail,562933,False
2003-07-29,W,rail,615414,False
2003-07-30,W,rail,616406,False
2003-07-31,W,rail,617395,False
2003-08-01,W,rail,605206,False
2003-08-02,A,rail,399990,False
2003-08-03,U,rail,244986,False
2003-08-04,W,rail,585024,False
2003-08-05,W,rail,600556,False
2003-08-06,W,rail,581895,False
2003-08-07,W,rail,584026,False
2003-08-08,W,rail,583831,False
2003-08-09,A,rail,371415,False
2003-08-10,U,rail,244876,False
2003-08-11,W,rail,566910,False
2003-08-12,W,rail,595230,False
2003-08-13,W,rail,614427,False
2003-08-14,W,rail,592601,False
2003-08-15,W,rail,602111,False
2003-08-16,A,rail,363117,False
2003-08-17,U,rail,290507,False
2003-08-18,W,rail,559214,False
2003-08-19,W,rail,577418,False
2003-08-20,W,rail,567116,False
2003-08-21,W,rail,562565,False
2003-08-22,W,rail,576202,False
2003-08-23,A,rail,313035,False
2003-08-24,U,rail,227185,False
2003-08-25,W,rail,561134,False
2003-08-26,W,rail,573211,False
2003-08-27,W,rail,578962,False
2003-08-28,W,rail,578781,False
2003-08-29,W,rail,604839,False
2003-08-30,A,rail,339474,False
2003-08-31,U,rail,242605,False
2003-09-01,U,rail,199296,True
2003-09-02,W,rail,648864,False
2003-09-03,W,rail,650319,False
2003-09-04,W,rail,652383,False
2003-09-05,W,rail,634834,False
2003-09-06,A,rail,334013,False
2003-09-07,U,rail,222973,False
2003-09-08,W,rail,623072,False
2003-09-09,W,rail,632686,False
2003-09-10,W,rail,645858,False
2003-09-11,W,rail,639732,False
2003-09-12,W,rail,650171,False
2003-09-13,A,rail,350594,False
2003-09-14,U,rail,235410,False
2003-09-15,W,rail,653569,False
2003-09-16,W,rail,663607,False
2003-09-17,W,rail,663761,False
2003-09-18,W,rail,647465,False
2003-09-19,W,rail,642616,False
2003-09-20,A,rail,338787,False
2003-09-21,U,rail,231095,False
2003-09-22,W,rail,638244,False
2003-09-23,W,rail,655433,False
2003-09-24,W,rail,643836,False
2003-09-25,W,rail,648354,False
2003-09-26,W,rail,643987,False
2003-09-27,A,rail,358390,False
2003-09-28,U,rail,236781,False
2003-09-29,W,rail,637350,False
2003-09-30,W,rail,637394,False
2003-10-01,W,rail,644239,False
2003-10-02,W,rail,641608,False
2003-10-03,W,rail,667963,False
2003-10-04,A,rail,383554,False
2003-10-05,U,rail,236860,False
2003-10-06,W,rail,618461,False
2003-10-07,W,rail,699907,False
2003-10-08,W,rail,693316,False
2003-10-09,W,rail,650911,False
2003-10-10,W,rail,661985,False
2003-10-11,A,rail,366667,False
2003-10-12,U,rail,351185,True
2003-10-13,W,rail,547856,False
2003-10-14,W,rail,691539,False
2003-10-15,W,rail,711785,True
2003-10-16,W,rail,650877,False
2003-10-17,W,rail,651230,False
2003-10-18,A,rail,362376,False
2003-10-19,U,rail,241241,False
2003-10-20,W,rail,632330,False
2003-10-21,W,rail,644683,False
2003-10-22,W,rail,640420,False
2003-10-23,W,rail,644198,False
2003-10-24,W,rail,639483,False
2003-10-25,A,rail,332732,False
2003-10-26,U,rail,231808,False
2003-10-27,W,rail,620687,False
2003-10-28,W,rail,631318,False
2003-10-29,W,rail,637933,False
2003-10-30,W,rail,652674,False
2003-10-31,W,rail,628603,False
2003-11-01,A,rail,309648,False
2003-11-02,U,rail,215452,False
2003-11-03,W,rail,614598,False
2003-11-04,W,rail,630296,False
2003-11-05,W,rail,639104,False
2003-11-06,W,rail,644961,False
2003-11-07,W,rail,620991,False
2003-11-08,A,rail,320811,False
2003-11-09,U,rail,221796,False
2003-11-10,W,rail,606222,False
2003-11-11,W,rail,542871,True
2003-11-12,W,rail,627509,False
2003-11-13,W,rail,616525,False
2003-11-14,W,rail,632553,False
2003-11-15,A,rail,334186,False
2003-11-16,U,rail,222633,False
2003-11-17,W,rail,618428,False
2003-11-18,W,rail,608253,False
2003-11-19,W,rail,632045,False
2003-11-20,W,rail,638332,False
2003-11-21,W,rail,626155,False
2003-11-22,A,rail,361622,False
2003-11-23,U,rail,202523,False
2003-11-24,W,rail,583860,False
2003-11-25,W,rail,602970,False
2003-11-26,W,rail,579257,False
2003-11-27,U,rail,153251,True
2003-11-28,W,rail,344266,True
2003-11-29,A,rail,265968,False
2003-11-30,U,rail,217629,False
2003-12-01,W,rail,601364,False
2003-12-02,W,rail,605675,False
2003-12-03,W,rail,613563,False
2003-12-04,W,rail,610322,False
2003-12-05,W,rail,606672,False
2003-12-06,A,rail,326475,False
2003-12-07,U,rail,214938,False
2003-12-08,W,rail,586022,False
2003-12-09,W,rail,594395,False
2003-12-10,W,rail,597600,False
2003-12-11,W,rail,591327,False
2003-12-12,W,rail,575833,False
2003-12-13,A,rail,305519,False
2003-12-14,U,rail,209939,False
2003-12-15,W,rail,568654,False
2003-12-16,W,rail,576496,False
2003-12-17,W,rail,573820,False
2003-12-18,W,rail,567624,False
2003-12-19,W,rail,555922,False
2003-12-20,A,rail,289142,False
2003-12-21,U,rail,218944,True
2003-12-22,W,rail,508014,False
2003-12-23,W,rail,486462,False
2003-12-24,W,rail,333655,True
2003-12-25,U,rail,101016,True
2003-12-26,W,rail,321094,True
2003-12-27,A,rail,232980,False
2003-12-28,U,rail,178624,False
2003-12-29,W,rail,461979,False
2003-12-30,W,rail,474545,False
2003-12-31,W,rail,430971,False
2004-01-01,U,rail,174003,False
2004-01-02,W,rail,421851,False
2004-01-03,A,rail,250130,False
2004-01-04,U,rail,162880,False
2004-01-05,W,rail,548650,False
2004-01-06,W,rail,516396,False
2004-01-07,W,rail,536299,False
2004-01-08,W,rail,556891,False
2004-01-09,W,rail,560519,False
2004-01-10,A,rail,261687,False
2004-01-11,U,rail,180035,False
2004-01-12,W,rail,588906,False
2004-01-13,W,rail,596765,False
2004-01-14,W,rail,591625,False
2004-01-15,W,rail,590965,False
2004-01-16,W,rail,578153,False
2004-01-17,A,rail,278142,False
2004-01-18,U,rail,178641,False
2004-01-19,W,rail,353859,True
2004-01-20,W,rail,572634,False
2004-01-21,W,rail,576593,False
2004-01-22,W,rail,542344,False
2004-01-23,W,rail,550366,False
2004-01-24,A,rail,263571,False
2004-01-25,U,rail,176977,False
2004-01-26,W,rail,566031,False
2004-01-27,W,rail,586852,False
2004-01-28,W,rail,565269,False
2004-01-29,W,rail,553448,False
2004-01-30,W,rail,500887,False
2004-01-31,A,rail,246213,False
2004-02-01,U,rail,170793,False
2004-02-02,W,rail,566503,False
2004-02-03,W,rail,591153,False
2004-02-04,W,rail,581672,False
2004-02-05,W,rail,586671,False
2004-02-06,W,rail,572957,False
2004-02-07,A,rail,281792,False
2004-02-08,U,rail,185893,False
2004-02-09,W,rail,578071,False
2004-02-10,W,rail,593014,False
2004-02-11,W,rail,594399,False
2004-02-12,W,rail,537211,False
2004-02-13,W,rail,580969,False
2004-02-14,A,rail,301728,False
2004-02-15,U,rail,191759,False
2004-02-16,W,rail,441539,True
2004-02-17,W,rail,596810,False
2004-02-18,W,rail,593575,False
2004-02-19,W,rail,601442,False
2004-02-20,W,rail,580459,False
2004-02-21,A,rail,288901,False
2004-02-22,U,rail,187329,False
2004-02-23,W,rail,577436,False
2004-02-24,W,rail,588493,False
2004-02-25,W,rail,596639,False
2004-02-26,W,rail,598172,False
2004-02-27,W,rail,589768,False
2004-02-28,A,rail,310337,False
2004-02-29,U,rail,208258,False
2004-03-01,W,rail,534603,True
2004-03-02,W,rail,597880,False
2004-03-03,W,rail,594376,False
2004-03-04,W,rail,584225,False
2004-03-05,W,rail,575845,False
2004-03-06,A,rail,296173,False
2004-03-07,U,rail,186924,False
2004-03-08,W,rail,585973,False
2004-03-09,W,rail,597735,False
2004-03-10,W,rail,601851,False
2004-03-11,W,rail,589420,False
2004-03-12,W,rail,580254,False
2004-03-13,A,rail,342986,False
2004-03-14,U,rail,200734,False
2004-03-15,W,rail,580038,False
2004-03-16,W,rail,582515,False
2004-03-17,W,rail,589641,False
2004-03-18,W,rail,588303,False
2004-03-19,W,rail,593249,False
2004-03-20,A,rail,311130,False
2004-03-21,U,rail,189403,False
2004-03-22,W,rail,559786,False
2004-03-23,W,rail,579228,False
2004-03-24,W,rail,565878,False
2004-03-25,W,rail,577094,False
2004-03-26,W,rail,557755,False
2004-03-27,A,rail,300842,False
2004-03-28,U,rail,215088,False
2004-03-29,W,rail,573929,False
2004-03-30,W,rail,579487,False
2004-03-31,W,rail,579344,False
2004-04-01,W,rail,592854,False
2004-04-02,W,rail,589043,False
2004-04-03,A,rail,304787,False
2004-04-04,U,rail,198468,False
2004-04-05,W,rail,571811,False
2004-04-06,W,rail,585618,False
2004-04-07,W,rail,592042,False
2004-04-08,W,rail,588420,False
2004-04-09,W,rail,490037,True
2004-04-10,A,rail,263036,False
2004-04-11,U,rail,162703,False
2004-04-12,W,rail,560649,False
2004-04-13,W,rail,571813,False
2004-04-14,W,rail,593419,False
2004-04-15,W,rail,601171,False
2004-04-16,W,rail,600132,False
2004-04-17,A,rail,331377,False
2004-04-18,U,rail,227626,False
2004-04-19,W,rail,592025,False
2004-04-20,W,rail,592319,False
2004-04-21,W,rail,597005,False
2004-04-22,W,rail,597088,False
2004-04-23,W,rail,615945,False
2004-04-24,A,rail,314947,False
2004-04-25,U,rail,218019,False
2004-04-26,W,rail,576288,False
2004-04-27,W,rail,588215,False
2004-04-28,W,rail,585375,False
2004-04-29,W,rail,580209,False
2004-04-30,W,rail,579995,False
2004-05-01,A,rail,282452,False
2004-05-02,U,rail,203143,False
2004-05-03,W,rail,580844,False
2004-05-04,W,rail,615968,False
2004-05-05,W,rail,622837,False
2004-05-06,W,rail,614497,False
2004-05-07,W,rail,591026,False
2004-05-08,A,rail,316493,False
2004-05-09,U,rail,221375,False
2004-05-10,W,rail,558691,False
2004-05-11,W,rail,583729,False
2004-05-12,W,rail,576643,False
2004-05-13,W,rail,579703,False
2004-05-14,W,rail,566238,False
2004-05-15,A,rail,308012,False
2004-05-16,U,rail,214886,False
2004-05-17,W,rail,567520,False
2004-05-18,W,rail,600273,False
2004-05-19,W,rail,613954,False
2004-05-20,W,rail,604798,False
2004-05-21,W,rail,592577,False
2004-05-22,A,rail,316714,False
2004-05-23,U,rail,224372,False
2004-05-24,W,rail,572310,False
2004-05-25,W,rail,586827,False
2004-05-26,W,rail,583785,False
2004-05-27,W,rail,583639,False
2004-05-28,W,rail,574148,False
2004-05-29,A,rail,288249,False
2004-05-30,U,rail,185353,False
2004-05-31,U,rail,210076,False
2004-06-01,W,rail,604744,False
2004-06-02,W,rail,605193,False
2004-06-03,W,rail,597741,False
2004-06-04,W,rail,619850,False
2004-06-05,A,rail,350348,False
2004-06-06,U,rail,247799,False
2004-06-07,W,rail,602548,False
2004-06-08,W,rail,627174,False
2004-06-09,W,rail,616418,False
2004-06-10,W,rail,614363,False
2004-06-11,W,rail,584390,False
2004-06-12,A,rail,347638,False
2004-06-13,U,rail,237263,False
2004-06-14,W,rail,569479,False
2004-06-15,W,rail,591145,False
2004-06-16,W,rail,584517,False
2004-06-17,W,rail,585309,False
2004-06-18,W,rail,600582,False
2004-06-19,A,rail,336481,False
2004-06-20,U,rail,231581,False
2004-06-21,W,rail,540333,False
2004-06-22,W,rail,597441,False
2004-06-23,W,rail,578302,False
2004-06-24,W,rail,571439,False
2004-06-25,W,rail,629449,False
2004-06-26,A,rail,374748,False
2004-06-27,U,rail,324978,True
2004-06-28,W,rail,572918,False
2004-06-29,W,rail,643017,False
2004-06-30,W,rail,639979,False
2004-07-01,W,rail,646062,False
2004-07-02,W,rail,647738,False
2004-07-03,A,rail,418005,False
2004-07-04,U,rail,324563,False
2004-07-05,U,rail,229820,False
2004-07-06,W,rail,556428,False
2004-07-07,W,rail,568101,False
2004-07-08,W,rail,580508,False
2004-07-09,W,rail,560395,False
2004-07-10,A,rail,305695,False
2004-07-11,U,rail,228013,False
2004-07-12,W,rail,564588,False
2004-07-13,W,rail,571480,False
2004-07-14,W,rail,581198,False
2004-07-15,W,rail,615708,False
2004-07-16,W,rail,610788,False
2004-07-17,A,rail,365413,False
2004-07-18,U,rail,271230,False
2004-07-19,W,rail,593573,False
2004-07-20,W,rail,606660,False
2004-07-21,W,rail,590615,False
2004-07-22,W,rail,598156,False
2004-07-23,W,rail,590514,False
2004-07-24,A,rail,319483,False
2004-07-25,U,rail,250189,False
2004-07-26,W,rail,565461,False
2004-07-27,W,rail,590244,False
2004-07-28,W,rail,581804,False
2004-07-29,W,rail,574372,False
2004-07-30,W,rail,599378,True
2004-07-31,A,rail,376947,False
2004-08-01,U,rail,251600,False
2004-08-02,W,rail,544308,True
2004-08-03,W,rail,570440,False
2004-08-04,W,rail,556467,False
2004-08-05,W,rail,572708,False
2004-08-06,W,rail,576089,False
2004-08-07,A,rail,319929,False
2004-08-08,U,rail,235899,False
2004-08-09,W,rail,543743,False
2004-08-10,W,rail,584756,False
2004-08-11,W,rail,581158,False
2004-08-12,W,rail,586637,False
2004-08-13,W,rail,591673,False
2004-08-14,A,rail,359470,False
2004-08-15,U,rail,239400,False
2004-08-16,W,rail,531860,False
2004-08-17,W,rail,547281,False
2004-08-18,W,rail,550495,False
2004-08-19,W,rail,560944,False
2004-08-20,W,rail,568661,False
2004-08-21,A,rail,360597,False
2004-08-22,U,rail,271487,False
2004-08-23,W,rail,566252,False
2004-08-24,W,rail,567497,False
2004-08-25,W,rail,570388,False
2004-08-26,W,rail,586981,False
2004-08-27,W,rail,605790,True
2004-08-28,A,rail,297684,False
2004-08-29,U,rail,243215,False
2004-08-30,W,rail,567769,False
2004-08-31,W,rail,586695,False
2004-09-01,W,rail,597386,False
2004-09-02,W,rail,599495,False
2004-09-03,W,rail,588503,False
2004-09-04,A,rail,326695,False
2004-09-05,U,rail,257995,False
2004-09-06,U,rail,232087,False
2004-09-07,W,rail,626352,False
2004-09-08,W,rail,637961,False
2004-09-09,W,rail,628271,False
2004-09-10,W,rail,651710,False
2004-09-11,A,rail,355835,False
2004-09-12,U,rail,258509,False
2004-09-13,W,rail,636868,False
2004-09-14,W,rail,648153,False
2004-09-15,W,rail,640279,False
2004-09-16,W,rail,621221,False
2004-09-17,W,rail,625246,False
2004-09-18,A,rail,340756,False
2004-09-19,U,rail,237754,False
2004-09-20,W,rail,618982,False
2004-09-21,W,rail,632360,False
2004-09-22,W,rail,629320,False
2004-09-23,W,rail,639139,False
2004-09-24,W,rail,622291,False
2004-09-25,A,rail,322940,False
2004-09-26,U,rail,226180,False
2004-09-27,W,rail,636750,False
2004-09-28,W,rail,651704,False
2004-09-29,W,rail,651246,False
2004-09-30,W,rail,652621,False
2004-10-01,W,rail,654384,False
2004-10-02,A,rail,363581,False
2004-10-03,U,rail,252513,False
2004-10-04,W,rail,626058,False
2004-10-05,W,rail,632144,False
2004-10-06,W,rail,633595,False
2004-10-07,W,rail,640106,False
2004-10-08,W,rail,633554,False
2004-10-09,A,rail,363116,False
2004-10-10,U,rail,350585,True
2004-10-11,W,rail,533211,True
2004-10-12,W,rail,636093,False
2004-10-13,W,rail,633630,False
2004-10-14,W,rail,634855,False
2004-10-15,W,rail,634543,False
2004-10-16,A,rail,326448,False
2004-10-17,U,rail,243898,False
2004-10-18,W,rail,609460,True
2004-10-19,W,rail,624056,False
2004-10-20,W,rail,623762,False
2004-10-21,W,rail,637181,False
2004-10-22,W,rail,629243,False
2004-10-23,A,rail,313794,False
2004-10-24,U,rail,227357,False
2004-10-25,W,rail,612489,False
2004-10-26,W,rail,621378,False
2004-10-27,W,rail,628723,False
2004-10-28,W,rail,629827,False
2004-10-29,W,rail,630736,False
2004-10-30,A,rail,318073,False
2004-10-31,U,rail,230321,False
2004-11-01,W,rail,587503,True
2004-11-02,W,rail,577460,True
2004-11-03,W,rail,625991,False
2004-11-04,W,rail,623937,False
2004-11-05,W,rail,630151,False
2004-11-06,A,rail,331394,False
2004-11-07,U,rail,222194,False
2004-11-08,W,rail,615996,False
2004-11-09,W,rail,629375,False
2004-11-10,W,rail,635694,False
2004-11-11,W,rail,549029,True
2004-11-12,W,rail,606762,False
2004-11-13,A,rail,331920,False
2004-11-14,U,rail,221405,False
2004-11-15,W,rail,611786,False
2004-11-16,W,rail,623801,False
2004-11-17,W,rail,620535,False
2004-11-18,W,rail,610552,False
2004-11-19,W,rail,622698,False
2004-11-20,A,rail,371415,False
2004-11-21,U,rail,229287,False
2004-11-22,W,rail,606086,False
2004-11-23,W,rail,616805,False
2004-11-24,W,rail,550778,True
2004-11-25,U,rail,147567,True
2004-11-26,W,rail,345213,True
2004-11-27,A,rail,246053,False
2004-11-28,U,rail,206685,False
2004-11-29,W,rail,588392,False
2004-11-30,W,rail,600955,False
2004-12-01,W,rail,614286,False
2004-12-02,W,rail,613061,False
2004-12-03,W,rail,615342,False
2004-12-04,A,rail,335317,False
2004-12-05,U,rail,231858,False
2004-12-06,W,rail,587577,False
2004-12-07,W,rail,587165,False
2004-12-08,W,rail,605103,False
2004-12-09,W,rail,607436,False
2004-12-10,W,rail,598887,False
2004-12-11,A,rail,318757,False
2004-12-12,U,rail,205786,False
2004-12-13,W,rail,562847,False
2004-12-14,W,rail,574048,False
2004-12-15,W,rail,584961,False
2004-12-16,W,rail,585749,False
2004-12-17,W,rail,572764,False
2004-12-18,A,rail,302065,False
2004-12-19,U,rail,181261,False
2004-12-20,W,rail,488937,False
2004-12-21,W,rail,508747,False
2004-12-22,W,rail,473787,False
2004-12-23,W,rail,408740,False
2004-12-24,W,rail,191941,True
2004-12-25,U,rail,87992,True
2004-12-26,U,rail,152351,False
2004-12-27,W,rail,386604,False
2004-12-28,W,rail,438802,False
2004-12-29,W,rail,456993,False
2004-12-30,W,rail,457796,False
2004-12-31,W,rail,364015,False
2005-01-01,U,rail,196267,False
2005-01-02,U,rail,183672,False
2005-01-03,W,rail,512620,False
2005-01-04,W,rail,559563,False
2005-01-05,W,rail,558698,False
2005-01-06,W,rail,554283,False
2005-01-07,W,rail,554769,False
2005-01-08,A,rail,261042,False
2005-01-09,U,rail,177968,False
2005-01-10,W,rail,584456,False
2005-01-11,W,rail,590368,False
2005-01-12,W,rail,589359,False
2005-01-13,W,rail,582596,False
2005-01-14,W,rail,552090,False
2005-01-15,A,rail,249401,False
2005-01-16,U,rail,169880,False
2005-01-17,W,rail,349284,True
2005-01-18,W,rail,569801,False
2005-01-19,W,rail,583108,False
2005-01-20,W,rail,590558,False
2005-01-21,W,rail,591645,False
2005-01-22,A,rail,263129,False
2005-01-23,U,rail,188044,False
2005-01-24,W,rail,580140,False
2005-01-25,W,rail,592253,False
2005-01-26,W,rail,581016,False
2005-01-27,W,rail,587048,False
2005-01-28,W,rail,554367,False
2005-01-29,A,rail,277291,False
2005-01-30,U,rail,187644,False
2005-01-31,W,rail,583230,False
2005-02-01,W,rail,598684,False
2005-02-02,W,rail,599354,False
2005-02-03,W,rail,607326,False
2005-02-04,W,rail,595511,False
2005-02-05,A,rail,312338,False
2005-02-06,U,rail,196102,False
2005-02-07,W,rail,578699,False
2005-02-08,W,rail,593343,False
2005-02-09,W,rail,595976,False
2005-02-10,W,rail,596286,False
2005-02-11,W,rail,566136,True
2005-02-12,A,rail,316216,False
2005-02-13,U,rail,194152,False
2005-02-14,W,rail,596928,False
2005-02-15,W,rail,590777,False
2005-02-16,W,rail,602439,False
2005-02-17,W,rail,593476,False
2005-02-18,W,rail,582874,False
2005-02-19,A,rail,308419,False
2005-02-20,U,rail,192834,False
2005-02-21,W,rail,445742,True
2005-02-22,W,rail,600405,False
2005-02-23,W,rail,601647,False
2005-02-24,W,rail,599568,False
2005-02-25,W,rail,590287,False
2005-02-26,A,rail,304026,False
2005-02-27,U,rail,200694,False
2005-02-28,W,rail,578722,False
2005-03-01,W,rail,591771,False
2005-03-02,W,rail,587875,False
2005-03-03,W,rail,600570,False
2005-03-04,W,rail,589864,False
2005-03-05,A,rail,303912,False
2005-03-06,U,rail,218330,True
2005-03-07,W,rail,533210,True
2005-03-08,W,rail,597987,False
2005-03-09,W,rail,598004,False
2005-03-10,W,rail,585359,False
2005-03-11,W,rail,587513,False
2005-03-12,A,rail,317998,False
2005-03-13,U,rail,205254,False
2005-03-14,W,rail,583024,False
2005-03-15,W,rail,606409,False
2005-03-16,W,rail,607649,False
2005-03-17,W,rail,605564,False
2005-03-18,W,rail,593449,False
2005-03-19,A,rail,312814,False
2005-03-20,U,rail,208726,False
2005-03-21,W,rail,544264,False
2005-03-22,W,rail,553996,False
2005-03-23,W,rail,544825,False
2005-03-24,W,rail,544242,False
2005-03-25,W,rail,456076,False
2005-03-26,A,rail,266697,False
2005-03-27,U,rail,172199,True
2005-03-28,W,rail,568013,False
2005-03-29,W,rail,598783,False
2005-03-30,W,rail,580582,False
2005-03-31,W,rail,589937,False
2005-04-01,W,rail,600913,False
2005-04-02,A,rail,322162,False
2005-04-03,U,rail,229712,False
2005-04-04,W,rail,608092,False
2005-04-05,W,rail,612259,False
2005-04-06,W,rail,610876,False
2005-04-07,W,rail,612048,False
2005-04-08,W,rail,642939,True
2005-04-09,A,rail,347387,False
2005-04-10,U,rail,244746,False
2005-04-11,W,rail,615683,False
2005-04-12,W,rail,597721,False
2005-04-13,W,rail,630756,False
2005-04-14,W,rail,616143,False
2005-04-15,W,rail,602625,False
2005-04-16,A,rail,331817,False
2005-04-17,U,rail,225292,False
2005-04-18,W,rail,609637,False
2005-04-19,W,rail,622316,False
2005-04-20,W,rail,600039,False
2005-04-21,W,rail,601125,False
2005-04-22,W,rail,588764,False
2005-04-23,A,rail,297122,False
2005-04-24,U,rail,221195,False
2005-04-25,W,rail,610619,False
2005-04-26,W,rail,620181,False
2005-04-27,W,rail,620361,False
2005-04-28,W,rail,604452,False
2005-04-29,W,rail,608264,False
2005-04-30,A,rail,315323,False
2005-05-01,U,rail,215144,False
2005-05-02,W,rail,585188,False
2005-05-03,W,rail,610739,False
2005-05-04,W,rail,612365,False
2005-05-05,W,rail,621992,False
2005-05-06,W,rail,626005,False
2005-05-07,A,rail,341551,False
2005-05-08,U,rail,242829,False
2005-05-09,W,rail,593537,False
2005-05-10,W,rail,634549,False
2005-05-11,W,rail,592526,False
2005-05-12,W,rail,605243,False
2005-05-13,W,rail,597196,False
2005-05-14,A,rail,324491,False
2005-05-15,U,rail,218269,False
2005-05-16,W,rail,598942,False
2005-05-17,W,rail,607296,False
2005-05-18,W,rail,604841,False
2005-05-19,W,rail,593341,False
2005-05-20,W,rail,625628,False
2005-05-21,A,rail,353375,False
2005-05-22,U,rail,249081,False
2005-05-23,W,rail,612963,False
2005-05-24,W,rail,636017,False
2005-05-25,W,rail,628633,False
2005-05-26,W,rail,632007,False
2005-05-27,W,rail,616101,False
2005-05-28,A,rail,356717,False
2005-05-29,U,rail,261440,False
2005-05-30,U,rail,232100,False
2005-05-31,W,rail,591522,False
2005-06-01,W,rail,613034,False
2005-06-02,W,rail,603865,False
2005-06-03,W,rail,616170,False
2005-06-04,A,rail,322782,False
2005-06-05,U,rail,236960,False
2005-06-06,W,rail,619504,False
2005-06-07,W,rail,628716,False
2005-06-08,W,rail,632453,False
2005-06-09,W,rail,622726,False
2005-06-10,W,rail,654887,False
2005-06-11,A,rail,413642,False
2005-06-12,U,rail,287623,False
2005-06-13,W,rail,628857,False
2005-06-14,W,rail,635882,False
2005-06-15,W,rail,637318,False
2005-06-16,W,rail,603660,False
2005-06-17,W,rail,611676,False
2005-06-18,A,rail,346258,False
2005-06-19,U,rail,243775,False
2005-06-20,W,rail,591715,False
2005-06-21,W,rail,606210,False
2005-06-22,W,rail,607690,False
2005-06-23,W,rail,593403,False
2005-06-24,W,rail,643554,False
2005-06-25,A,rail,398677,False
2005-06-26,U,rail,354882,True
2005-06-27,W,rail,591716,False
2005-06-28,W,rail,632227,False
2005-06-29,W,rail,638601,False
2005-06-30,W,rail,646980,False
2005-07-01,W,rail,662564,False
2005-07-02,A,rail,463297,False
2005-07-03,U,rail,517599,True
2005-07-04,U,rail,278678,False
2005-07-05,W,rail,569757,False
2005-07-06,W,rail,590642,False
2005-07-07,W,rail,578396,False
2005-07-08,W,rail,591325,False
2005-07-09,A,rail,331017,False
2005-07-10,U,rail,239684,False
2005-07-11,W,rail,573004,False
2005-07-12,W,rail,585394,False
2005-07-13,W,rail,596373,False
2005-07-14,W,rail,634107,False
2005-07-15,W,rail,631418,False
2005-07-16,A,rail,397796,False
2005-07-17,U,rail,270831,False
2005-07-18,W,rail,582649,False
2005-07-19,W,rail,608460,False
2005-07-20,W,rail,597676,False
2005-07-21,W,rail,610460,False
2005-07-22,W,rail,614666,False
2005-07-23,A,rail,361618,False
2005-07-24,U,rail,255844,False
2005-07-25,W,rail,580681,False
2005-07-26,W,rail,588210,False
2005-07-27,W,rail,626793,False
2005-07-28,W,rail,626164,False
2005-07-29,W,rail,618229,False
2005-07-30,A,rail,388729,False
2005-07-31,U,rail,261208,False
2005-08-01,W,rail,574337,False
2005-08-02,W,rail,600448,False
2005-08-03,W,rail,598977,False
2005-08-04,W,rail,597051,False
2005-08-05,W,rail,603948,False
2005-08-06,A,rail,357240,False
2005-08-07,U,rail,261349,False
2005-08-08,W,rail,590758,False
2005-08-09,W,rail,606419,False
2005-08-10,W,rail,605306,False
2005-08-11,W,rail,588881,False
2005-08-12,W,rail,606537,False
2005-08-13,A,rail,350010,False
2005-08-14,U,rail,248325,False
2005-08-15,W,rail,574348,False
2005-08-16,W,rail,589228,False
2005-08-17,W,rail,590352,False
2005-08-18,W,rail,561329,False
2005-08-19,W,rail,602164,False
2005-08-20,A,rail,361304,False
2005-08-21,U,rail,292892,False
2005-08-22,W,rail,597005,False
2005-08-23,W,rail,616739,False
2005-08-24,W,rail,616129,False
2005-08-25,W,rail,590749,False
2005-08-26,W,rail,625532,False
2005-08-27,A,rail,364516,False
2005-08-28,U,rail,273101,False
2005-08-29,W,rail,612444,False
2005-08-30,W,rail,625509,False
2005-08-31,W,rail,631355,False
2005-09-01,W,rail,643731,False
2005-09-02,W,rail,632104,False
2005-09-03,A,rail,377507,False
2005-09-04,U,rail,323512,False
2005-09-05,U,rail,274053,False
2005-09-06,W,rail,647343,False
2005-09-07,W,rail,664041,False
2005-09-08,W,rail,671553,False
2005-09-09,W,rail,672572,False
2005-09-10,A,rail,379906,False
2005-09-11,U,rail,257201,False
2005-09-12,W,rail,674800,False
2005-09-13,W,rail,691104,False
2005-09-14,W,rail,687668,False
2005-09-15,W,rail,702096,False
2005-09-16,W,rail,689685,False
2005-09-17,A,rail,404143,False
2005-09-18,U,rail,292920,False
2005-09-19,W,rail,657717,False
2005-09-20,W,rail,685957,False
2005-09-21,W,rail,685975,False
2005-09-22,W,rail,672603,False
2005-09-23,W,rail,699466,False
2005-09-24,A,rail,390116,False
2005-09-25,U,rail,277519,False
2005-09-26,W,rail,651165,False
2005-09-27,W,rail,686977,False
2005-09-28,W,rail,668450,False
2005-09-29,W,rail,668926,False
2005-09-30,W,rail,673776,False
2005-10-01,A,rail,373322,False
2005-10-02,U,rail,245477,False
2005-10-03,W,rail,638813,False
2005-10-04,W,rail,677721,False
2005-10-05,W,rail,689759,False
2005-10-06,W,rail,679966,False
2005-10-07,W,rail,663271,False
2005-10-08,A,rail,378215,False
2005-10-09,U,rail,372438,True
2005-10-10,W,rail,562228,True
2005-10-11,W,rail,687202,False
2005-10-12,W,rail,685743,False
2005-10-13,W,rail,665605,False
2005-10-14,W,rail,683174,False
2005-10-15,A,rail,376816,False
2005-10-16,U,rail,268898,False
2005-10-17,W,rail,653518,False
2005-10-18,W,rail,669214,False
2005-10-19,W,rail,666799,False
2005-10-20,W,rail,676430,False
2005-10-21,W,rail,674291,False
2005-10-22,A,rail,385602,False
2005-10-23,U,rail,277349,False
2005-10-24,W,rail,637292,False
2005-10-25,W,rail,653259,False
2005-10-26,W,rail,662049,False
2005-10-27,W,rail,669962,False
2005-10-28,W,rail,734562,True
2005-10-29,A,rail,378146,False
2005-10-30,U,rail,251042,False
2005-10-31,W,rail,636744,False
2005-11-01,W,rail,668971,False
2005-11-02,W,rail,667966,False
2005-11-03,W,rail,678842,False
2005-11-04,W,rail,653744,False
2005-11-05,A,rail,351850,False
2005-11-06,U,rail,239193,False
2005-11-07,W,rail,648893,False
2005-11-08,W,rail,642398,False
2005-11-09,W,rail,655614,False
2005-11-10,W,rail,672627,False
2005-11-11,W,rail,587641,True
2005-11-12,A,rail,351085,False
2005-11-13,U,rail,247977,False
2005-11-14,W,rail,637498,False
2005-11-15,W,rail,644740,False
2005-11-16,W,rail,625642,False
2005-11-17,W,rail,636292,False
2005-11-18,W,rail,635900,False
2005-11-19,A,rail,395851,False
2005-11-20,U,rail,243191,False
2005-11-21,W,rail,627654,False
2005-11-22,W,rail,637432,False
2005-11-23,W,rail,594581,False
2005-11-24,U,rail,149351,True
2005-11-25,W,rail,335201,True
2005-11-26,A,rail,290786,True
2005-11-27,U,rail,214449,False
2005-11-28,W,rail,610273,False
2005-11-29,W,rail,621228,False
2005-11-30,W,rail,623427,False
2005-12-01,W,rail,637299,False
2005-12-02,W,rail,626729,False
2005-12-03,A,rail,343944,False
2005-12-04,U,rail,232929,False
2005-12-05,W,rail,591559,False
2005-12-06,W,rail,595172,False
2005-12-07,W,rail,591500,False
2005-12-08,W,rail,651313,False
2005-12-09,W,rail,630309,False
2005-12-10,A,rail,331523,False
2005-12-11,U,rail,223869,False
2005-12-12,W,rail,603601,False
2005-12-13,W,rail,612377,False
2005-12-14,W,rail,629222,False
2005-12-15,W,rail,621555,False
2005-12-16,W,rail,605734,False
2005-12-17,A,rail,326028,False
2005-12-18,U,rail,222374,False
2005-12-19,W,rail,535968,False
2005-12-20,W,rail,534766,False
2005-12-21,W,rail,553734,False
2005-12-22,W,rail,544544,False
2005-12-23,W,rail,479373,False
2005-12-24,A,rail,198644,True
2005-12-25,U,rail,105718,True
2005-12-26,U,rail,224784,False
2005-12-27,W,rail,457726,False
2005-12-28,W,rail,462580,False
2005-12-29,W,rail,481238,False
2005-12-30,W,rail,471541,False
2005-12-31,A,rail,307444,False
2006-01-01,U,rail,203291,False
2006-01-02,U,rail,215920,False
2006-01-03,W,rail,540341,False
2006-01-04,W,rail,543243,False
2006-01-05,W,rail,550285,False
2006-01-06,W,rail,551707,False
2006-01-07,A,rail,280538,False
2006-01-08,U,rail,199691,False
2006-01-09,W,rail,588402,False
2006-01-10,W,rail,600336,False
2006-01-11,W,rail,602096,False
2006-01-12,W,rail,616251,False
2006-01-13,W,rail,585207,False
2006-01-14,A,rail,309983,False
2006-01-15,U,rail,223499,False
2006-01-16,W,rail,399562,True
2006-01-17,W,rail,619527,False
2006-01-18,W,rail,621428,False
2006-01-19,W,rail,634043,False
2006-01-20,W,rail,615420,False
2006-01-21,A,rail,308378,False
2006-01-22,U,rail,208257,False
2006-01-23,W,rail,626292,False
2006-01-24,W,rail,634204,False
2006-01-25,W,rail,634664,False
2006-01-26,W,rail,643068,False
2006-01-27,W,rail,608327,False
2006-01-28,A,rail,314425,False
2006-01-29,U,rail,223196,False
2006-01-30,W,rail,614814,False
2006-01-31,W,rail,634459,False
2006-02-01,W,rail,641676,False
2006-02-02,W,rail,642353,False
2006-02-03,W,rail,627330,False
2006-02-04,A,rail,317239,False
2006-02-05,U,rail,211645,False
2006-02-06,W,rail,612106,False
2006-02-07,W,rail,631742,False
2006-02-08,W,rail,629155,False
2006-02-09,W,rail,635409,False
2006-02-10,W,rail,623814,False
2006-02-11,A,rail,327796,False
2006-02-12,U,rail,221409,False
2006-02-13,W,rail,546148,True
2006-02-14,W,rail,644218,False
2006-02-15,W,rail,626072,False
2006-02-16,W,rail,613347,False
2006-02-17,W,rail,604038,False
2006-02-18,A,rail,265649,False
2006-02-19,U,rail,196957,False
2006-02-20,W,rail,453199,True
2006-02-21,W,rail,623860,False
2006-02-22,W,rail,629122,False
2006-02-23,W,rail,635013,False
2006-02-24,W,rail,615401,False
2006-02-25,A,rail,314037,False
2006-02-26,U,rail,211388,False
2006-02-27,W,rail,603047,False
2006-02-28,W,rail,623237,False
2006-03-01,W,rail,627527,False
2006-03-02,W,rail,620235,False
2006-03-03,W,rail,620890,False
2006-03-04,A,rail,322365,False
2006-03-05,U,rail,208605,False
2006-03-06,W,rail,550369,True
2006-03-07,W,rail,626557,False
2006-03-08,W,rail,623290,False
2006-03-09,W,rail,627081,False
2006-03-10,W,rail,721158,True
2006-03-11,A,rail,386305,False
2006-03-12,U,rail,233603,False
2006-03-13,W,rail,609970,False
2006-03-14,W,rail,629929,False
2006-03-15,W,rail,632700,False
2006-03-16,W,rail,630443,False
2006-03-17,W,rail,633801,False
2006-03-18,A,rail,347527,False
2006-03-19,U,rail,225740,False
2006-03-20,W,rail,587104,False
2006-03-21,W,rail,585590,False
2006-03-22,W,rail,605646,False
2006-03-23,W,rail,609325,False
2006-03-24,W,rail,597943,False
2006-03-25,A,rail,322685,False
2006-03-26,U,rail,234862,False
2006-03-27,W,rail,601488,False
2006-03-28,W,rail,619650,False
2006-03-29,W,rail,636692,False
2006-03-30,W,rail,600724,False
2006-03-31,W,rail,641079,False
2006-04-01,A,rail,348344,False
2006-04-02,U,rail,254413,False
2006-04-03,W,rail,616386,False
2006-04-04,W,rail,660381,False
2006-04-05,W,rail,654034,False
2006-04-06,W,rail,635705,False
2006-04-07,W,rail,634777,False
2006-04-08,A,rail,360442,False
2006-04-09,U,rail,258613,False
2006-04-10,W,rail,601070,False
2006-04-11,W,rail,628374,False
2006-04-12,W,rail,627736,False
2006-04-13,W,rail,634065,False
2006-04-14,W,rail,551524,True
2006-04-15,A,rail,323845,False
2006-04-16,U,rail,181980,False
2006-04-17,W,rail,623255,False
2006-04-18,W,rail,646316,False
2006-04-19,W,rail,652275,False
2006-04-20,W,rail,641954,False
2006-04-21,W,rail,659127,False
2006-04-22,A,rail,357315,False
2006-04-23,U,rail,248173,False
2006-04-24,W,rail,642816,False
2006-04-25,W,rail,636129,False
2006-04-26,W,rail,649967,False
2006-04-27,W,rail,644011,False
2006-04-28,W,rail,666532,False
2006-04-29,A,rail,343244,False
2006-04-30,U,rail,224122,False
2006-05-01,W,rail,738966,True
2006-05-02,W,rail,664946,False
2006-05-03,W,rail,663686,False
2006-05-04,W,rail,665514,False
2006-05-05,W,rail,651798,False
2006-05-06,A,rail,368890,False
2006-05-07,U,rail,258592,False
2006-05-08,W,rail,624197,False
2006-05-09,W,rail,650430,False
2006-05-10,W,rail,648361,False
2006-05-11,W,rail,621331,False
2006-05-12,W,rail,639308,False
2006-05-13,A,rail,340904,False
2006-05-14,U,rail,249652,False
2006-05-15,W,rail,601838,False
2006-05-16,W,rail,648507,False
2006-05-17,W,rail,640270,False
2006-05-18,W,rail,653070,False
2006-05-19,W,rail,651428,False
2006-05-20,A,rail,365397,False
2006-05-21,U,rail,258770,False
2006-05-22,W,rail,629775,False
2006-05-23,W,rail,647643,False
2006-05-24,W,rail,631510,False
2006-05-25,W,rail,639540,False
2006-05-26,W,rail,657379,False
2006-05-27,A,rail,358425,False
2006-05-28,U,rail,282850,False
2006-05-29,U,rail,245203,False
2006-05-30,W,rail,632333,False
2006-05-31,W,rail,646966,False
2006-06-01,W,rail,638192,False
2006-06-02,W,rail,647618,False
2006-06-03,A,rail,371768,False
2006-06-04,U,rail,274564,False
2006-06-05,W,rail,625171,False
2006-06-06,W,rail,653049,False
2006-06-07,W,rail,666040,False
2006-06-08,W,rail,675651,False
2006-06-09,W,rail,652258,False
2006-06-10,A,rail,349687,False
2006-06-11,U,rail,267884,False
2006-06-12,W,rail,623525,False
2006-06-13,W,rail,664539,False
2006-06-14,W,rail,665279,False
2006-06-15,W,rail,659507,False
2006-06-16,W,rail,667762,False
2006-06-17,A,rail,384541,False
2006-06-18,U,rail,259888,False
2006-06-19,W,rail,608854,False
2006-06-20,W,rail,636659,False
2006-06-21,W,rail,629433,False
2006-06-22,W,rail,633021,False
2006-06-23,W,rail,639365,False
2006-06-24,A,rail,371810,False
2006-06-25,U,rail,302719,False
2006-06-26,W,rail,626802,False
2006-06-27,W,rail,642922,False
2006-06-28,W,rail,649479,False
2006-06-29,W,rail,667597,False
2006-06-30,W,rail,716112,False
2006-07-01,A,rail,429319,False
2006-07-02,U,rail,343944,False
2006-07-03,W,rail,684040,False
2006-07-04,U,rail,350242,False
2006-07-05,W,rail,661426,False
2006-07-06,W,rail,678340,False
2006-07-07,W,rail,702727,False
2006-07-08,A,rail,423300,False
2006-07-09,U,rail,313512,False
2006-07-10,W,rail,618702,False
2006-07-11,W,rail,605343,False
2006-07-12,W,rail,615196,False
2006-07-13,W,rail,644488,False
2006-07-14,W,rail,669868,False
2006-07-15,A,rail,412144,False
2006-07-16,U,rail,308173,False
2006-07-17,W,rail,626986,False
2006-07-18,W,rail,675064,False
2006-07-19,W,rail,687896,False
2006-07-20,W,rail,644150,False
2006-07-21,W,rail,676491,False
2006-07-22,A,rail,408434,False
2006-07-23,U,rail,284632,False
2006-07-24,W,rail,633184,False
2006-07-25,W,rail,650364,False
2006-07-26,W,rail,641296,False
2006-07-27,W,rail,663387,False
2006-07-28,W,rail,673789,False
2006-07-29,A,rail,423092,False
2006-07-30,U,rail,290935,False
2006-07-31,W,rail,608739,False
2006-08-01,W,rail,619717,False
2006-08-02,W,rail,628299,False
2006-08-03,W,rail,656020,False
2006-08-04,W,rail,722072,False
2006-08-05,A,rail,472159,False
2006-08-06,U,rail,357797,False
2006-08-07,W,rail,633078,False
2006-08-08,W,rail,646778,False
2006-08-09,W,rail,641076,False
2006-08-10,W,rail,614321,False
2006-08-11,W,rail,638056,False
2006-08-12,A,rail,391862,False
2006-08-13,U,rail,268208,False
2006-08-14,W,rail,595551,False
2006-08-15,W,rail,618372,False
2006-08-16,W,rail,620892,False
2006-08-17,W,rail,628756,False
2006-08-18,W,rail,638938,False
2006-08-19,A,rail,384987,False
2006-08-20,U,rail,321400,False
2006-08-21,W,rail,613716,False
2006-08-22,W,rail,628952,False
2006-08-23,W,rail,632682,False
2006-08-24,W,rail,617548,False
2006-08-25,W,rail,645738,False
2006-08-26,A,rail,361355,False
2006-08-27,U,rail,276143,False
2006-08-28,W,rail,587722,False
2006-08-29,W,rail,638128,False
2006-08-30,W,rail,650359,False
2006-08-31,W,rail,654437,False
2006-09-01,W,rail,663472,False
2006-09-02,A,rail,405986,False
2006-09-03,U,rail,320575,False
2006-09-04,U,rail,256882,False
2006-09-05,W,rail,680476,False
2006-09-06,W,rail,706958,False
2006-09-07,W,rail,726551,False
2006-09-08,W,rail,708845,False
2006-09-09,A,rail,386190,False
2006-09-10,U,rail,245048,False
2006-09-11,W,rail,656692,False
2006-09-12,W,rail,694780,False
2006-09-13,W,rail,694220,False
2006-09-14,W,rail,719561,False
2006-09-15,W,rail,729995,False
2006-09-16,A,rail,421692,False
2006-09-17,U,rail,294159,False
2006-09-18,W,rail,688531,False
2006-09-19,W,rail,690760,False
2006-09-20,W,rail,700536,False
2006-09-21,W,rail,696162,False
2006-09-22,W,rail,668669,False
2006-09-23,A,rail,349931,False
2006-09-24,U,rail,259500,False
2006-09-25,W,rail,666046,False
2006-09-26,W,rail,695484,False
2006-09-27,W,rail,690413,False
2006-09-28,W,rail,676811,False
2006-09-29,W,rail,699340,False
2006-09-30,A,rail,394280,False
2006-10-01,U,rail,296236,False
2006-10-02,W,rail,635901,False
2006-10-03,W,rail,681381,False
2006-10-04,W,rail,675804,False
2006-10-05,W,rail,698851,False
2006-10-06,W,rail,691122,False
2006-10-07,A,rail,373957,False
2006-10-08,U,rail,283787,False
2006-10-09,W,rail,572361,True
2006-10-10,W,rail,684475,False
2006-10-11,W,rail,684138,False
2006-10-12,W,rail,676609,False
2006-10-13,W,rail,680633,False
2006-10-14,A,rail,386404,False
2006-10-15,U,rail,260059,False
2006-10-16,W,rail,668480,False
2006-10-17,W,rail,683799,False
2006-10-18,W,rail,687285,False
2006-10-19,W,rail,689629,False
2006-10-20,W,rail,705991,False
2006-10-21,A,rail,403698,False
2006-10-22,U,rail,375938,True
2006-10-23,W,rail,659505,False
2006-10-24,W,rail,675059,False
2006-10-25,W,rail,663754,False
2006-10-26,W,rail,659139,False
2006-10-27,W,rail,663912,False
2006-10-28,A,rail,364159,False
2006-10-29,U,rail,265624,False
2006-10-30,W,rail,660257,False
2006-10-31,W,rail,663340,False
2006-11-01,W,rail,673789,False
2006-11-02,W,rail,671054,False
2006-11-03,W,rail,654291,False
2006-11-04,A,rail,356326,False
2006-11-05,U,rail,266756,False
2006-11-06,W,rail,653935,False
2006-11-07,W,rail,651606,False
2006-11-08,W,rail,674951,False
2006-11-09,W,rail,668263,False
2006-11-10,W,rail,610547,False
2006-11-11,A,rail,376391,False
2006-11-12,U,rail,251876,False
2006-11-13,W,rail,643008,False
2006-11-14,W,rail,669094,False
2006-11-15,W,rail,661667,False
2006-11-16,W,rail,658701,False
2006-11-17,W,rail,664438,False
2006-11-18,A,rail,403175,False
2006-11-19,U,rail,242830,False
2006-11-20,W,rail,638117,False
2006-11-21,W,rail,651230,False
2006-11-22,W,rail,616974,False
2006-11-23,U,rail,182131,True
2006-11-24,W,rail,393228,True
2006-11-25,A,rail,317650,False
2006-11-26,U,rail,234961,False
2006-11-27,W,rail,628799,False
2006-11-28,W,rail,648239,False
2006-11-29,W,rail,634505,False
2006-11-30,W,rail,649626,False
2006-12-01,W,rail,629776,False
2006-12-02,A,rail,338009,False
2006-12-03,U,rail,224761,False
2006-12-04,W,rail,605349,False
2006-12-05,W,rail,620241,False
2006-12-06,W,rail,629687,False
2006-12-07,W,rail,603900,False
2006-12-08,W,rail,626294,False
2006-12-09,A,rail,344215,False
2006-12-10,U,rail,237226,False
2006-12-11,W,rail,609360,False
2006-12-12,W,rail,612992,False
2006-12-13,W,rail,640224,False
2006-12-14,W,rail,626704,False
2006-12-15,W,rail,632077,False
2006-12-16,A,rail,356756,False
2006-12-17,U,rail,251802,False
2006-12-18,W,rail,591895,False
2006-12-19,W,rail,596338,False
2006-12-20,W,rail,586048,False
2006-12-21,W,rail,564199,False
2006-12-22,W,rail,529373,False
2006-12-23,A,rail,277455,False
2006-12-24,U,rail,175847,False
2006-12-25,U,rail,112855,True
2006-12-26,W,rail,377449,True
2006-12-27,W,rail,460703,False
2006-12-28,W,rail,487441,False
2006-12-29,W,rail,499735,False
2006-12-30,A,rail,310684,False
2006-12-31,U,rail,293362,True
2007-01-01,U,rail,219953,False
2007-01-02,W,rail,452097,False
2007-01-03,W,rail,561287,False
2007-01-04,W,rail,548904,False
2007-01-05,W,rail,569322,False
2007-01-06,A,rail,305019,False
2007-01-07,U,rail,208188,False
2007-01-08,W,rail,594028,False
2007-01-09,W,rail,598746,False
2007-01-10,W,rail,599118,False
2007-01-11,W,rail,602194,False
2007-01-12,W,rail,603456,False
2007-01-13,A,rail,308047,False
2007-01-14,U,rail,217983,False
2007-01-15,W,rail,389675,True
2007-01-16,W,rail,620145,False
2007-01-17,W,rail,618895,False
2007-01-18,W,rail,620579,False
2007-01-19,W,rail,617473,False
2007-01-20,A,rail,316657,False
2007-01-21,U,rail,214796,False
2007-01-22,W,rail,616824,False
2007-01-23,W,rail,629993,False
2007-01-24,W,rail,629208,False
2007-01-25,W,rail,630002,False
2007-01-26,W,rail,600561,False
2007-01-27,A,rail,314380,False
2007-01-28,U,rail,199255,False
2007-01-29,W,rail,594742,False
2007-01-30,W,rail,604145,False
2007-01-31,W,rail,598814,False
2007-02-01,W,rail,616420,False
2007-02-02,W,rail,584607,False
2007-02-03,A,rail,247767,True
2007-02-04,U,rail,162712,False
2007-02-05,W,rail,500675,True
2007-02-06,W,rail,564981,False
2007-02-07,W,rail,593113,False
2007-02-08,W,rail,591797,False
2007-02-09,W,rail,582089,False
2007-02-10,A,rail,292046,False
2007-02-11,U,rail,201895,False
2007-02-12,W,rail,530211,False
2007-02-13,W,rail,607127,False
2007-02-14,W,rail,596676,False
2007-02-15,W,rail,604415,False
2007-02-16,W,rail,589591,False
2007-02-17,A,rail,306944,False
2007-02-18,U,rail,226617,False
2007-02-19,W,rail,466950,True
2007-02-20,W,rail,626057,False
2007-02-21,W,rail,631249,False
2007-02-22,W,rail,631479,False
2007-02-23,W,rail,617663,False
2007-02-24,A,rail,302947,False
2007-02-25,U,rail,195652,False
2007-02-26,W,rail,597444,False
2007-02-27,W,rail,610100,False
2007-02-28,W,rail,617882,False
2007-03-01,W,rail,616136,False
2007-03-02,W,rail,596551,False
2007-03-03,A,rail,304060,False
2007-03-04,U,rail,214735,False
2007-03-05,W,rail,558483,True
2007-03-06,W,rail,611416,False
2007-03-07,W,rail,611040,False
2007-03-08,W,rail,625383,False
2007-03-09,W,rail,616768,False
2007-03-10,A,rail,343183,False
2007-03-11,U,rail,237257,False
2007-03-12,W,rail,613447,False
2007-03-13,W,rail,648460,False
2007-03-14,W,rail,631196,False
2007-03-15,W,rail,635295,False
2007-03-16,W,rail,638871,False
2007-03-17,A,rail,432315,True
2007-03-18,U,rail,236110,False
2007-03-19,W,rail,607303,False
2007-03-20,W,rail,620644,False
2007-03-21,W,rail,596843,False
2007-03-22,W,rail,620409,False
2007-03-23,W,rail,601679,False
2007-03-24,A,rail,326859,False
2007-03-25,U,rail,267216,False
2007-03-26,W,rail,604279,False
2007-03-27,W,rail,606509,False
2007-03-28,W,rail,608639,False
2007-03-29,W,rail,626073,False
2007-03-30,W,rail,621496,False
2007-03-31,A,rail,323073,False
2007-04-01,U,rail,222200,False
2007-04-02,W,rail,574727,False
2007-04-03,W,rail,564461,False
2007-04-04,W,rail,565985,False
2007-04-05,W,rail,577450,False
2007-04-06,W,rail,508529,False
2007-04-07,A,rail,279962,False
2007-04-08,U,rail,189557,False
2007-04-09,W,rail,601020,False
2007-04-10,W,rail,629888,False
2007-04-11,W,rail,585857,False
2007-04-12,W,rail,617734,False
2007-04-13,W,rail,621763,False
2007-04-14,A,rail,349162,False
2007-04-15,U,rail,250988,False
2007-04-16,W,rail,622244,False
2007-04-17,W,rail,631795,False
2007-04-18,W,rail,617779,False
2007-04-19,W,rail,617546,False
2007-04-20,W,rail,647296,True
2007-04-21,A,rail,371504,False
2007-04-22,U,rail,271708,False
2007-04-23,W,rail,617017,False
2007-04-24,W,rail,631249,False
2007-04-25,W,rail,604311,False
2007-04-26,W,rail,604957,False
2007-04-27,W,rail,617985,False
2007-04-28,A,rail,320088,False
2007-04-29,U,rail,237595,False
2007-04-30,W,rail,599953,False
2007-05-01,W,rail,680365,False
2007-05-02,W,rail,617675,False
2007-05-03,W,rail,631926,False
2007-05-04,W,rail,642564,False
2007-05-05,A,rail,360852,False
2007-05-06,U,rail,266988,False
2007-05-07,W,rail,610376,False
2007-05-08,W,rail,648555,False
2007-05-09,W,rail,645132,False
2007-05-10,W,rail,654856,False
2007-05-11,W,rail,668098,False
2007-05-12,A,rail,329029,False
2007-05-13,U,rail,224489,False
2007-05-14,W,rail,586905,False
2007-05-15,W,rail,604844,False
2007-05-16,W,rail,625297,False
2007-05-17,W,rail,627116,False
2007-05-18,W,rail,643462,False
2007-05-19,A,rail,343947,False
2007-05-20,U,rail,233007,False
2007-05-21,W,rail,614276,False
2007-05-22,W,rail,627087,False
2007-05-23,W,rail,623366,False
2007-05-24,W,rail,617536,False
2007-05-25,W,rail,611019,False
2007-05-26,A,rail,307727,False
2007-05-27,U,rail,270636,False
2007-05-28,U,rail,254935,False
2007-05-29,W,rail,622662,False
2007-05-30,W,rail,637763,False
2007-05-31,W,rail,612977,False
2007-06-01,W,rail,654251,False
2007-06-02,A,rail,367035,False
2007-06-03,U,rail,263646,False
2007-06-04,W,rail,611310,False
2007-06-05,W,rail,643474,False
2007-06-06,W,rail,641107,False
2007-06-07,W,rail,656169,False
2007-06-08,W,rail,653397,False
2007-06-09,A,rail,402393,False
2007-06-10,U,rail,291979,False
2007-06-11,W,rail,645161,False
2007-06-12,W,rail,660899,False
2007-06-13,W,rail,654913,False
2007-06-14,W,rail,653008,False
2007-06-15,W,rail,670995,False
2007-06-16,A,rail,363871,False
2007-06-17,U,rail,257682,False
2007-06-18,W,rail,590320,True
2007-06-19,W,rail,618913,False
2007-06-20,W,rail,625805,False
2007-06-21,W,rail,626907,False
2007-06-22,W,rail,623048,False
2007-06-23,A,rail,336644,False
2007-06-24,U,rail,346881,False
2007-06-25,W,rail,619299,False
2007-06-26,W,rail,623390,False
2007-06-27,W,rail,627568,False
2007-06-28,W,rail,620611,False
2007-06-29,W,rail,708650,True
2007-06-30,A,rail,447188,False
2007-07-01,U,rail,354648,False
2007-07-02,W,rail,644079,False
2007-07-03,W,rail,848262,True
2007-07-04,U,rail,349716,False
2007-07-05,W,rail,655871,False
2007-07-06,W,rail,696508,False
2007-07-07,A,rail,398525,False
2007-07-08,U,rail,287948,False
2007-07-09,W,rail,587889,False
2007-07-10,W,rail,610001,False
2007-07-11,W,rail,629790,False
2007-07-12,W,rail,631002,False
2007-07-13,W,rail,676306,False
2007-07-14,A,rail,383132,False
2007-07-15,U,rail,289728,False
2007-07-16,W,rail,627282,False
2007-07-17,W,rail,637429,False
2007-07-18,W,rail,654848,False
2007-07-19,W,rail,648112,False
2007-07-20,W,rail,655992,False
2007-07-21,A,rail,366356,False
2007-07-22,U,rail,266827,False
2007-07-23,W,rail,613805,False
2007-07-24,W,rail,624166,False
2007-07-25,W,rail,626658,False
2007-07-26,W,rail,624338,False
2007-07-27,W,rail,625772,False
2007-07-28,A,rail,380163,False
2007-07-29,U,rail,272684,False
2007-07-30,W,rail,620439,False
2007-07-31,W,rail,637331,False
2007-08-01,W,rail,643448,False
2007-08-02,W,rail,650901,False
2007-08-03,W,rail,692273,True
2007-08-04,A,rail,422115,False
2007-08-05,U,rail,332786,False
2007-08-06,W,rail,591244,False
2007-08-07,W,rail,609984,False
2007-08-08,W,rail,598593,False
2007-08-09,W,rail,610768,False
2007-08-10,W,rail,617817,False
2007-08-11,A,rail,379200,False
2007-08-12,U,rail,262521,False
2007-08-13,W,rail,574616,False
2007-08-14,W,rail,605080,False
2007-08-15,W,rail,603458,False
2007-08-16,W,rail,620464,False
2007-08-17,W,rail,629675,False
2007-08-18,A,rail,367895,False
2007-08-19,U,rail,241159,False
2007-08-20,W,rail,597026,False
2007-08-21,W,rail,600468,False
2007-08-22,W,rail,601469,False
2007-08-23,W,rail,578731,False
2007-08-24,W,rail,605153,False
2007-08-25,A,rail,362365,False
2007-08-26,U,rail,274617,False
2007-08-27,W,rail,609440,False
2007-08-28,W,rail,648482,False
2007-08-29,W,rail,640436,False
2007-08-30,W,rail,666661,False
2007-08-31,W,rail,674373,False
2007-09-01,A,rail,412998,False
2007-09-02,U,rail,328760,False
2007-09-03,U,rail,275023,False
2007-09-04,W,rail,666200,False
2007-09-05,W,rail,689499,False
2007-09-06,W,rail,689347,False
2007-09-07,W,rail,668804,False
2007-09-08,A,rail,374022,False
2007-09-09,U,rail,266371,False
2007-09-10,W,rail,676612,False
2007-09-11,W,rail,679973,False
2007-09-12,W,rail,680733,False
2007-09-13,W,rail,664991,False
2007-09-14,W,rail,669129,False
2007-09-15,A,rail,378741,False
2007-09-16,U,rail,272814,False
2007-09-17,W,rail,675627,False
2007-09-18,W,rail,689330,False
2007-09-19,W,rail,692726,False
2007-09-20,W,rail,682588,False
2007-09-21,W,rail,697999,False
2007-09-22,A,rail,361587,False
2007-09-23,U,rail,269325,False
2007-09-24,W,rail,649262,False
2007-09-25,W,rail,664976,False
2007-09-26,W,rail,660197,False
2007-09-27,W,rail,675936,False
2007-09-28,W,rail,680820,False
2007-09-29,A,rail,358750,False
2007-09-30,U,rail,239074,True
2007-10-01,W,rail,652510,False
2007-10-02,W,rail,669817,False
2007-10-03,W,rail,678734,False
2007-10-04,W,rail,682778,False
2007-10-05,W,rail,681736,False
2007-10-06,A,rail,430713,True
2007-10-07,U,rail,394647,True
2007-10-08,W,rail,563619,True
2007-10-09,W,rail,673318,False
2007-10-10,W,rail,666054,False
2007-10-11,W,rail,674960,False
2007-10-12,W,rail,669582,False
2007-10-13,A,rail,338481,False
2007-10-14,U,rail,234730,False
2007-10-15,W,rail,651751,False
2007-10-16,W,rail,664961,False
2007-10-17,W,rail,668523,False
2007-10-18,W,rail,666975,False
2007-10-19,W,rail,654836,False
2007-10-20,A,rail,352442,False
2007-10-21,U,rail,243884,False
2007-10-22,W,rail,648233,False
2007-10-23,W,rail,662913,False
2007-10-24,W,rail,662981,False
2007-10-25,W,rail,672155,False
2007-10-26,W,rail,659354,False
2007-10-27,A,rail,330492,False
2007-10-28,U,rail,233248,False
2007-10-29,W,rail,639837,False
2007-10-30,W,rail,654838,False
2007-10-31,W,rail,646598,False
2007-11-01,W,rail,662120,False
2007-11-02,W,rail,640204,False
2007-11-03,A,rail,331447,False
2007-11-04,U,rail,224395,False
2007-11-05,W,rail,645467,False
2007-11-06,W,rail,655389,False
2007-11-07,W,rail,643227,False
2007-11-08,W,rail,663386,False
2007-11-09,W,rail,658500,False
2007-11-10,A,rail,323757,False
2007-11-11,U,rail,216467,False
2007-11-12,W,rail,551847,True
2007-11-13,W,rail,660671,False
2007-11-14,W,rail,652294,False
2007-11-15,W,rail,653620,False
2007-11-16,W,rail,645494,False
2007-11-17,A,rail,373784,False
2007-11-18,U,rail,224895,False
2007-11-19,W,rail,628079,False
2007-11-20,W,rail,638081,False
2007-11-21,W,rail,578739,True
2007-11-22,U,rail,157890,True
2007-11-23,W,rail,356064,True
2007-11-24,A,rail,285732,False
2007-11-25,U,rail,221021,False
2007-11-26,W,rail,612439,False
2007-11-27,W,rail,629784,False
2007-11-28,W,rail,627268,False
2007-11-29,W,rail,625742,False
2007-11-30,W,rail,631624,False
2007-12-01,A,rail,307004,False
2007-12-02,U,rail,219797,False
2007-12-03,W,rail,605852,False
2007-12-04,W,rail,625524,False
2007-12-05,W,rail,623607,False
2007-12-06,W,rail,619960,False
2007-12-07,W,rail,609732,False
2007-12-08,A,rail,326501,False
2007-12-09,U,rail,215699,False
2007-12-10,W,rail,597674,False
2007-12-11,W,rail,605203,False
2007-12-12,W,rail,615293,False
2007-12-13,W,rail,615948,False
2007-12-14,W,rail,611182,False
2007-12-15,A,rail,316867,False
2007-12-16,U,rail,215055,False
2007-12-17,W,rail,564404,False
2007-12-18,W,rail,582487,False
2007-12-19,W,rail,587683,False
2007-12-20,W,rail,578637,False
2007-12-21,W,rail,563789,False
2007-12-22,A,rail,290854,False
2007-12-23,U,rail,184560,True
2007-12-24,W,rail,252649,True
2007-12-25,U,rail,111582,True
2007-12-26,W,rail,399662,False
2007-12-27,W,rail,462843,False
2007-12-28,W,rail,463830,False
2007-12-29,A,rail,277819,False
2007-12-30,U,rail,232213,True
2007-12-31,W,rail,405727,False
2008-01-01,U,rail,174243,True
2008-01-02,W,rail,471241,False
2008-01-03,W,rail,517492,False
2008-01-04,W,rail,537002,False
2008-01-05,A,rail,280264,False
2008-01-06,U,rail,207391,False
2008-01-07,W,rail,588092,False
2008-01-08,W,rail,592632,False
2008-01-09,W,rail,604515,False
2008-01-10,W,rail,602398,False
2008-01-11,W,rail,602428,False
2008-01-12,A,rail,299546,False
2008-01-13,U,rail,202380,False
2008-01-14,W,rail,607357,False
2008-01-15,W,rail,616432,False
2008-01-16,W,rail,626138,False
2008-01-17,W,rail,619823,False
2008-01-18,W,rail,585432,False
2008-01-19,A,rail,231306,False
2008-01-20,U,rail,168692,False
2008-01-21,W,rail,382753,True
2008-01-22,W,rail,615285,False
2008-01-23,W,rail,605979,False
2008-01-24,W,rail,588279,False
2008-01-25,W,rail,565226,False
2008-01-26,A,rail,293979,False
2008-01-27,U,rail,213177,False
2008-01-28,W,rail,623259,False
2008-01-29,W,rail,627428,False
2008-01-30,W,rail,580657,False
2008-01-31,W,rail,626504,False
2008-02-01,W,rail,593534,False
2008-02-02,A,rail,320544,False
2008-02-03,U,rail,216443,False
2008-02-04,W,rail,608975,False
2008-02-05,W,rail,632513,False
2008-02-06,W,rail,609115,False
2008-02-07,W,rail,633781,False
2008-02-08,W,rail,622837,False
2008-02-09,A,rail,319751,False
2008-02-10,U,rail,176228,True
2008-02-11,W,rail,559672,False
2008-02-12,W,rail,553554,False
2008-02-13,W,rail,630232,False
2008-02-14,W,rail,640598,False
2008-02-15,W,rail,618258,False
2008-02-16,A,rail,336935,False
2008-02-17,U,rail,218846,False
2008-02-18,W,rail,456610,True
2008-02-19,W,rail,595964,False
2008-02-20,W,rail,601847,False
2008-02-21,W,rail,615384,False
2008-02-22,W,rail,610589,False
2008-02-23,A,rail,325327,False
2008-02-24,U,rail,222548,False
2008-02-25,W,rail,602866,False
2008-02-26,W,rail,605240,False
2008-02-27,W,rail,617002,False
2008-02-28,W,rail,620602,False
2008-02-29,W,rail,618230,False
2008-03-01,A,rail,322061,False
2008-03-02,U,rail,229531,False
2008-03-03,W,rail,556767,True
2008-03-04,W,rail,619343,False
2008-03-05,W,rail,620660,False
2008-03-06,W,rail,624362,False
2008-03-07,W,rail,604635,False
2008-03-08,A,rail,294749,False
2008-03-09,U,rail,215690,False
2008-03-10,W,rail,606737,False
2008-03-11,W,rail,633917,False
2008-03-12,W,rail,640051,False
2008-03-13,W,rail,642018,False
2008-03-14,W,rail,647279,False
2008-03-15,A,rail,407380,False
2008-03-16,U,rail,243823,False
2008-03-17,W,rail,584885,False
2008-03-18,W,rail,593247,False
2008-03-19,W,rail,608639,False
2008-03-20,W,rail,600735,False
2008-03-21,W,rail,493573,True
2008-03-22,A,rail,288852,False
2008-03-23,U,rail,192284,False
2008-03-24,W,rail,570762,False
2008-03-25,W,rail,596853,False
2008-03-26,W,rail,603440,False
2008-03-27,W,rail,588572,False
2008-03-28,W,rail,604448,False
2008-03-29,A,rail,319080,False
2008-03-30,U,rail,233663,False
2008-03-31,W,rail,622143,False
2008-04-01,W,rail,637976,False
2008-04-02,W,rail,661969,False
2008-04-03,W,rail,663802,False
2008-04-04,W,rail,653351,False
2008-04-05,A,rail,356215,False
2008-04-06,U,rail,249096,False
2008-04-07,W,rail,638419,False
2008-04-08,W,rail,628618,False
2008-04-09,W,rail,646940,False
2008-04-10,W,rail,620427,False
2008-04-11,W,rail,629067,False
2008-04-12,A,rail,302616,False
2008-04-13,U,rail,216008,False
2008-04-14,W,rail,635754,False
2008-04-15,W,rail,649135,False
2008-04-16,W,rail,661463,False
2008-04-17,W,rail,665873,False
2008-04-18,W,rail,652105,False
2008-04-19,A,rail,340662,False
2008-04-20,U,rail,266945,False
2008-04-21,W,rail,651232,False
2008-04-22,W,rail,671423,False
2008-04-23,W,rail,650232,False
2008-04-24,W,rail,649514,False
2008-04-25,W,rail,629468,False
2008-04-26,A,rail,319314,False
2008-04-27,U,rail,225896,False
2008-04-28,W,rail,606882,False
2008-04-29,W,rail,652034,False
2008-04-30,W,rail,662503,False
2008-05-01,W,rail,680679,False
2008-05-02,W,rail,641332,False
2008-05-03,A,rail,344446,False
2008-05-04,U,rail,245821,False
2008-05-05,W,rail,633266,False
2008-05-06,W,rail,651484,False
2008-05-07,W,rail,631068,False
2008-05-08,W,rail,655364,False
2008-05-09,W,rail,659889,False
2008-05-10,A,rail,326525,False
2008-05-11,U,rail,193452,False
2008-05-12,W,rail,630574,False
2008-05-13,W,rail,652724,False
2008-05-14,W,rail,650904,False
2008-05-15,W,rail,662730,False
2008-05-16,W,rail,668057,False
2008-05-17,A,rail,350884,False
2008-05-18,U,rail,248679,False
2008-05-19,W,rail,614865,False
2008-05-20,W,rail,634661,False
2008-05-21,W,rail,647342,False
2008-05-22,W,rail,649513,False
2008-05-23,W,rail,622769,False
2008-05-24,A,rail,371905,False
2008-05-25,U,rail,284612,False
2008-05-26,U,rail,274870,False
2008-05-27,W,rail,626634,False
2008-05-28,W,rail,647402,False
2008-05-29,W,rail,653634,False
2008-05-30,W,rail,637842,False
2008-05-31,A,rail,374327,False
2008-06-01,U,rail,279274,False
2008-06-02,W,rail,638006,False
2008-06-03,W,rail,643040,False
2008-06-04,W,rail,656098,False
2008-06-05,W,rail,673642,False
2008-06-06,W,rail,661938,False
2008-06-07,A,rail,358623,False
2008-06-08,U,rail,281814,False
2008-06-09,W,rail,630410,False
2008-06-10,W,rail,685952,False
2008-06-11,W,rail,696784,False
2008-06-12,W,rail,681143,False
2008-06-13,W,rail,655268,False
2008-06-14,A,rail,368109,False
2008-06-15,U,rail,235961,False
2008-06-16,W,rail,614395,False
2008-06-17,W,rail,643362,False
2008-06-18,W,rail,654284,False
2008-06-19,W,rail,659852,False
2008-06-20,W,rail,662324,False
2008-06-21,A,rail,399150,False
2008-06-22,U,rail,282226,False
2008-06-23,W,rail,625987,False
2008-06-24,W,rail,666522,False
2008-06-25,W,rail,662936,False
2008-06-26,W,rail,685526,False
2008-06-27,W,rail,693555,False
2008-06-28,A,rail,483016,False
2008-06-29,U,rail,412562,False
2008-06-30,W,rail,679631,False
2008-07-01,W,rail,694175,False
2008-07-02,W,rail,675750,False
2008-07-03,W,rail,905742,True
2008-07-04,U,rail,421170,False
2008-07-05,A,rail,409554,False
2008-07-06,U,rail,324341,False
2008-07-07,W,rail,608485,False
2008-07-08,W,rail,666338,False
2008-07-09,W,rail,686636,False
2008-07-10,W,rail,674645,False
2008-07-11,W,rail,682404,False
2008-07-12,A,rail,361910,False
2008-07-13,U,rail,291565,False
2008-07-14,W,rail,637119,False
2008-07-15,W,rail,655456,False
2008-07-16,W,rail,651228,False
2008-07-17,W,rail,656485,False
2008-07-18,W,rail,664271,False
2008-07-19,A,rail,342834,False
2008-07-20,U,rail,284611,False
2008-07-21,W,rail,635587,False
2008-07-22,W,rail,666303,False
2008-07-23,W,rail,672801,False
2008-07-24,W,rail,695993,False
2008-07-25,W,rail,683549,False
2008-07-26,A,rail,446775,False
2008-07-27,U,rail,291389,False
2008-07-28,W,rail,622637,False
2008-07-29,W,rail,654547,False
2008-07-30,W,rail,641527,False
2008-07-31,W,rail,652936,False
2008-08-01,W,rail,766911,False
2008-08-02,A,rail,502705,False
2008-08-03,U,rail,403165,False
2008-08-04,W,rail,636533,False
2008-08-05,W,rail,673384,False
2008-08-06,W,rail,684080,False
2008-08-07,W,rail,683487,False
2008-08-08,W,rail,713105,False
2008-08-09,A,rail,431699,False
2008-08-10,U,rail,314698,False
2008-08-11,W,rail,623874,False
2008-08-12,W,rail,632942,False
2008-08-13,W,rail,627548,False
2008-08-14,W,rail,638565,False
2008-08-15,W,rail,651338,False
2008-08-16,A,rail,414784,False
2008-08-17,U,rail,317781,False
2008-08-18,W,rail,621522,False
2008-08-19,W,rail,662493,False
2008-08-20,W,rail,671769,False
2008-08-21,W,rail,679508,False
2008-08-22,W,rail,677130,False
2008-08-23,A,rail,387758,False
2008-08-24,U,rail,295072,False
2008-08-25,W,rail,631974,False
2008-08-26,W,rail,653148,False
2008-08-27,W,rail,650396,False
2008-08-28,W,rail,678635,False
2008-08-29,W,rail,681463,False
2008-08-30,A,rail,395205,False
2008-08-31,U,rail,325462,False
2008-09-01,U,rail,293458,False
2008-09-02,W,rail,681719,False
2008-09-03,W,rail,710304,False
2008-09-04,W,rail,653827,False
2008-09-05,W,rail,698545,False
2008-09-06,A,rail,416356,False
2008-09-07,U,rail,273883,False
2008-09-08,W,rail,651127,False
2008-09-09,W,rail,712792,False
2008-09-10,W,rail,719905,False
2008-09-11,W,rail,719806,False
2008-09-12,W,rail,700943,False
2008-09-13,A,rail,317145,False
2008-09-14,U,rail,231026,False
2008-09-15,W,rail,692029,False
2008-09-16,W,rail,731344,False
2008-09-17,W,rail,740575,False
2008-09-18,W,rail,739141,False
2008-09-19,W,rail,743560,False
2008-09-20,A,rail,447679,False
2008-09-21,U,rail,317922,False
2008-09-22,W,rail,690356,False
2008-09-23,W,rail,707370,False
2008-09-24,W,rail,713572,False
2008-09-25,W,rail,720003,False
2008-09-26,W,rail,708141,False
2008-09-27,A,rail,409500,False
2008-09-28,U,rail,280560,False
2008-09-29,W,rail,671489,True
2008-09-30,W,rail,706085,False
2008-10-01,W,rail,724444,False
2008-10-02,W,rail,731452,False
2008-10-03,W,rail,706967,False
2008-10-04,A,rail,387182,False
2008-10-05,U,rail,271121,False
2008-10-06,W,rail,698883,False
2008-10-07,W,rail,689214,False
2008-10-08,W,rail,693515,False
2008-10-09,W,rail,703190,False
2008-10-10,W,rail,716085,False
2008-10-11,A,rail,444185,False
2008-10-12,U,rail,436316,True
2008-10-13,W,rail,599831,True
2008-10-14,W,rail,704419,False
2008-10-15,W,rail,694445,False
2008-10-16,W,rail,715760,False
2008-10-17,W,rail,709679,False
2008-10-18,A,rail,425998,False
2008-10-19,U,rail,296713,False
2008-10-20,W,rail,674708,False
2008-10-21,W,rail,701303,False
2008-10-22,W,rail,699333,False
2008-10-23,W,rail,703527,False
2008-10-24,W,rail,675065,False
2008-10-25,A,rail,391521,False
2008-10-26,U,rail,269253,False
2008-10-27,W,rail,677343,False
2008-10-28,W,rail,690269,False
2008-10-29,W,rail,696994,False
2008-10-30,W,rail,709395,False
2008-10-31,W,rail,709363,False
2008-11-01,A,rail,385865,False
2008-11-02,U,rail,278142,False
2008-11-03,W,rail,690751,False
2008-11-04,W,rail,786405,True
2008-11-05,W,rail,715659,False
2008-11-06,W,rail,691666,False
2008-11-07,W,rail,678770,False
2008-11-08,A,rail,398288,False
2008-11-09,U,rail,267029,False
2008-11-10,W,rail,656658,False
2008-11-11,W,rail,599602,True
2008-11-12,W,rail,679826,False
2008-11-13,W,rail,684049,False
2008-11-14,W,rail,683123,False
2008-11-15,A,rail,374896,False
2008-11-16,U,rail,245130,False
2008-11-17,W,rail,652199,False
2008-11-18,W,rail,666335,False
2008-11-19,W,rail,670515,False
2008-11-20,W,rail,670667,False
2008-11-21,W,rail,657879,False
2008-11-22,A,rail,417656,False
2008-11-23,U,rail,243556,False
2008-11-24,W,rail,638066,False
2008-11-25,W,rail,653433,False
2008-11-26,W,rail,599978,False
2008-11-27,U,rail,189458,False
2008-11-28,W,rail,363454,True
2008-11-29,A,rail,320575,False
2008-11-30,U,rail,217697,False
2008-12-01,W,rail,635852,False
2008-12-02,W,rail,652324,False
2008-12-03,W,rail,658630,False
2008-12-04,W,rail,651130,False
2008-12-05,W,rail,628044,False
2008-12-06,A,rail,347667,False
2008-12-07,U,rail,241719,False
2008-12-08,W,rail,618281,False
2008-12-09,W,rail,619711,False
2008-12-10,W,rail,640709,False
2008-12-11,W,rail,653239,False
2008-12-12,W,rail,626638,False
2008-12-13,A,rail,350799,False
2008-12-14,U,rail,247568,False
2008-12-15,W,rail,564467,False
2008-12-16,W,rail,632719,False
2008-12-17,W,rail,615707,False
2008-12-18,W,rail,618571,False
2008-12-19,W,rail,596207,False
2008-12-20,A,rail,335672,False
2008-12-21,U,rail,172052,False
2008-12-22,W,rail,474711,False
2008-12-23,W,rail,501283,False
2008-12-24,W,rail,339616,True
2008-12-25,U,rail,113322,True
2008-12-26,W,rail,321342,True
2008-12-27,A,rail,254291,False
2008-12-28,U,rail,219334,False
2008-12-29,W,rail,503359,False
2008-12-30,W,rail,523516,False
2008-12-31,W,rail,480797,False
2009-01-01,U,rail,238590,False
2009-01-02,W,rail,443439,False
2009-01-03,A,rail,293634,False
2009-01-04,U,rail,213098,False
2009-01-05,W,rail,591455,False
2009-01-06,W,rail,600314,False
2009-01-07,W,rail,606481,False
2009-01-08,W,rail,606524,False
2009-01-09,W,rail,625043,False
2009-01-10,A,rail,304657,False
2009-01-11,U,rail,219600,False
2009-01-12,W,rail,629944,False
2009-01-13,W,rail,615363,False
2009-01-14,W,rail,620646,False
2009-01-15,W,rail,532219,False
2009-01-16,W,rail,542180,False
2009-01-17,A,rail,302764,False
2009-01-18,U,rail,224910,False
2009-01-19,W,rail,409551,True
2009-01-20,W,rail,624553,False
2009-01-21,W,rail,647903,False
2009-01-22,W,rail,657786,False
2009-01-23,W,rail,622633,False
2009-01-24,A,rail,316086,False
2009-01-25,U,rail,215452,False
2009-01-26,W,rail,633365,False
2009-01-27,W,rail,646578,False
2009-01-28,W,rail,653089,False
2009-01-29,W,rail,648114,False
2009-01-30,W,rail,627734,False
2009-01-31,A,rail,340757,False
2009-02-01,U,rail,242773,False
2009-02-02,W,rail,628819,False
2009-02-03,W,rail,636578,False
2009-02-04,W,rail,631042,False
2009-02-05,W,rail,643718,False
2009-02-06,W,rail,639394,False
2009-02-07,A,rail,387825,False
2009-02-08,U,rail,245082,False
2009-02-09,W,rail,634229,False
2009-02-10,W,rail,666014,False
2009-02-11,W,rail,637558,False
2009-02-12,W,rail,620278,False
2009-02-13,W,rail,643066,False
2009-02-14,A,rail,388028,False
2009-02-15,U,rail,262442,False
2009-02-16,W,rail,486133,True
2009-02-17,W,rail,654156,False
2009-02-18,W,rail,637389,False
2009-02-19,W,rail,639414,False
2009-02-20,W,rail,632936,False
2009-02-21,A,rail,329252,False
2009-02-22,U,rail,231506,False
2009-02-23,W,rail,619409,False
2009-02-24,W,rail,642992,False
2009-02-25,W,rail,650665,False
2009-02-26,W,rail,624424,False
2009-02-27,W,rail,631269,False
2009-02-28,A,rail,349295,False
2009-03-01,U,rail,219552,False
2009-03-02,W,rail,570796,True
2009-03-03,W,rail,642501,False
2009-03-04,W,rail,648398,False
2009-03-05,W,rail,658867,False
2009-03-06,W,rail,653708,False
2009-03-07,A,rail,319673,False
2009-03-08,U,rail,212484,False
2009-03-09,W,rail,638209,False
2009-03-10,W,rail,636119,False
2009-03-11,W,rail,649963,False
2009-03-12,W,rail,646252,False
2009-03-13,W,rail,656181,False
2009-03-14,A,rail,471323,False
2009-03-15,U,rail,286972,False
2009-03-16,W,rail,648040,False
2009-03-17,W,rail,683241,False
2009-03-18,W,rail,653127,False
2009-03-19,W,rail,656286,False
2009-03-20,W,rail,643149,False
2009-03-21,A,rail,377094,False
2009-03-22,U,rail,260374,False
2009-03-23,W,rail,598236,True
2009-03-24,W,rail,616038,False
2009-03-25,W,rail,625381,False
2009-03-26,W,rail,633781,False
2009-03-27,W,rail,614690,False
2009-03-28,A,rail,331568,False
2009-03-29,U,rail,229406,False
2009-03-30,W,rail,628992,False
2009-03-31,W,rail,628945,False
2009-04-01,W,rail,658559,False
2009-04-02,W,rail,649643,False
2009-04-03,W,rail,653334,False
2009-04-04,A,rail,390735,False
2009-04-05,U,rail,236381,False
2009-04-06,W,rail,593691,False
2009-04-07,W,rail,636189,False
2009-04-08,W,rail,642963,False
2009-04-09,W,rail,638401,False
2009-04-10,W,rail,562197,False
2009-04-11,A,rail,349911,False
2009-04-12,U,rail,228889,False
2009-04-13,W,rail,619681,False
2009-04-14,W,rail,642703,False
2009-04-15,W,rail,682839,False
2009-04-16,W,rail,692868,False
2009-04-17,W,rail,695313,False
2009-04-18,A,rail,421519,False
2009-04-19,U,rail,243756,False
2009-04-20,W,rail,629066,False
2009-04-21,W,rail,659154,False
2009-04-22,W,rail,679753,False
2009-04-23,W,rail,688741,False
2009-04-24,W,rail,679180,False
2009-04-25,A,rail,358235,False
2009-04-26,U,rail,251595,False
2009-04-27,W,rail,633164,False
2009-04-28,W,rail,650112,False
2009-04-29,W,rail,648841,False
2009-04-30,W,rail,660465,False
2009-05-01,W,rail,677684,False
2009-05-02,A,rail,399421,False
2009-05-03,U,rail,291070,False
2009-05-04,W,rail,667219,False
2009-05-05,W,rail,680732,False
2009-05-06,W,rail,650834,False
2009-05-07,W,rail,675865,False
2009-05-08,W,rail,657966,False
2009-05-09,A,rail,343099,False
2009-05-10,U,rail,249540,False
2009-05-11,W,rail,620480,False
2009-05-12,W,rail,675570,False
2009-05-13,W,rail,640084,False
2009-05-14,W,rail,690670,False
2009-05-15,W,rail,650805,False
2009-05-16,A,rail,406577,False
2009-05-17,U,rail,293680,False
2009-05-18,W,rail,623839,False
2009-05-19,W,rail,650975,False
2009-05-20,W,rail,664197,False
2009-05-21,W,rail,663646,False
2009-05-22,W,rail,637603,False
2009-05-23,A,rail,367228,False
2009-05-24,U,rail,288558,False
2009-05-25,U,rail,258452,False
2009-05-26,W,rail,634549,False
2009-05-27,W,rail,648266,False
2009-05-28,W,rail,663980,False
2009-05-29,W,rail,677893,False
2009-05-30,A,rail,385727,False
2009-05-31,U,rail,289239,False
2009-06-01,W,rail,619841,False
2009-06-02,W,rail,635007,False
2009-06-03,W,rail,659178,False
2009-06-04,W,rail,665490,False
2009-06-05,W,rail,656345,False
2009-06-06,A,rail,368951,False
2009-06-07,U,rail,264624,False
2009-06-08,W,rail,633669,False
2009-06-09,W,rail,645412,False
2009-06-10,W,rail,655620,False
2009-06-11,W,rail,627380,False
2009-06-12,W,rail,722970,False
2009-06-13,A,rail,429667,False
2009-06-14,U,rail,372743,False
2009-06-15,W,rail,636444,False
2009-06-16,W,rail,644994,False
2009-06-17,W,rail,671546,False
2009-06-18,W,rail,684946,False
2009-06-19,W,rail,622117,False
2009-06-20,A,rail,423217,False
2009-06-21,U,rail,292519,False
2009-06-22,W,rail,623252,False
2009-06-23,W,rail,644145,False
2009-06-24,W,rail,642145,False
2009-06-25,W,rail,659105,False
2009-06-26,W,rail,708491,False
2009-06-27,A,rail,469970,False
2009-06-28,U,rail,469985,False
2009-06-29,W,rail,649188,False
2009-06-30,W,rail,648809,False
2009-07-01,W,rail,680635,False
2009-07-02,W,rail,713778,True
2009-07-03,U,rail,711335,True
2009-07-04,A,rail,394405,False
2009-07-05,U,rail,364973,False
2009-07-06,W,rail,643223,False
2009-07-07,W,rail,670829,False
2009-07-08,W,rail,667258,False
2009-07-09,W,rail,673821,False
2009-07-10,W,rail,672582,False
2009-07-11,A,rail,422670,False
2009-07-12,U,rail,335349,False
2009-07-13,W,rail,638789,False
2009-07-14,W,rail,644793,False
2009-07-15,W,rail,650434,False
2009-07-16,W,rail,683021,False
2009-07-17,W,rail,667858,False
2009-07-18,A,rail,421356,False
2009-07-19,U,rail,311785,False
2009-07-20,W,rail,643810,False
2009-07-21,W,rail,683790,False
2009-07-22,W,rail,654420,False
2009-07-23,W,rail,673917,False
2009-07-24,W,rail,686977,False
2009-07-25,A,rail,467927,False
2009-07-26,U,rail,334490,False
2009-07-27,W,rail,648312,False
2009-07-28,W,rail,667503,False
2009-07-29,W,rail,672872,False
2009-07-30,W,rail,680056,False
2009-07-31,W,rail,674810,False
2009-08-01,A,rail,396785,False
2009-08-02,U,rail,324804,False
2009-08-03,W,rail,612506,False
2009-08-04,W,rail,645725,False
2009-08-05,W,rail,653026,False
2009-08-06,W,rail,673897,False
2009-08-07,W,rail,695143,False
2009-08-08,A,rail,503501,False
2009-08-09,U,rail,383769,False
2009-08-10,W,rail,624034,False
2009-08-11,W,rail,672387,False
2009-08-12,W,rail,666879,False
2009-08-13,W,rail,674767,False
2009-08-14,W,rail,683249,False
2009-08-15,A,rail,472275,False
2009-08-16,U,rail,338169,False
2009-08-17,W,rail,594551,False
2009-08-18,W,rail,636143,False
2009-08-19,W,rail,624721,False
2009-08-20,W,rail,630083,False
2009-08-21,W,rail,633411,False
2009-08-22,A,rail,393634,False
2009-08-23,U,rail,283806,False
2009-08-24,W,rail,634030,False
2009-08-25,W,rail,680981,False
2009-08-26,W,rail,651492,False
2009-08-27,W,rail,664531,False
2009-08-28,W,rail,674306,False
2009-08-29,A,rail,405427,False
2009-08-30,U,rail,302535,False
2009-08-31,W,rail,658827,False
2009-09-01,W,rail,680368,False
2009-09-02,W,rail,682877,False
2009-09-03,W,rail,714324,True
2009-09-04,W,rail,678461,True
2009-09-05,A,rail,428069,False
2009-09-06,U,rail,338561,False
2009-09-07,U,rail,299374,False
2009-09-08,W,rail,709373,False
2009-09-09,W,rail,711047,False
2009-09-10,W,rail,713849,False
2009-09-11,W,rail,743271,False
2009-09-12,A,rail,482038,False
2009-09-13,U,rail,355437,False
2009-09-14,W,rail,714141,False
2009-09-15,W,rail,729171,False
2009-09-16,W,rail,732849,False
2009-09-17,W,rail,745180,False
2009-09-18,W,rail,708997,False
2009-09-19,A,rail,415652,False
2009-09-20,U,rail,292572,False
2009-09-21,W,rail,692304,False
2009-09-22,W,rail,708391,False
2009-09-23,W,rail,718424,False
2009-09-24,W,rail,712276,False
2009-09-25,W,rail,697003,False
2009-09-26,A,rail,426960,False
2009-09-27,U,rail,295158,False
2009-09-28,W,rail,659478,True
2009-09-29,W,rail,701863,False
2009-09-30,W,rail,723123,False
2009-10-01,W,rail,714559,False
2009-10-02,W,rail,710954,False
2009-10-03,A,rail,415308,False
2009-10-04,U,rail,309529,False
2009-10-05,W,rail,690993,False
2009-10-06,W,rail,693172,False
2009-10-07,W,rail,714396,False
2009-10-08,W,rail,714502,False
2009-10-09,W,rail,689843,False
2009-10-10,A,rail,433332,False
2009-10-11,U,rail,428201,True
2009-10-12,W,rail,594084,True
2009-10-13,W,rail,706201,False
2009-10-14,W,rail,703009,False
2009-10-15,W,rail,712178,False
2009-10-16,W,rail,708838,False
2009-10-17,A,rail,420801,False
2009-10-18,U,rail,296936,False
2009-10-19,W,rail,697391,False
2009-10-20,W,rail,709084,False
2009-10-21,W,rail,714863,False
2009-10-22,W,rail,708978,False
2009-10-23,W,rail,664168,True
2009-10-24,A,rail,394925,False
2009-10-25,U,rail,278478,False
2009-10-26,W,rail,673242,False
2009-10-27,W,rail,699054,False
2009-10-28,W,rail,699543,False
2009-10-29,W,rail,715628,False
2009-10-30,W,rail,680089,False
2009-10-31,A,rail,406844,False
2009-11-01,U,rail,290701,False
2009-11-02,W,rail,681759,False
2009-11-03,W,rail,697012,False
2009-11-04,W,rail,695322,False
2009-11-05,W,rail,710657,False
2009-11-06,W,rail,683216,False
2009-11-07,A,rail,419045,False
2009-11-08,U,rail,297504,False
2009-11-09,W,rail,673433,False
2009-11-10,W,rail,686972,False
2009-11-11,W,rail,620355,True
2009-11-12,W,rail,709937,False
2009-11-13,W,rail,693142,False
2009-11-14,A,rail,410234,False
2009-11-15,U,rail,274484,False
2009-11-16,W,rail,668884,False
2009-11-17,W,rail,677993,False
2009-11-18,W,rail,676849,False
2009-11-19,W,rail,682045,False
2009-11-20,W,rail,692325,False
2009-11-21,A,rail,482859,True
2009-11-22,U,rail,297371,False
2009-11-23,W,rail,665885,False
2009-11-24,W,rail,665966,False
2009-11-25,W,rail,612769,False
2009-11-26,U,rail,188829,False
2009-11-27,W,rail,378145,True
2009-11-28,A,rail,342511,False
2009-11-29,U,rail,238190,False
2009-11-30,W,rail,650622,False
2009-12-01,W,rail,682786,False
2009-12-02,W,rail,673684,False
2009-12-03,W,rail,686030,False
2009-12-04,W,rail,652626,False
2009-12-05,A,rail,385396,False
2009-12-06,U,rail,276654,False
2009-12-07,W,rail,643604,False
2009-12-08,W,rail,661097,False
2009-12-09,W,rail,649445,False
2009-12-10,W,rail,598439,False
2009-12-11,W,rail,627993,False
2009-12-12,A,rail,371427,False
2009-12-13,U,rail,265706,False
2009-12-14,W,rail,616209,False
2009-12-15,W,rail,619534,False
2009-12-16,W,rail,614739,False
2009-12-17,W,rail,624996,False
2009-12-18,W,rail,623684,False
2009-12-19,A,rail,350048,False
2009-12-20,U,rail,257984,False
2009-12-21,W,rail,548679,False
2009-12-22,W,rail,546637,False
2009-12-23,W,rail,498841,False
2009-12-24,W,rail,303611,True
2009-12-25,U,rail,121545,False
2009-12-26,A,rail,237093,True
2009-12-27,U,rail,207527,False
2009-12-28,W,rail,469843,False
2009-12-29,W,rail,488944,False
2009-12-30,W,rail,500436,False
2009-12-31,W,rail,461311,False
2010-01-01,U,rail,217060,False
2010-01-02,A,rail,264011,True
2010-01-03,U,rail,200944,False
2010-01-04,W,rail,569397,False
2010-01-05,W,rail,589044,False
2010-01-06,W,rail,598511,False
2010-01-07,W,rail,616491,False
2010-01-08,W,rail,597434,False
2010-01-09,A,rail,310265,False
2010-01-10,U,rail,216331,False
2010-01-11,W,rail,609826,False
2010-01-12,W,rail,626651,False
2010-01-13,W,rail,632953,False
2010-01-14,W,rail,641827,False
2010-01-15,W,rail,634202,False
2010-01-16,A,rail,348293,False
2010-01-17,U,rail,251971,False
2010-01-18,W,rail,416744,True
2010-01-19,W,rail,661331,False
2010-01-20,W,rail,657695,False
2010-01-21,W,rail,659269,False
2010-01-22,W,rail,642443,False
2010-01-23,A,rail,355143,False
2010-01-24,U,rail,239968,False
2010-01-25,W,rail,645886,False
2010-01-26,W,rail,653753,False
2010-01-27,W,rail,648561,False
2010-01-28,W,rail,647250,False
2010-01-29,W,rail,610943,True
2010-01-30,A,rail,358140,False
2010-01-31,U,rail,249932,False
2010-02-01,W,rail,648428,False
2010-02-02,W,rail,651659,False
2010-02-03,W,rail,661280,False
2010-02-04,W,rail,666455,False
2010-02-05,W,rail,641303,False
2010-02-06,A,rail,354178,False
2010-02-07,U,rail,248644,False
2010-02-08,W,rail,637392,False
2010-02-09,W,rail,646792,False
2010-02-10,W,rail,645430,False
2010-02-11,W,rail,657486,False
2010-02-12,W,rail,608456,True
2010-02-13,A,rail,385945,False
2010-02-14,U,rail,309746,True
2010-02-15,W,rail,483572,True
2010-02-16,W,rail,665769,False
2010-02-17,W,rail,663479,False
2010-02-18,W,rail,673127,False
2010-02-19,W,rail,658459,False
2010-02-20,A,rail,379346,False
2010-02-21,U,rail,256673,False
2010-02-22,W,rail,633739,False
2010-02-23,W,rail,659707,False
2010-02-24,W,rail,660548,False
2010-02-25,W,rail,668380,False
2010-02-26,W,rail,649111,False
2010-02-27,A,rail,372769,False
2010-02-28,U,rail,259369,False
2010-03-01,W,rail,606818,True
2010-03-02,W,rail,666762,False
2010-03-03,W,rail,674355,False
2010-03-04,W,rail,680673,False
2010-03-05,W,rail,664445,False
2010-03-06,A,rail,399749,False
2010-03-07,U,rail,257932,False
2010-03-08,W,rail,651269,False
2010-03-09,W,rail,665192,False
2010-03-10,W,rail,670440,False
2010-03-11,W,rail,664881,False
2010-03-12,W,rail,662812,False
2010-03-13,A,rail,443491,False
2010-03-14,U,rail,273849,False
2010-03-15,W,rail,648605,False
2010-03-16,W,rail,679563,False
2010-03-17,W,rail,689789,False
2010-03-18,W,rail,690207,False
2010-03-19,W,rail,663983,False
2010-03-20,A,rail,325253,False
2010-03-21,U,rail,271794,False
2010-03-22,W,rail,617250,False
2010-03-23,W,rail,638684,False
2010-03-24,W,rail,633221,False
2010-03-25,W,rail,629016,False
2010-03-26,W,rail,632589,False
2010-03-27,A,rail,373225,False
2010-03-28,U,rail,260956,False
2010-03-29,W,rail,601592,False
2010-03-30,W,rail,625592,False
2010-03-31,W,rail,645780,False
2010-04-01,W,rail,673448,False
2010-04-02,W,rail,601009,True
2010-04-03,A,rail,340842,False
2010-04-04,U,rail,234963,False
2010-04-05,W,rail,657842,False
2010-04-06,W,rail,664805,False
2010-04-07,W,rail,666668,False
2010-04-08,W,rail,683625,False
2010-04-09,W,rail,679699,False
2010-04-10,A,rail,440432,False
2010-04-11,U,rail,289141,False
2010-04-12,W,rail,689027,False
2010-04-13,W,rail,679327,False
2010-04-14,W,rail,714316,False
2010-04-15,W,rail,728178,True
2010-04-16,W,rail,706984,False
2010-04-17,A,rail,438658,False
2010-04-18,U,rail,309798,False
2010-04-19,W,rail,663348,False
2010-04-20,W,rail,685488,False
2010-04-21,W,rail,682322,False
2010-04-22,W,rail,683400,False
2010-04-23,W,rail,671480,False
2010-04-24,A,rail,385430,False
2010-04-25,U,rail,264966,False
2010-04-26,W,rail,682134,False
2010-04-27,W,rail,697232,False
2010-04-28,W,rail,695381,False
2010-04-29,W,rail,697327,False
2010-04-30,W,rail,707210,False
2010-05-01,A,rail,455658,False
2010-05-02,U,rail,314736,False
2010-05-03,W,rail,673932,False
2010-05-04,W,rail,687646,False
2010-05-05,W,rail,692081,False
2010-05-06,W,rail,690306,False
2010-05-07,W,rail,650935,False
2010-05-08,A,rail,379017,False
2010-05-09,U,rail,282516,False
2010-05-10,W,rail,680635,False
2010-05-11,W,rail,668287,False
2010-05-12,W,rail,682843,False
2010-05-13,W,rail,664390,False
2010-05-14,W,rail,708596,True
2010-05-15,A,rail,428608,False
2010-05-16,U,rail,316780,False
2010-05-17,W,rail,643233,False
2010-05-18,W,rail,669846,False
2010-05-19,W,rail,668811,False
2010-05-20,W,rail,667152,False
2010-05-21,W,rail,656659,False
2010-05-22,A,rail,413263,False
2010-05-23,U,rail,322958,False
2010-05-24,W,rail,650835,False
2010-05-25,W,rail,690144,False
2010-05-26,W,rail,688396,False
2010-05-27,W,rail,697901,False
2010-05-28,W,rail,694492,False
2010-05-29,A,rail,455979,False
2010-05-30,U,rail,367778,False
2010-05-31,U,rail,243566,False
2010-06-01,W,rail,669261,False
2010-06-02,W,rail,663107,False
2010-06-03,W,rail,688706,False
2010-06-04,W,rail,679386,False
2010-06-05,A,rail,390596,False
2010-06-06,U,rail,308756,False
2010-06-07,W,rail,679492,False
2010-06-08,W,rail,652565,False
2010-06-09,W,rail,707821,False
2010-06-10,W,rail,707755,False
2010-06-11,W,rail,845329,True
2010-06-12,A,rail,444278,False
2010-06-13,U,rail,348910,False
2010-06-14,W,rail,662467,False
2010-06-15,W,rail,686852,False
2010-06-16,W,rail,723671,False
2010-06-17,W,rail,719629,False
2010-06-18,W,rail,693973,False
2010-06-19,A,rail,472662,False
2010-06-20,U,rail,301730,False
2010-06-21,W,rail,626192,False
2010-06-22,W,rail,666558,False
2010-06-23,W,rail,627767,False
2010-06-24,W,rail,691266,False
2010-06-25,W,rail,750414,False
2010-06-26,A,rail,467943,False
2010-06-27,U,rail,441824,False
2010-06-28,W,rail,698735,False
2010-06-29,W,rail,716597,False
2010-06-30,W,rail,726101,False
2010-07-01,W,rail,802022,False
2010-07-02,W,rail,728895,False
2010-07-03,A,rail,498374,False
2010-07-04,U,rail,431068,False
2010-07-05,U,rail,338754,False
2010-07-06,W,rail,637312,False
2010-07-07,W,rail,656096,False
2010-07-08,W,rail,665000,False
2010-07-09,W,rail,676348,False
2010-07-10,A,rail,418254,False
2010-07-11,U,rail,304804,False
2010-07-12,W,rail,645066,False
2010-07-13,W,rail,664923,False
2010-07-14,W,rail,670046,False
2010-07-15,W,rail,715607,False
2010-07-16,W,rail,753901,True
2010-07-17,A,rail,518643,False
2010-07-18,U,rail,378151,False
2010-07-19,W,rail,681084,False
2010-07-20,W,rail,692212,False
2010-07-21,W,rail,705647,False
2010-07-22,W,rail,670399,False
2010-07-23,W,rail,677196,False
2010-07-24,A,rail,416540,False
2010-07-25,U,rail,351173,False
2010-07-26,W,rail,658817,False
2010-07-27,W,rail,670382,False
2010-07-28,W,rail,667607,False
2010-07-29,W,rail,684987,False
2010-07-30,W,rail,683141,False
2010-07-31,A,rail,450680,False
2010-08-01,U,rail,348968,False
2010-08-02,W,rail,660658,False
2010-08-03,W,rail,668186,False
2010-08-04,W,rail,663305,False
2010-08-05,W,rail,698256,False
2010-08-06,W,rail,791899,True
2010-08-07,A,rail,551140,False
2010-08-08,U,rail,415228,False
2010-08-09,W,rail,647949,False
2010-08-10,W,rail,662126,False
2010-08-11,W,rail,661211,False
2010-08-12,W,rail,666665,False
2010-08-13,W,rail,665794,False
2010-08-14,A,rail,460503,False
2010-08-15,U,rail,359893,False
2010-08-16,W,rail,648950,False
2010-08-17,W,rail,659235,False
2010-08-18,W,rail,676787,False
2010-08-19,W,rail,688195,False
2010-08-20,W,rail,688864,False
2010-08-21,A,rail,462355,False
2010-08-22,U,rail,336654,False
2010-08-23,W,rail,650532,False
2010-08-24,W,rail,674401,False
2010-08-25,W,rail,689560,False
2010-08-26,W,rail,694660,False
2010-08-27,W,rail,700296,False
2010-08-28,A,rail,458504,False
2010-08-29,U,rail,334378,False
2010-08-30,W,rail,673150,False
2010-08-31,W,rail,693348,False
2010-09-01,W,rail,696657,False
2010-09-02,W,rail,679832,False
2010-09-03,W,rail,721206,False
2010-09-04,A,rail,475332,False
2010-09-05,U,rail,399389,False
2010-09-06,U,rail,319536,False
2010-09-07,W,rail,723135,False
2010-09-08,W,rail,744212,False
2010-09-09,W,rail,729328,False
2010-09-10,W,rail,740993,False
2010-09-11,A,rail,438303,False
2010-09-12,U,rail,343875,False
2010-09-13,W,rail,722939,False
2010-09-14,W,rail,743702,False
2010-09-15,W,rail,757144,False
2010-09-16,W,rail,751525,False
2010-09-17,W,rail,777601,False
2010-09-18,A,rail,457774,False
2010-09-19,U,rail,335858,False
2010-09-20,W,rail,712870,False
2010-09-21,W,rail,750363,False
2010-09-22,W,rail,751724,False
2010-09-23,W,rail,767134,False
2010-09-24,W,rail,750033,False
2010-09-25,A,rail,486430,False
2010-09-26,U,rail,331103,False
2010-09-27,W,rail,725559,False
2010-09-28,W,rail,732828,False
2010-09-29,W,rail,734953,False
2010-09-30,W,rail,748851,False
2010-10-01,W,rail,742857,False
2010-10-02,A,rail,423372,False
2010-10-03,U,rail,307659,False
2010-10-04,W,rail,710406,False
2010-10-05,W,rail,726247,False
2010-10-06,W,rail,730113,False
2010-10-07,W,rail,753345,False
2010-10-08,W,rail,753053,False
2010-10-09,A,rail,503343,False
2010-10-10,U,rail,489078,True
2010-10-11,W,rail,627449,True
2010-10-12,W,rail,736048,False
2010-10-13,W,rail,726372,False
2010-10-14,W,rail,750943,False
2010-10-15,W,rail,753653,False
2010-10-16,A,rail,477876,False
2010-10-17,U,rail,337407,False
2010-10-18,W,rail,717627,False
2010-10-19,W,rail,729779,False
2010-10-20,W,rail,733950,False
2010-10-21,W,rail,747116,False
2010-10-22,W,rail,727707,False
2010-10-23,A,rail,451848,False
2010-10-24,U,rail,319622,False
2010-10-25,W,rail,710784,False
2010-10-26,W,rail,691241,False
2010-10-27,W,rail,739161,False
2010-10-28,W,rail,735281,False
2010-10-29,W,rail,725760,False
2010-10-30,A,rail,447410,False
2010-10-31,U,rail,321535,False
2010-11-01,W,rail,702890,False
2010-11-02,W,rail,711219,False
2010-11-03,W,rail,725866,False
2010-11-04,W,rail,731024,False
2010-11-05,W,rail,723652,False
2010-11-06,A,rail,455652,False
2010-11-07,U,rail,305880,False
2010-11-08,W,rail,709569,False
2010-11-09,W,rail,721276,False
2010-11-10,W,rail,729087,False
2010-11-11,W,rail,660145,True
2010-11-12,W,rail,714781,False
2010-11-13,A,rail,436971,False
2010-11-14,U,rail,306831,False
2010-11-15,W,rail,704470,False
2010-11-16,W,rail,720439,False
2010-11-17,W,rail,717114,False
2010-11-18,W,rail,712787,False
2010-11-19,W,rail,715507,False
2010-11-20,A,rail,545276,True
2010-11-21,U,rail,295297,False
2010-11-22,W,rail,667375,False
2010-11-23,W,rail,698730,False
2010-11-24,W,rail,621938,False
2010-11-25,U,rail,195258,True
2010-11-26,W,rail,369071,True
2010-11-27,A,rail,340136,True
2010-11-28,U,rail,271093,False
2010-11-29,W,rail,658026,False
2010-11-30,W,rail,672281,False
2010-12-01,W,rail,678039,False
2010-12-02,W,rail,688764,False
2010-12-03,W,rail,691211,False
2010-12-04,A,rail,407739,False
2010-12-05,U,rail,277309,False
2010-12-06,W,rail,641755,False
2010-12-07,W,rail,652015,False
2010-12-08,W,rail,662398,False
2010-12-09,W,rail,667827,False
2010-12-10,W,rail,682824,False
2010-12-11,A,rail,388409,False
2010-12-12,U,rail,249350,False
2010-12-13,W,rail,598167,False
2010-12-14,W,rail,623467,False
2010-12-15,W,rail,640490,False
2010-12-16,W,rail,644539,False
2010-12-17,W,rail,642967,False
2010-12-18,A,rail,370965,False
2010-12-19,U,rail,269162,False
2010-12-20,W,rail,573110,False
2010-12-21,W,rail,574097,False
2010-12-22,W,rail,558711,False
2010-12-23,W,rail,489295,False
2010-12-24,W,rail,261461,True
2010-12-25,U,rail,128261,True
2010-12-26,U,rail,215163,False
2010-12-27,W,rail,435925,False
2010-12-28,W,rail,490978,False
2010-12-29,W,rail,513271,False
2010-12-30,W,rail,524961,False
2010-12-31,W,rail,391713,False
2011-01-01,U,rail,239754,False
2011-01-02,U,rail,225886,False
2011-01-03,W,rail,581035,False
2011-01-04,W,rail,621057,False
2011-01-05,W,rail,624027,False
2011-01-06,W,rail,625246,False
2011-01-07,W,rail,622084,False
2011-01-08,A,rail,333951,False
2011-01-09,U,rail,237361,False
2011-01-10,W,rail,639852,False
2011-01-11,W,rail,654856,False
2011-01-12,W,rail,657426,False
2011-01-13,W,rail,661269,False
2011-01-14,W,rail,656551,False
2011-01-15,A,rail,355580,False
2011-01-16,U,rail,260631,False
2011-01-17,W,rail,422788,True
2011-01-18,W,rail,678327,False
2011-01-19,W,rail,679355,False
2011-01-20,W,rail,674347,False
2011-01-21,W,rail,598356,False
2011-01-22,A,rail,330666,False
2011-01-23,U,rail,253697,False
2011-01-24,W,rail,654573,False
2011-01-25,W,rail,680037,False
2011-01-26,W,rail,681652,False
2011-01-27,W,rail,685346,False
2011-01-28,W,rail,655861,False
2011-01-29,A,rail,381200,False
2011-01-30,U,rail,254689,False
2011-01-31,W,rail,670399,False
2011-02-01,W,rail,640223,False
2011-02-02,W,rail,209287,True
2011-02-03,W,rail,580480,False
2011-02-04,W,rail,715546,False
2011-02-05,A,rail,400440,False
2011-02-06,U,rail,273038,False
2011-02-07,W,rail,693321,False
2011-02-08,W,rail,697441,False
2011-02-09,W,rail,676705,False
2011-02-10,W,rail,676869,False
2011-02-11,W,rail,659696,False
2011-02-12,A,rail,415060,False
2011-02-13,U,rail,303381,True
2011-02-14,W,rail,708790,False
2011-02-15,W,rail,702586,False
2011-02-16,W,rail,709634,False
2011-02-17,W,rail,719471,False
2011-02-18,W,rail,710682,False
2011-02-19,A,rail,431010,False
2011-02-20,U,rail,261695,False
2011-02-21,W,rail,504444,True
2011-02-22,W,rail,692661,False
2011-02-23,W,rail,701009,False
2011-02-24,W,rail,708692,False
2011-02-25,W,rail,691267,False
2011-02-26,A,rail,393242,False
2011-02-27,U,rail,278593,False
2011-02-28,W,rail,681614,False
2011-03-01,W,rail,709683,False
2011-03-02,W,rail,702291,False
2011-03-03,W,rail,709973,False
2011-03-04,W,rail,681216,False
2011-03-05,A,rail,375814,False
2011-03-06,U,rail,275314,False
2011-03-07,W,rail,640899,False
2011-03-08,W,rail,710380,False
2011-03-09,W,rail,697366,False
2011-03-10,W,rail,707389,False
2011-03-11,W,rail,708603,False
2011-03-12,A,rail,500559,False
2011-03-13,U,rail,284406,False
2011-03-14,W,rail,686277,False
2011-03-15,W,rail,699145,False
2011-03-16,W,rail,725095,False
2011-03-17,W,rail,730561,False
2011-03-18,W,rail,706274,False
2011-03-19,A,rail,426128,False
2011-03-20,U,rail,263022,False
2011-03-21,W,rail,661503,False
2011-03-22,W,rail,653024,False
2011-03-23,W,rail,667467,False
2011-03-24,W,rail,671765,False
2011-03-25,W,rail,661865,False
2011-03-26,A,rail,387317,False
2011-03-27,U,rail,276610,False
2011-03-28,W,rail,674351,False
2011-03-29,W,rail,688681,False
2011-03-30,W,rail,692860,False
2011-03-31,W,rail,709483,False
2011-04-01,W,rail,712981,False
2011-04-02,A,rail,457067,False
2011-04-03,U,rail,305328,False
2011-04-04,W,rail,695709,False
2011-04-05,W,rail,723943,False
2011-04-06,W,rail,725191,False
2011-04-07,W,rail,719890,False
2011-04-08,W,rail,701186,False
2011-04-09,A,rail,462038,False
2011-04-10,U,rail,359065,False
2011-04-11,W,rail,696423,False
2011-04-12,W,rail,717458,False
2011-04-13,W,rail,721206,False
2011-04-14,W,rail,720731,False
2011-04-15,W,rail,691935,False
2011-04-16,A,rail,398192,False
2011-04-17,U,rail,306186,False
2011-04-18,W,rail,655013,False
2011-04-19,W,rail,627085,False
2011-04-20,W,rail,684367,False
2011-04-21,W,rail,685284,False
2011-04-22,W,rail,583531,True
2011-04-23,A,rail,421767,False
2011-04-24,U,rail,274724,False
2011-04-25,W,rail,685301,False
2011-04-26,W,rail,717303,False
2011-04-27,W,rail,712176,False
2011-04-28,W,rail,710559,False
2011-04-29,W,rail,738332,False
2011-04-30,A,rail,452569,False
2011-05-01,U,rail,320956,False
2011-05-02,W,rail,694159,False
2011-05-03,W,rail,708526,False
2011-05-04,W,rail,718706,False
2011-05-05,W,rail,720006,False
2011-05-06,W,rail,732966,False
2011-05-07,A,rail,443268,False
2011-05-08,U,rail,325850,False
2011-05-09,W,rail,680206,False
2011-05-10,W,rail,734088,False
2011-05-11,W,rail,724069,False
2011-05-12,W,rail,739195,False
2011-05-13,W,rail,728981,False
2011-05-14,A,rail,412250,False
2011-05-15,U,rail,279473,False
2011-05-16,W,rail,683002,False
2011-05-17,W,rail,694950,False
2011-05-18,W,rail,688457,False
2011-05-19,W,rail,705964,False
2011-05-20,W,rail,710957,False
2011-05-21,A,rail,421143,False
2011-05-22,U,rail,321421,False
2011-05-23,W,rail,682656,False
2011-05-24,W,rail,719974,False
2011-05-25,W,rail,676081,False
2011-05-26,W,rail,693660,False
2011-05-27,W,rail,695755,False
2011-05-28,A,rail,420778,False
2011-05-29,U,rail,306407,False
2011-05-30,U,rail,387955,False
2011-05-31,W,rail,683927,False
2011-06-01,W,rail,728801,False
2011-06-02,W,rail,707569,False
2011-06-03,W,rail,753705,False
2011-06-04,A,rail,465907,False
2011-06-05,U,rail,355072,False
2011-06-06,W,rail,723353,False
2011-06-07,W,rail,727689,False
2011-06-08,W,rail,731488,False
2011-06-09,W,rail,677601,False
2011-06-10,W,rail,699233,False
2011-06-11,A,rail,452885,False
2011-06-12,U,rail,388957,False
2011-06-13,W,rail,726932,False
2011-06-14,W,rail,739810,False
2011-06-15,W,rail,708511,False
2011-06-16,W,rail,741999,False
2011-06-17,W,rail,787772,False
2011-06-18,A,rail,502500,False
2011-06-19,U,rail,352290,False
2011-06-20,W,rail,666828,False
2011-06-21,W,rail,698702,False
2011-06-22,W,rail,695241,False
2011-06-23,W,rail,692002,False
2011-06-24,W,rail,714821,False
2011-06-25,A,rail,511370,False
2011-06-26,U,rail,561689,True
2011-06-27,W,rail,702396,False
2011-06-28,W,rail,768178,False
2011-06-29,W,rail,754551,False
2011-06-30,W,rail,753565,False
2011-07-01,W,rail,723107,False
2011-07-02,A,rail,514859,False
2011-07-03,U,rail,441925,False
2011-07-04,U,rail,375468,False
2011-07-05,W,rail,684091,False
2011-07-06,W,rail,711577,False
2011-07-07,W,rail,717952,False
2011-07-08,W,rail,738968,False
2011-07-09,A,rail,487196,False
2011-07-10,U,rail,355799,False
2011-07-11,W,rail,654659,False
2011-07-12,W,rail,695840,False
2011-07-13,W,rail,712673,False
2011-07-14,W,rail,746693,False
2011-07-15,W,rail,767058,False
2011-07-16,A,rail,512671,False
2011-07-17,U,rail,390269,False
2011-07-18,W,rail,708169,False
2011-07-19,W,rail,721231,False
2011-07-20,W,rail,711617,False
2011-07-21,W,rail,693073,False
2011-07-22,W,rail,700452,False
2011-07-23,A,rail,478455,False
2011-07-24,U,rail,346005,False
2011-07-25,W,rail,698802,False
2011-07-26,W,rail,708596,False
2011-07-27,W,rail,697817,False
2011-07-28,W,rail,689617,False
2011-07-29,W,rail,711542,False
2011-07-30,A,rail,472828,False
2011-07-31,U,rail,372586,False
2011-08-01,W,rail,707492,False
2011-08-02,W,rail,682755,False
2011-08-03,W,rail,715612,False
2011-08-04,W,rail,745527,False
2011-08-05,W,rail,822093,True
2011-08-06,A,rail,569511,True
2011-08-07,U,rail,426721,False
2011-08-08,W,rail,692657,False
2011-08-09,W,rail,713624,False
2011-08-10,W,rail,720504,False
2011-08-11,W,rail,709254,False
2011-08-12,W,rail,709694,False
2011-08-13,A,rail,457851,False
2011-08-14,U,rail,358606,False
2011-08-15,W,rail,668224,False
2011-08-16,W,rail,688071,False
2011-08-17,W,rail,692781,False
2011-08-18,W,rail,707426,False
2011-08-19,W,rail,751679,False
2011-08-20,A,rail,472815,False
2011-08-21,U,rail,420416,False
2011-08-22,W,rail,704225,False
2011-08-23,W,rail,688649,False
2011-08-24,W,rail,728732,False
2011-08-25,W,rail,744805,False
2011-08-26,W,rail,710247,False
2011-08-27,A,rail,463528,False
2011-08-28,U,rail,339049,False
2011-08-29,W,rail,712733,False
2011-08-30,W,rail,719656,False
2011-08-31,W,rail,728047,False
2011-09-01,W,rail,739620,False
2011-09-02,W,rail,741985,False
2011-09-03,A,rail,472827,False
2011-09-04,U,rail,432441,False
2011-09-05,U,rail,356948,False
2011-09-06,W,rail,746632,False
2011-09-07,W,rail,773670,False
2011-09-08,W,rail,770455,False
2011-09-09,W,rail,754824,False
2011-09-10,A,rail,486616,False
2011-09-11,U,rail,356915,False
2011-09-12,W,rail,756209,False
2011-09-13,W,rail,775124,False
2011-09-14,W,rail,768114,False
2011-09-15,W,rail,780369,False
2011-09-16,W,rail,774553,False
2011-09-17,A,rail,511704,False
2011-09-18,U,rail,328422,False
2011-09-19,W,rail,758422,False
2011-09-20,W,rail,787667,False
2011-09-21,W,rail,780222,False
2011-09-22,W,rail,770485,False
2011-09-23,W,rail,751348,False
2011-09-24,A,rail,466534,False
2011-09-25,U,rail,333394,False
2011-09-26,W,rail,733053,False
2011-09-27,W,rail,751659,False
2011-09-28,W,rail,759071,False
2011-09-29,W,rail,753753,False
2011-09-30,W,rail,757321,False
2011-10-01,A,rail,480889,False
2011-10-02,U,rail,344520,False
2011-10-03,W,rail,751034,False
2011-10-04,W,rail,767029,False
2011-10-05,W,rail,774142,False
2011-10-06,W,rail,783363,False
2011-10-07,W,rail,783590,False
2011-10-08,A,rail,523113,False
2011-10-09,U,rail,519453,True
2011-10-10,W,rail,669173,True
2011-10-11,W,rail,770542,False
2011-10-12,W,rail,776561,False
2011-10-13,W,rail,773498,False
2011-10-14,W,rail,783903,False
2011-10-15,A,rail,508391,False
2011-10-16,U,rail,351070,False
2011-10-17,W,rail,752887,False
2011-10-18,W,rail,759917,False
2011-10-19,W,rail,738984,True
2011-10-20,W,rail,763556,False
2011-10-21,W,rail,782981,False
2011-10-22,A,rail,497703,False
2011-10-23,U,rail,341626,False
2011-10-24,W,rail,747402,False
2011-10-25,W,rail,757975,False
2011-10-26,W,rail,756804,False
2011-10-27,W,rail,771358,False
2011-10-28,W,rail,758294,False
2011-10-29,A,rail,469295,False
2011-10-30,U,rail,318565,False
2011-10-31,W,rail,734500,False
2011-11-01,W,rail,762893,False
2011-11-02,W,rail,764539,False
2011-11-03,W,rail,755888,False
2011-11-04,W,rail,785515,False
2011-11-05,A,rail,513654,False
2011-11-06,U,rail,331327,False
2011-11-07,W,rail,749043,False
2011-11-08,W,rail,742973,False
2011-11-09,W,rail,759696,False
2011-11-10,W,rail,755282,False
2011-11-11,W,rail,681237,True
2011-11-12,A,rail,474088,False
2011-11-13,U,rail,338816,False
2011-11-14,W,rail,741813,False
2011-11-15,W,rail,770828,False
2011-11-16,W,rail,758159,False
2011-11-17,W,rail,752834,False
2011-11-18,W,rail,743405,False
2011-11-19,A,rail,530802,False
2011-11-20,U,rail,328721,False
2011-11-21,W,rail,726360,False
2011-11-22,W,rail,714844,False
2011-11-23,W,rail,680837,False
2011-11-24,U,rail,235194,True
2011-11-25,W,rail,435428,True
2011-11-26,A,rail,348525,True
2011-11-27,U,rail,274323,False
2011-11-28,W,rail,703558,False
2011-11-29,W,rail,708638,False
2011-11-30,W,rail,730140,False
2011-12-01,W,rail,747269,False
2011-12-02,W,rail,757734,False
2011-12-03,A,rail,461349,False
2011-12-04,U,rail,327051,False
2011-12-05,W,rail,698735,False
2011-12-06,W,rail,712288,False
2011-12-07,W,rail,718567,False
2011-12-08,W,rail,721739,False
2011-12-09,W,rail,726618,False
2011-12-10,A,rail,435343,False
2011-12-11,U,rail,306703,False
2011-12-12,W,rail,673314,False
2011-12-13,W,rail,691649,False
2011-12-14,W,rail,675577,False
2011-12-15,W,rail,701181,False
2011-12-16,W,rail,703365,False
2011-12-17,A,rail,436091,False
2011-12-18,U,rail,325822,False
2011-12-19,W,rail,657231,False
2011-12-20,W,rail,656796,False
2011-12-21,W,rail,649395,False
2011-12-22,W,rail,615248,False
2011-12-23,W,rail,539186,False
2011-12-24,A,rail,262788,True
2011-12-25,U,rail,144879,True
2011-12-26,U,rail,297972,False
2011-12-27,W,rail,498735,False
2011-12-28,W,rail,535232,False
2011-12-29,W,rail,553630,False
2011-12-30,W,rail,528085,False
2011-12-31,A,rail,408205,False
2012-01-01,U,rail,277156,False
2012-01-02,U,rail,300131,False
2012-01-03,W,rail,600940,False
2012-01-04,W,rail,626372,False
2012-01-05,W,rail,652474,False
2012-01-06,W,rail,666379,False
2012-01-07,A,rail,390564,False
2012-01-08,U,rail,275439,False
2012-01-09,W,rail,683105,False
2012-01-10,W,rail,698468,False
2012-01-11,W,rail,709539,False
2012-01-12,W,rail,715474,False
2012-01-13,W,rail,692943,False
2012-01-14,A,rail,377455,False
2012-01-15,U,rail,276691,False
2012-01-16,W,rail,459803,True
2012-01-17,W,rail,725950,False
2012-01-18,W,rail,722473,False
2012-01-19,W,rail,711259,False
2012-01-20,W,rail,746064,False
2012-01-21,A,rail,394407,False
2012-01-22,U,rail,273772,False
2012-01-23,W,rail,710762,False
2012-01-24,W,rail,732063,False
2012-01-25,W,rail,734192,False
2012-01-26,W,rail,739012,False
2012-01-27,W,rail,720988,False
2012-01-28,A,rail,419586,False
2012-01-29,U,rail,293146,False
2012-01-30,W,rail,704317,False
2012-01-31,W,rail,731360,False
2012-02-01,W,rail,736252,False
2012-02-02,W,rail,739698,False
2012-02-03,W,rail,714336,False
2012-02-04,A,rail,418503,False
2012-02-05,U,rail,289438,False
2012-02-06,W,rail,699926,False
2012-02-07,W,rail,721937,False
2012-02-08,W,rail,738273,False
2012-02-09,W,rail,741959,False
2012-02-10,W,rail,715473,False
2012-02-11,A,rail,399462,False
2012-02-12,U,rail,285739,False
2012-02-13,W,rail,653118,True
2012-02-14,W,rail,738384,False
2012-02-15,W,rail,726359,False
2012-02-16,W,rail,736170,False
2012-02-17,W,rail,731415,False
2012-02-18,A,rail,454131,False
2012-02-19,U,rail,322414,False
2012-02-20,W,rail,543889,True
2012-02-21,W,rail,726162,False
2012-02-22,W,rail,732150,False
2012-02-23,W,rail,734839,False
2012-02-24,W,rail,712507,False
2012-02-25,A,rail,417134,False
2012-02-26,U,rail,298409,False
2012-02-27,W,rail,703435,False
2012-02-28,W,rail,720589,False
2012-02-29,W,rail,736007,False
2012-03-01,W,rail,739664,False
2012-03-02,W,rail,705878,False
2012-03-03,A,rail,416704,False
2012-03-04,U,rail,292334,False
2012-03-05,W,rail,651903,False
2012-03-06,W,rail,744478,False
2012-03-07,W,rail,736849,False
2012-03-08,W,rail,735123,False
2012-03-09,W,rail,718371,False
2012-03-10,A,rail,444574,False
2012-03-11,U,rail,316828,False
2012-03-12,W,rail,715585,False
2012-03-13,W,rail,744918,False
2012-03-14,W,rail,762671,False
2012-03-15,W,rail,763525,False
2012-03-16,W,rail,774035,False
2012-03-17,A,rail,708351,True
2012-03-18,U,rail,359041,True
2012-03-19,W,rail,707467,False
2012-03-20,W,rail,718050,False
2012-03-21,W,rail,723631,False
2012-03-22,W,rail,717170,False
2012-03-23,W,rail,685518,False
2012-03-24,A,rail,430070,False
2012-03-25,U,rail,355696,False
2012-03-26,W,rail,700972,False
2012-03-27,W,rail,723040,False
2012-03-28,W,rail,735639,False
2012-03-29,W,rail,734424,False
2012-03-30,W,rail,709407,False
2012-03-31,A,rail,440893,False
2012-04-01,U,rail,321629,False
2012-04-02,W,rail,696533,False
2012-04-03,W,rail,720709,False
2012-04-04,W,rail,724726,False
2012-04-05,W,rail,750000,False
2012-04-06,W,rail,642047,True
2012-04-07,A,rail,434835,False
2012-04-08,U,rail,289618,False
2012-04-09,W,rail,727154,False
2012-04-10,W,rail,751834,False
2012-04-11,W,rail,760911,False
2012-04-12,W,rail,775089,False
2012-04-13,W,rail,741802,False
2012-04-14,A,rail,470545,False
2012-04-15,U,rail,320025,False
2012-04-16,W,rail,713598,False
2012-04-17,W,rail,744763,False
2012-04-18,W,rail,736936,False
2012-04-19,W,rail,743350,False
2012-04-20,W,rail,737187,False
2012-04-21,A,rail,471715,False
2012-04-22,U,rail,333024,False
2012-04-23,W,rail,739667,False
2012-04-24,W,rail,750511,False
2012-04-25,W,rail,740777,False
2012-04-26,W,rail,760338,False
2012-04-27,W,rail,745495,False
2012-04-28,A,rail,425418,False
2012-04-29,U,rail,322436,False
2012-04-30,W,rail,703630,False
2012-05-01,W,rail,743154,False
2012-05-02,W,rail,754536,False
2012-05-03,W,rail,766616,False
2012-05-04,W,rail,778105,False
2012-05-05,A,rail,497814,False
2012-05-06,U,rail,343213,False
2012-05-07,W,rail,731509,False
2012-05-08,W,rail,762274,False
2012-05-09,W,rail,752170,False
2012-05-10,W,rail,743841,False
2012-05-11,W,rail,745296,False
2012-05-12,A,rail,427440,False
2012-05-13,U,rail,321345,False
2012-05-14,W,rail,700274,False
2012-05-15,W,rail,720962,False
2012-05-16,W,rail,734234,False
2012-05-17,W,rail,746681,False
2012-05-18,W,rail,694037,False
2012-05-19,A,rail,465776,False
2012-05-20,U,rail,374706,False
2012-05-21,W,rail,568256,True
2012-05-22,W,rail,721698,False
2012-05-23,W,rail,738794,False
2012-05-24,W,rail,756023,False
2012-05-25,W,rail,736144,False
2012-05-26,A,rail,469284,False
2012-05-27,U,rail,392936,False
2012-05-28,U,rail,362808,False
2012-05-29,W,rail,719096,False
2012-05-30,W,rail,742834,False
2012-05-31,W,rail,714511,False
2012-06-01,W,rail,750848,False
2012-06-02,A,rail,489792,False
2012-06-03,U,rail,354121,False
2012-06-04,W,rail,726053,False
2012-06-05,W,rail,749888,False
2012-06-06,W,rail,753512,False
2012-06-07,W,rail,768929,False
2012-06-08,W,rail,802823,False
2012-06-09,A,rail,569867,False
2012-06-10,U,rail,404744,False
2012-06-11,W,rail,726731,False
2012-06-12,W,rail,772974,False
2012-06-13,W,rail,778465,False
2012-06-14,W,rail,783352,False
2012-06-15,W,rail,803508,False
2012-06-16,A,rail,513638,False
2012-06-17,U,rail,372514,False
2012-06-18,W,rail,710839,False
2012-06-19,W,rail,725980,False
2012-06-20,W,rail,743331,False
2012-06-21,W,rail,728067,False
2012-06-22,W,rail,755020,False
2012-06-23,A,rail,492238,False
2012-06-24,U,rail,530481,True
2012-06-25,W,rail,725550,False
2012-06-26,W,rail,746532,False
2012-06-27,W,rail,751428,False
2012-06-28,W,rail,702116,False
2012-06-29,W,rail,734451,False
2012-06-30,A,rail,485188,False
2012-07-01,U,rail,350123,False
2012-07-02,W,rail,676617,False
2012-07-03,W,rail,710361,False
2012-07-04,U,rail,383942,False
2012-07-05,W,rail,628259,False
2012-07-06,W,rail,651815,False
2012-07-07,A,rail,439918,False
2012-07-08,U,rail,341530,False
2012-07-09,W,rail,697423,False
2012-07-10,W,rail,713798,False
2012-07-11,W,rail,751429,False
2012-07-12,W,rail,769452,False
2012-07-13,W,rail,781300,False
2012-07-14,A,rail,539189,False
2012-07-15,U,rail,434508,False
2012-07-16,W,rail,703975,False
2012-07-17,W,rail,721980,False
2012-07-18,W,rail,737720,False
2012-07-19,W,rail,737674,False
2012-07-20,W,rail,732949,False
2012-07-21,A,rail,467138,False
2012-07-22,U,rail,353089,False
2012-07-23,W,rail,695786,False
2012-07-24,W,rail,701367,False
2012-07-25,W,rail,724487,False
2012-07-26,W,rail,720070,False
2012-07-27,W,rail,758858,False
2012-07-28,A,rail,517111,False
2012-07-29,U,rail,374441,False
2012-07-30,W,rail,705435,False
2012-07-31,W,rail,719885,False
2012-08-01,W,rail,746620,False
2012-08-02,W,rail,736721,False
2012-08-03,W,rail,828673,True
2012-08-04,A,rail,540564,False
2012-08-05,U,rail,454682,False
2012-08-06,W,rail,718004,False
2012-08-07,W,rail,710734,False
2012-08-08,W,rail,714729,False
2012-08-09,W,rail,733293,False
2012-08-10,W,rail,762585,False
2012-08-11,A,rail,525198,False
2012-08-12,U,rail,389752,False
2012-08-13,W,rail,675894,False
2012-08-14,W,rail,719794,False
2012-08-15,W,rail,736768,False
2012-08-16,W,rail,689521,False
2012-08-17,W,rail,734329,False
2012-08-18,A,rail,513680,False
2012-08-19,U,rail,381863,False
2012-08-20,W,rail,694224,False
2012-08-21,W,rail,725406,False
2012-08-22,W,rail,741288,False
2012-08-23,W,rail,730663,False
2012-08-24,W,rail,757933,False
2012-08-25,A,rail,499512,False
2012-08-26,U,rail,326682,False
2012-08-27,W,rail,732088,False
2012-08-28,W,rail,752842,False
2012-08-29,W,rail,757338,False
2012-08-30,W,rail,765912,False
2012-08-31,W,rail,787713,False
2012-09-01,A,rail,498563,False
2012-09-02,U,rail,425857,True
2012-09-03,U,rail,366891,False
2012-09-04,W,rail,757151,False
2012-09-05,W,rail,778985,False
2012-09-06,W,rail,787102,False
2012-09-07,W,rail,798630,False
2012-09-08,A,rail,548107,False
2012-09-09,U,rail,370846,False
2012-09-10,W,rail,786943,False
2012-09-11,W,rail,789589,False
2012-09-12,W,rail,785316,False
2012-09-13,W,rail,793145,False
2012-09-14,W,rail,789009,False
2012-09-15,A,rail,533074,False
2012-09-16,U,rail,369738,False
2012-09-17,W,rail,749237,False
2012-09-18,W,rail,774593,False
2012-09-19,W,rail,805444,False
2012-09-20,W,rail,814328,False
2012-09-21,W,rail,804809,False
2012-09-22,A,rail,507218,False
2012-09-23,U,rail,373413,False
2012-09-24,W,rail,777711,False
2012-09-25,W,rail,787595,False
2012-09-26,W,rail,786511,False
2012-09-27,W,rail,810524,False
2012-09-28,W,rail,803271,False
2012-09-29,A,rail,512833,False
2012-09-30,U,rail,357104,False
2012-10-01,W,rail,783378,False
2012-10-02,W,rail,806945,False
2012-10-03,W,rail,810692,False
2012-10-04,W,rail,810084,False
2012-10-05,W,rail,808343,False
2012-10-06,A,rail,522379,False
2012-10-07,U,rail,512959,True
2012-10-08,W,rail,713083,True
2012-10-09,W,rail,795608,False
2012-10-10,W,rail,798154,False
2012-10-11,W,rail,807251,False
2012-10-12,W,rail,796441,False
2012-10-13,A,rail,447031,False
2012-10-14,U,rail,327889,False
2012-10-15,W,rail,776921,False
2012-10-16,W,rail,792993,False
2012-10-17,W,rail,792225,False
2012-10-18,W,rail,806783,False
2012-10-19,W,rail,801852,False
2012-10-20,A,rail,512403,False
2012-10-21,U,rail,354896,False
2012-10-22,W,rail,769024,False
2012-10-23,W,rail,784378,False
2012-10-24,W,rail,804851,False
2012-10-25,W,rail,797938,False
2012-10-26,W,rail,796666,False
2012-10-27,A,rail,490779,False
2012-10-28,U,rail,341936,False
2012-10-29,W,rail,759113,False
2012-10-30,W,rail,765043,False
2012-10-31,W,rail,780984,False
2012-11-01,W,rail,795031,False
2012-11-02,W,rail,793396,False
2012-11-03,A,rail,462962,False
2012-11-04,U,rail,347411,False
2012-11-05,W,rail,766701,False
2012-11-06,W,rail,768986,False
2012-11-07,W,rail,782333,False
2012-11-08,W,rail,793455,False
2012-11-09,W,rail,798839,False
2012-11-10,A,rail,472274,False
2012-11-11,U,rail,353062,False
2012-11-12,W,rail,666802,True
2012-11-13,W,rail,761630,False
2012-11-14,W,rail,775491,False
2012-11-15,W,rail,786677,False
2012-11-16,W,rail,791412,False
2012-11-17,A,rail,567804,False
2012-11-18,U,rail,336771,False
2012-11-19,W,rail,759037,False
2012-11-20,W,rail,772991,False
2012-11-21,W,rail,705800,False
2012-11-22,U,rail,255982,True
2012-11-23,W,rail,413384,True
2012-11-24,A,rail,377956,False
2012-11-25,U,rail,304336,False
2012-11-26,W,rail,717499,False
2012-11-27,W,rail,734908,False
2012-11-28,W,rail,750417,False
2012-11-29,W,rail,752188,False
2012-11-30,W,rail,776494,False
2012-12-01,A,rail,492263,False
2012-12-02,U,rail,350433,False
2012-12-03,W,rail,742337,False
2012-12-04,W,rail,747543,False
2012-12-05,W,rail,754701,False
2012-12-06,W,rail,751285,False
2012-12-07,W,rail,764843,False
2012-12-08,A,rail,467324,False
2012-12-09,U,rail,295147,False
2012-12-10,W,rail,690186,False
2012-12-11,W,rail,711140,False
2012-12-12,W,rail,720758,False
2012-12-13,W,rail,727540,False
2012-12-14,W,rail,749478,False
2012-12-15,A,rail,425168,False
2012-12-16,U,rail,334285,False
2012-12-17,W,rail,683683,False
2012-12-18,W,rail,693703,False
2012-12-19,W,rail,691879,False
2012-12-20,W,rail,660268,False
2012-12-21,W,rail,634264,False
2012-12-22,A,rail,374774,False
2012-12-23,U,rail,281962,False
2012-12-24,W,rail,313210,True
2012-12-25,U,rail,143166,True
2012-12-26,W,rail,428605,True
2012-12-27,W,rail,514627,False
2012-12-28,W,rail,546312,False
2012-12-29,A,rail,360962,False
2012-12-30,U,rail,291423,False
2012-12-31,W,rail,490998,False
2013-01-01,U,rail,276167,False
2013-01-02,W,rail,570506,False
2013-01-03,W,rail,620104,False
2013-01-04,W,rail,635401,False
2013-01-05,A,rail,356383,False
2013-01-06,U,rail,264957,False
2013-01-07,W,rail,672001,False
2013-01-08,W,rail,687261,False
2013-01-09,W,rail,697979,False
2013-01-10,W,rail,693642,False
2013-01-11,W,rail,708901,False
2013-01-12,A,rail,403037,False
2013-01-13,U,rail,266395,False
2013-01-14,W,rail,701958,False
2013-01-15,W,rail,723460,False
2013-01-16,W,rail,726032,False
2013-01-17,W,rail,730830,False
2013-01-18,W,rail,721526,False
2013-01-19,A,rail,417820,False
2013-01-20,U,rail,275860,False
2013-01-21,W,rail,422125,True
2013-01-22,W,rail,654679,False
2013-01-23,W,rail,697385,False
2013-01-24,W,rail,708729,False
2013-01-25,W,rail,707962,False
2013-01-26,A,rail,393542,False
2013-01-27,U,rail,261812,False
2013-01-28,W,rail,718545,False
2013-01-29,W,rail,728633,False
2013-01-30,W,rail,735084,False
2013-01-31,W,rail,713918,False
2013-02-01,W,rail,659888,False
2013-02-02,A,rail,378484,False
2013-02-03,U,rail,271153,False
2013-02-04,W,rail,710890,False
2013-02-05,W,rail,733180,False
2013-02-06,W,rail,739979,False
2013-02-07,W,rail,743264,False
2013-02-08,W,rail,723430,False
2013-02-09,A,rail,426081,False
2013-02-10,U,rail,278417,False
2013-02-11,W,rail,708331,False
2013-02-12,W,rail,687334,False
2013-02-13,W,rail,754178,False
2013-02-14,W,rail,758213,False
2013-02-15,W,rail,731689,False
2013-02-16,A,rail,412929,False
2013-02-17,U,rail,317885,False
2013-02-18,W,rail,567064,True
2013-02-19,W,rail,709244,False
2013-02-20,W,rail,720364,False
2013-02-21,W,rail,738526,False
2013-02-22,W,rail,716784,False
2013-02-23,A,rail,403004,False
2013-02-24,U,rail,280619,False
2013-02-25,W,rail,718035,False
2013-02-26,W,rail,707649,False
2013-02-27,W,rail,732706,False
2013-02-28,W,rail,741077,False
2013-03-01,W,rail,726385,False
2013-03-02,A,rail,407706,False
2013-03-03,U,rail,290260,False
2013-03-04,W,rail,684343,False
2013-03-05,W,rail,662182,False
2013-03-06,W,rail,703897,False
2013-03-07,W,rail,724517,False
2013-03-08,W,rail,716118,False
2013-03-09,A,rail,404506,False
2013-03-10,U,rail,285624,False
2013-03-11,W,rail,713865,False
2013-03-12,W,rail,738907,False
2013-03-13,W,rail,748618,False
2013-03-14,W,rail,755471,False
2013-03-15,W,rail,771603,True
2013-03-16,A,rail,610526,True
2013-03-17,U,rail,338473,False
2013-03-18,W,rail,715696,False
2013-03-19,W,rail,723671,False
2013-03-20,W,rail,721345,False
2013-03-21,W,rail,729901,False
2013-03-22,W,rail,721149,False
2013-03-23,A,rail,425222,False
2013-03-24,U,rail,288966,False
2013-03-25,W,rail,630136,False
2013-03-26,W,rail,655138,True
2013-03-27,W,rail,670282,False
2013-03-28,W,rail,679530,False
2013-03-29,W,rail,621657,False
2013-03-30,A,rail,395747,True
2013-03-31,U,rail,267293,False
2013-04-01,W,rail,708026,False
2013-04-02,W,rail,728501,False
2013-04-03,W,rail,746014,False
2013-04-04,W,rail,759059,False
2013-04-05,W,rail,746786,False
2013-04-06,A,rail,459388,False
2013-04-07,U,rail,357215,False
2013-04-08,W,rail,737437,False
2013-04-09,W,rail,740720,False
2013-04-10,W,rail,717466,False
2013-04-11,W,rail,752525,False
2013-04-12,W,rail,753498,False
2013-04-13,A,rail,462508,False
2013-04-14,U,rail,351742,False
2013-04-15,W,rail,717933,False
2013-04-16,W,rail,753356,False
2013-04-17,W,rail,711500,False
2013-04-18,W,rail,693760,False
2013-04-19,W,rail,718526,False
2013-04-20,A,rail,448035,False
2013-04-21,U,rail,313744,False
2013-04-22,W,rail,731504,False
2013-04-23,W,rail,715764,False
2013-04-24,W,rail,736305,False
2013-04-25,W,rail,755375,False
2013-04-26,W,rail,750687,False
2013-04-27,A,rail,460650,False
2013-04-28,U,rail,320737,False
2013-04-29,W,rail,717625,False
2013-04-30,W,rail,738733,False
2013-05-01,W,rail,762553,False
2013-05-02,W,rail,752135,False
2013-05-03,W,rail,730511,False
2013-05-04,A,rail,465245,False
2013-05-05,U,rail,350222,False
2013-05-06,W,rail,729615,False
2013-05-07,W,rail,758068,False
2013-05-08,W,rail,769649,False
2013-05-09,W,rail,721753,False
2013-05-10,W,rail,725511,False
2013-05-11,A,rail,435938,False
2013-05-12,U,rail,313848,False
2013-05-13,W,rail,713048,False
2013-05-14,W,rail,750210,False
2013-05-15,W,rail,758657,False
2013-05-16,W,rail,746034,False
2013-05-17,W,rail,757439,False
2013-05-18,A,rail,493226,False
2013-05-19,U,rail,363850,False
2013-05-20,W,rail,681176,False
2013-05-21,W,rail,689412,False
2013-05-22,W,rail,687729,False
2013-05-23,W,rail,693752,False
2013-05-24,W,rail,676692,False
2013-05-25,A,rail,369584,True
2013-05-26,U,rail,336563,False
2013-05-27,U,rail,286211,False
2013-05-28,W,rail,672485,False
2013-05-29,W,rail,715430,False
2013-05-30,W,rail,717726,False
2013-05-31,W,rail,719350,False
2013-06-01,A,rail,445218,False
2013-06-02,U,rail,333835,False
2013-06-03,W,rail,707210,False
2013-06-04,W,rail,716102,False
2013-06-05,W,rail,716938,False
2013-06-06,W,rail,736943,False
2013-06-07,W,rail,768035,False
2013-06-08,A,rail,537485,False
2013-06-09,U,rail,393881,False
2013-06-10,W,rail,731202,False
2013-06-11,W,rail,752653,False
2013-06-12,W,rail,718831,False
2013-06-13,W,rail,761985,False
2013-06-14,W,rail,747980,False
2013-06-15,A,rail,453140,False
2013-06-16,U,rail,369569,False
2013-06-17,W,rail,692856,False
2013-06-18,W,rail,701224,False
2013-06-19,W,rail,718139,False
2013-06-20,W,rail,724184,False
2013-06-21,W,rail,724999,False
2013-06-22,A,rail,488805,False
2013-06-23,U,rail,394460,False
2013-06-24,W,rail,699721,False
2013-06-25,W,rail,694726,False
2013-06-26,W,rail,690875,False
2013-06-27,W,rail,723050,False
2013-06-28,W,rail,894811,True
2013-06-29,A,rail,463716,False
2013-06-30,U,rail,543707,True
2013-07-01,W,rail,681252,False
2013-07-02,W,rail,677994,False
2013-07-03,W,rail,693445,False
2013-07-04,U,rail,407174,False
2013-07-05,W,rail,592583,False
2013-07-06,A,rail,463509,False
2013-07-07,U,rail,354565,False
2013-07-08,W,rail,664506,False
2013-07-09,W,rail,708853,False
2013-07-10,W,rail,756010,False
2013-07-11,W,rail,787568,False
2013-07-12,W,rail,802562,False
2013-07-13,A,rail,565833,False
2013-07-14,U,rail,413355,False
2013-07-15,W,rail,683553,False
2013-07-16,W,rail,695896,False
2013-07-17,W,rail,706991,False
2013-07-18,W,rail,720245,False
2013-07-19,W,rail,775821,False
2013-07-20,A,rail,546852,False
2013-07-21,U,rail,410606,False
2013-07-22,W,rail,709718,False
2013-07-23,W,rail,720357,False
2013-07-24,W,rail,713067,False
2013-07-25,W,rail,715876,False
2013-07-26,W,rail,688728,False
2013-07-27,A,rail,461775,False
2013-07-28,U,rail,371125,False
2013-07-29,W,rail,693570,False
2013-07-30,W,rail,713697,False
2013-07-31,W,rail,707557,False
2013-08-01,W,rail,753887,False
2013-08-02,W,rail,795020,True
2013-08-03,A,rail,574621,False
2013-08-04,U,rail,462380,False
2013-08-05,W,rail,688747,False
2013-08-06,W,rail,698763,False
2013-08-07,W,rail,694946,False
2013-08-08,W,rail,702001,False
2013-08-09,W,rail,711160,False
2013-08-10,A,rail,493210,False
2013-08-11,U,rail,365118,False
2013-08-12,W,rail,684985,False
2013-08-13,W,rail,712564,False
2013-08-14,W,rail,717664,False
2013-08-15,W,rail,705604,False
2013-08-16,W,rail,730276,False
2013-08-17,A,rail,506124,False
2013-08-18,U,rail,384202,False
2013-08-19,W,rail,671949,False
2013-08-20,W,rail,699558,False
2013-08-21,W,rail,704103,False
2013-08-22,W,rail,697777,False
2013-08-23,W,rail,715975,False
2013-08-24,A,rail,465546,False
2013-08-25,U,rail,353352,False
2013-08-26,W,rail,696403,False
2013-08-27,W,rail,721814,False
2013-08-28,W,rail,732138,False
2013-08-29,W,rail,759088,False
2013-08-30,W,rail,740853,False
2013-08-31,A,rail,462487,False
2013-09-01,U,rail,423770,False
2013-09-02,U,rail,344582,False
2013-09-03,W,rail,761455,False
2013-09-04,W,rail,769975,False
2013-09-05,W,rail,763277,False
2013-09-06,W,rail,786864,False
2013-09-07,A,rail,510149,False
2013-09-08,U,rail,371781,False
2013-09-09,W,rail,752305,False
2013-09-10,W,rail,762582,False
2013-09-11,W,rail,783710,False
2013-09-12,W,rail,812163,False
2013-09-13,W,rail,803298,False
2013-09-14,A,rail,504797,False
2013-09-15,U,rail,345621,False
2013-09-16,W,rail,776155,False
2013-09-17,W,rail,788413,False
2013-09-18,W,rail,783471,False
2013-09-19,W,rail,791208,False
2013-09-20,W,rail,800104,False
2013-09-21,A,rail,526128,False
2013-09-22,U,rail,368372,False
2013-09-23,W,rail,780751,False
2013-09-24,W,rail,805859,False
2013-09-25,W,rail,810826,False
2013-09-26,W,rail,813509,False
2013-09-27,W,rail,797916,False
2013-09-28,A,rail,506929,False
2013-09-29,U,rail,360040,False
2013-09-30,W,rail,765034,False
2013-10-01,W,rail,760127,False
2013-10-02,W,rail,771294,False
2013-10-03,W,rail,776149,False
2013-10-04,W,rail,763663,False
2013-10-05,A,rail,457086,False
2013-10-06,U,rail,350969,False
2013-10-07,W,rail,748714,False
2013-10-08,W,rail,762764,False
2013-10-09,W,rail,774550,False
2013-10-10,W,rail,803786,False
2013-10-11,W,rail,792305,False
2013-10-12,A,rail,497092,False
2013-10-13,U,rail,528335,True
2013-10-14,W,rail,678287,True
2013-10-15,W,rail,764848,False
2013-10-16,W,rail,779074,False
2013-10-17,W,rail,789200,False
2013-10-18,W,rail,784891,False
2013-10-19,A,rail,498671,False
2013-10-20,U,rail,367355,False
2013-10-21,W,rail,778456,False
2013-10-22,W,rail,785501,False
2013-10-23,W,rail,797121,False
2013-10-24,W,rail,810665,False
2013-10-25,W,rail,797551,False
2013-10-26,A,rail,492032,False
2013-10-27,U,rail,346467,False
2013-10-28,W,rail,768974,False
2013-10-29,W,rail,790974,False
2013-10-30,W,rail,791183,False
2013-10-31,W,rail,786574,False
2013-11-01,W,rail,783970,False
2013-11-02,A,rail,483120,False
2013-11-03,U,rail,384737,False
2013-11-04,W,rail,788454,False
2013-11-05,W,rail,795511,False
2013-11-06,W,rail,792044,False
2013-11-07,W,rail,812279,False
2013-11-08,W,rail,808267,False
2013-11-09,A,rail,507077,False
2013-11-10,U,rail,370923,False
2013-11-11,W,rail,671720,True
2013-11-12,W,rail,770609,False
2013-11-13,W,rail,783483,False
2013-11-14,W,rail,806089,False
2013-11-15,W,rail,803561,False
2013-11-16,A,rail,489767,False
2013-11-17,U,rail,316525,False
2013-11-18,W,rail,775101,False
2013-11-19,W,rail,790434,False
2013-11-20,W,rail,788003,False
2013-11-21,W,rail,799283,False
2013-11-22,W,rail,797556,False
2013-11-23,A,rail,513370,False
2013-11-24,U,rail,311868,False
2013-11-25,W,rail,742488,False
2013-11-26,W,rail,768042,False
2013-11-27,W,rail,655899,True
2013-11-28,U,rail,238112,True
2013-11-29,W,rail,448939,True
2013-11-30,A,rail,419067,False
2013-12-01,U,rail,311377,False
2013-12-02,W,rail,745892,False
2013-12-03,W,rail,772345,False
2013-12-04,W,rail,778031,False
2013-12-05,W,rail,782864,False
2013-12-06,W,rail,766511,False
2013-12-07,A,rail,455354,False
2013-12-08,U,rail,322820,False
2013-12-09,W,rail,745781,False
2013-12-10,W,rail,726111,False
2013-12-11,W,rail,736512,False
2013-12-12,W,rail,722404,False
2013-12-13,W,rail,760860,False
2013-12-14,A,rail,473775,False
2013-12-15,U,rail,317666,False
2013-12-16,W,rail,697993,False
2013-12-17,W,rail,716650,False
2013-12-18,W,rail,719652,False
2013-12-19,W,rail,715173,False
2013-12-20,W,rail,706214,False
2013-12-21,A,rail,421443,False
2013-12-22,U,rail,310920,False
2013-12-23,W,rail,545145,False
2013-12-24,W,rail,341784,True
2013-12-25,U,rail,144912,True
2013-12-26,W,rail,438202,False
2013-12-27,W,rail,531774,False
2013-12-28,A,rail,405004,False
2013-12-29,U,rail,292169,False
2013-12-30,W,rail,537971,False
2013-12-31,W,rail,565346,False
2014-01-01,U,rail,303441,False
2014-01-02,W,rail,569395,False
2014-01-03,W,rail,598290,False
2014-01-04,A,rail,361203,False
2014-01-05,U,rail,237067,True
2014-01-06,W,rail,269542,True
2014-01-07,W,rail,468681,False
2014-01-08,W,rail,687473,False
2014-01-09,W,rail,727384,False
2014-01-10,W,rail,725812,False
2014-01-11,A,rail,424639,False
2014-01-12,U,rail,312663,False
2014-01-13,W,rail,762345,False
2014-01-14,W,rail,761893,False
2014-01-15,W,rail,761924,False
2014-01-16,W,rail,765910,False
2014-01-17,W,rail,743024,False
2014-01-18,A,rail,418986,False
2014-01-19,U,rail,316288,False
2014-01-20,W,rail,502485,True
2014-01-21,W,rail,734096,False
2014-01-22,W,rail,737074,False
2014-01-23,W,rail,715759,False
2014-01-24,W,rail,680260,False
2014-01-25,A,rail,396641,False
2014-01-26,U,rail,280648,False
2014-01-27,W,rail,472484,True
2014-01-28,W,rail,485867,True
2014-01-29,W,rail,733780,False
2014-01-30,W,rail,751471,False
2014-01-31,W,rail,754479,False
2014-02-01,A,rail,405961,False
2014-02-02,U,rail,299870,False
2014-02-03,W,rail,729128,False
2014-02-04,W,rail,759960,False
2014-02-05,W,rail,753984,False
2014-02-06,W,rail,753787,False
2014-02-07,W,rail,724771,False
2014-02-08,A,rail,416614,False
2014-02-09,U,rail,301471,False
2014-02-10,W,rail,716772,False
2014-02-11,W,rail,743715,False
2014-02-12,W,rail,713255,False
2014-02-13,W,rail,784280,False
2014-02-14,W,rail,778342,False
2014-02-15,A,rail,448648,False
2014-02-16,U,rail,324457,False
2014-02-17,W,rail,594339,True
2014-02-18,W,rail,777183,False
2014-02-19,W,rail,783745,False
2014-02-20,W,rail,759455,False
2014-02-21,W,rail,766802,False
2014-02-22,A,rail,452998,False
2014-02-23,U,rail,315317,False
2014-02-24,W,rail,739926,False
2014-02-25,W,rail,752744,False
2014-02-26,W,rail,728685,False
2014-02-27,W,rail,728137,False
2014-02-28,W,rail,745915,False
2014-03-01,A,rail,448218,False
2014-03-02,U,rail,304402,False
2014-03-03,W,rail,709629,False
2014-03-04,W,rail,761357,False
2014-03-05,W,rail,769178,False
2014-03-06,W,rail,775465,False
2014-03-07,W,rail,769821,False
2014-03-08,A,rail,447401,False
2014-03-09,U,rail,328025,False
2014-03-10,W,rail,767043,False
2014-03-11,W,rail,772592,False
2014-03-12,W,rail,746895,False
2014-03-13,W,rail,785327,False
2014-03-14,W,rail,819256,False
2014-03-15,A,rail,674922,True
2014-03-16,U,rail,349484,False
2014-03-17,W,rail,763579,False
2014-03-18,W,rail,782899,False
2014-03-19,W,rail,767680,False
2014-03-20,W,rail,786292,False
2014-03-21,W,rail,779226,False
2014-03-22,A,rail,452237,False
2014-03-23,U,rail,315092,False
2014-03-24,W,rail,706637,False
2014-03-25,W,rail,719323,False
2014-03-26,W,rail,734053,False
2014-03-27,W,rail,725889,False
2014-03-28,W,rail,732211,False
2014-03-29,A,rail,438766,False
2014-03-30,U,rail,379220,False
2014-03-31,W,rail,762112,False
2014-04-01,W,rail,772459,False
2014-04-02,W,rail,784201,False
2014-04-03,W,rail,765726,False
2014-04-04,W,rail,806643,False
2014-04-05,A,rail,531509,False
2014-04-06,U,rail,373726,False
2014-04-07,W,rail,753038,False
2014-04-08,W,rail,773383,False
2014-04-09,W,rail,805182,False
2014-04-10,W,rail,806042,False
2014-04-11,W,rail,803062,False
2014-04-12,A,rail,524370,False
2014-04-13,U,rail,330841,False
2014-04-14,W,rail,697727,False
2014-04-15,W,rail,734464,False
2014-04-16,W,rail,757767,False
2014-04-17,W,rail,770728,False
2014-04-18,W,rail,712086,False
2014-04-19,A,rail,476147,False
2014-04-20,U,rail,333380,False
2014-04-21,W,rail,741631,False
2014-04-22,W,rail,794547,False
2014-04-23,W,rail,793484,False
2014-04-24,W,rail,794395,False
2014-04-25,W,rail,797851,False
2014-04-26,A,rail,499576,False
2014-04-27,U,rail,344503,False
2014-04-28,W,rail,735132,False
2014-04-29,W,rail,770461,False
2014-04-30,W,rail,772097,False
2014-05-01,W,rail,788162,False
2014-05-02,W,rail,794448,False
2014-05-03,A,rail,511129,False
2014-05-04,U,rail,356412,False
2014-05-05,W,rail,769476,False
2014-05-06,W,rail,784430,False
2014-05-07,W,rail,773634,False
2014-05-08,W,rail,794388,False
2014-05-09,W,rail,762641,False
2014-05-10,A,rail,468058,False
2014-05-11,U,rail,321063,False
2014-05-12,W,rail,711215,False
2014-05-13,W,rail,735362,False
2014-05-14,W,rail,749500,False
2014-05-15,W,rail,751405,False
2014-05-16,W,rail,764035,False
2014-05-17,A,rail,492704,False
2014-05-18,U,rail,382342,False
2014-05-19,W,rail,732346,False
2014-05-20,W,rail,781529,False
2014-05-21,W,rail,790957,False
2014-05-22,W,rail,788319,False
2014-05-23,W,rail,763127,False
2014-05-24,A,rail,490635,False
2014-05-25,U,rail,403930,False
2014-05-26,U,rail,345231,False
2014-05-27,W,rail,728464,False
2014-05-28,W,rail,751880,False
2014-05-29,W,rail,762505,False
2014-05-30,W,rail,782522,False
2014-05-31,A,rail,507919,False
2014-06-01,U,rail,376894,False
2014-06-02,W,rail,726524,False
2014-06-03,W,rail,812230,False
2014-06-04,W,rail,762035,False
2014-06-05,W,rail,797899,False
2014-06-06,W,rail,796373,False
2014-06-07,A,rail,524812,False
2014-06-08,U,rail,393358,False
2014-06-09,W,rail,750337,False
2014-06-10,W,rail,748307,False
2014-06-11,W,rail,761366,False
2014-06-12,W,rail,779426,False
2014-06-13,W,rail,810893,False
2014-06-14,A,rail,556285,False
2014-06-15,U,rail,388603,False
2014-06-16,W,rail,729177,False
2014-06-17,W,rail,738327,False
2014-06-18,W,rail,717546,False
2014-06-19,W,rail,742211,False
2014-06-20,W,rail,775063,False
2014-06-21,A,rail,503304,False
2014-06-22,U,rail,427533,False
2014-06-23,W,rail,726655,False
2014-06-24,W,rail,755376,False
2014-06-25,W,rail,761775,False
2014-06-26,W,rail,779277,False
2014-06-27,W,rail,793688,False
2014-06-28,A,rail,524253,False
2014-06-29,U,rail,534327,False
2014-06-30,W,rail,697417,False
2014-07-01,W,rail,753101,False
2014-07-02,W,rail,725327,False
2014-07-03,W,rail,727253,False
2014-07-04,U,rail,473842,False
2014-07-05,A,rail,439422,False
2014-07-06,U,rail,354469,False
2014-07-07,W,rail,704301,False
2014-07-08,W,rail,725372,False
2014-07-09,W,rail,763164,False
2014-07-10,W,rail,782968,False
2014-07-11,W,rail,817078,False
2014-07-12,A,rail,471216,False
2014-07-13,U,rail,429753,False
2014-07-14,W,rail,716634,False
2014-07-15,W,rail,739993,False
2014-07-16,W,rail,752925,False
2014-07-17,W,rail,762599,False
2014-07-18,W,rail,819331,False
2014-07-19,A,rail,559893,False
2014-07-20,U,rail,431674,False
2014-07-21,W,rail,740142,False
2014-07-22,W,rail,765642,False
2014-07-23,W,rail,777929,False
2014-07-24,W,rail,790076,False
2014-07-25,W,rail,793426,False
2014-07-26,A,rail,540197,False
2014-07-27,U,rail,403719,False
2014-07-28,W,rail,730188,False
2014-07-29,W,rail,746646,False
2014-07-30,W,rail,760415,False
2014-07-31,W,rail,785640,False
2014-08-01,W,rail,824658,False
2014-08-02,A,rail,571486,False
2014-08-03,U,rail,441136,False
2014-08-04,W,rail,716949,False
2014-08-05,W,rail,737875,False
2014-08-06,W,rail,741608,False
2014-08-07,W,rail,745930,False
2014-08-08,W,rail,787177,False
2014-08-09,A,rail,552265,False
2014-08-10,U,rail,405792,False
2014-08-11,W,rail,718836,False
2014-08-12,W,rail,719699,False
2014-08-13,W,rail,745654,False
2014-08-14,W,rail,770920,False
2014-08-15,W,rail,749693,False
2014-08-16,A,rail,501095,False
2014-08-17,U,rail,382210,False
2014-08-18,W,rail,708188,False
2014-08-19,W,rail,727891,False
2014-08-20,W,rail,758067,False
2014-08-21,W,rail,739451,False
2014-08-22,W,rail,762365,False
2014-08-23,A,rail,459047,False
2014-08-24,U,rail,387171,False
2014-08-25,W,rail,712661,True
2014-08-26,W,rail,757206,False
2014-08-27,W,rail,768933,False
2014-08-28,W,rail,773821,False
2014-08-29,W,rail,781881,False
2014-08-30,A,rail,520855,False
2014-08-31,U,rail,448668,False
2014-09-01,U,rail,366912,False
2014-09-02,W,rail,773307,False
2014-09-03,W,rail,813174,False
2014-09-04,W,rail,794090,False
2014-09-05,W,rail,801886,False
2014-09-06,A,rail,534590,False
2014-09-07,U,rail,395246,False
2014-09-08,W,rail,786501,False
2014-09-09,W,rail,800307,False
2014-09-10,W,rail,788458,False
2014-09-11,W,rail,833378,False
2014-09-12,W,rail,817716,False
2014-09-13,A,rail,525886,False
2014-09-14,U,rail,386903,False
2014-09-15,W,rail,804175,False
2014-09-16,W,rail,827582,False
2014-09-17,W,rail,832609,False
2014-09-18,W,rail,848591,False
2014-09-19,W,rail,854602,False
2014-09-20,A,rail,511922,False
2014-09-21,U,rail,387673,False
2014-09-22,W,rail,819134,False
2014-09-23,W,rail,826655,False
2014-09-24,W,rail,833600,False
2014-09-25,W,rail,824454,False
2014-09-26,W,rail,814285,False
2014-09-27,A,rail,515308,False
2014-09-28,U,rail,386129,False
2014-09-29,W,rail,793644,False
2014-09-30,W,rail,805360,False
2014-10-01,W,rail,825205,False
2014-10-02,W,rail,820764,False
2014-10-03,W,rail,811571,False
2014-10-04,A,rail,482714,False
2014-10-05,U,rail,353400,False
2014-10-06,W,rail,798793,False
2014-10-07,W,rail,814006,False
2014-10-08,W,rail,822875,False
2014-10-09,W,rail,838925,False
2014-10-10,W,rail,839036,False
2014-10-11,A,rail,527418,False
2014-10-12,U,rail,549571,True
2014-10-13,W,rail,714675,True
2014-10-14,W,rail,814971,False
2014-10-15,W,rail,826620,False
2014-10-16,W,rail,848014,False
2014-10-17,W,rail,844701,False
2014-10-18,A,rail,525540,False
2014-10-19,U,rail,393552,False
2014-10-20,W,rail,801698,False
2014-10-21,W,rail,814300,False
2014-10-22,W,rail,818395,False
2014-10-23,W,rail,829088,False
2014-10-24,W,rail,815235,False
2014-10-25,A,rail,500235,False
2014-10-26,U,rail,362143,False
2014-10-27,W,rail,792398,False
2014-10-28,W,rail,812867,False
2014-10-29,W,rail,813686,False
2014-10-30,W,rail,830872,False
2014-10-31,W,rail,800198,False
2014-11-01,A,rail,491328,False
2014-11-02,U,rail,383910,False
2014-11-03,W,rail,805002,False
2014-11-04,W,rail,805374,False
2014-11-05,W,rail,827900,False
2014-11-06,W,rail,821892,False
2014-11-07,W,rail,802400,False
2014-11-08,A,rail,492608,False
2014-11-09,U,rail,379597,False
2014-11-10,W,rail,786491,False
2014-11-11,W,rail,698289,True
2014-11-12,W,rail,797730,False
2014-11-13,W,rail,789154,False
2014-11-14,W,rail,794103,False
2014-11-15,A,rail,458706,False
2014-11-16,U,rail,331794,False
2014-11-17,W,rail,758113,False
2014-11-18,W,rail,755916,False
2014-11-19,W,rail,774198,False
2014-11-20,W,rail,786919,False
2014-11-21,W,rail,787291,False
2014-11-22,A,rail,525065,False
2014-11-23,U,rail,340202,False
2014-11-24,W,rail,746052,False
2014-11-25,W,rail,780322,False
2014-11-26,W,rail,652762,False
2014-11-27,U,rail,233318,False
2014-11-28,W,rail,424837,True
2014-11-29,A,rail,417770,False
2014-11-30,U,rail,311435,False
2014-12-01,W,rail,743704,False
2014-12-02,W,rail,766316,False
2014-12-03,W,rail,782753,False
2014-12-04,W,rail,804113,False
2014-12-05,W,rail,800885,False
2014-12-06,A,rail,490865,False
2014-12-07,U,rail,334688,False
2014-12-08,W,rail,734002,False
2014-12-09,W,rail,758780,False
2014-12-10,W,rail,763277,False
2014-12-11,W,rail,774798,False
2014-12-12,W,rail,773048,False
2014-12-13,A,rail,498945,False
2014-12-14,U,rail,357042,False
2014-12-15,W,rail,725989,False
2014-12-16,W,rail,729798,False
2014-12-17,W,rail,720814,False
2014-12-18,W,rail,722656,False
2014-12-19,W,rail,716221,False
2014-12-20,A,rail,436322,False
2014-12-21,U,rail,332367,False
2014-12-22,W,rail,619508,False
2014-12-23,W,rail,617728,False
2014-12-24,W,rail,388742,True
2014-12-25,U,rail,159831,True
2014-12-26,W,rail,422543,False
2014-12-27,A,rail,337243,False
2014-12-28,U,rail,283343,False
2014-12-29,W,rail,559416,False
2014-12-30,W,rail,567099,False
2014-12-31,W,rail,642981,False
2015-01-01,U,rail,287754,False
2015-01-02,W,rail,527583,False
2015-01-03,A,rail,340135,False
2015-01-04,U,rail,267676,False
2015-01-05,W,rail,657877,False
2015-01-06,W,rail,679913,False
2015-01-07,W,rail,509075,False
2015-01-08,W,rail,579994,False
2015-01-09,W,rail,639901,False
2015-01-10,A,rail,352140,False
2015-01-11,U,rail,279494,False
2015-01-12,W,rail,738697,False
2015-01-13,W,rail,743774,False
2015-01-14,W,rail,742410,False
2015-01-15,W,rail,760336,False
2015-01-16,W,rail,748177,False
2015-01-17,A,rail,417756,False
2015-01-18,U,rail,300710,False
2015-01-19,W,rail,502376,True
2015-01-20,W,rail,754946,False
2015-01-21,W,rail,756860,False
2015-01-22,W,rail,761705,False
2015-01-23,W,rail,747376,False
2015-01-24,A,rail,415123,False
2015-01-25,U,rail,279154,False
2015-01-26,W,rail,738965,False
2015-01-27,W,rail,764457,False
2015-01-28,W,rail,763680,False
2015-01-29,W,rail,760217,False
2015-01-30,W,rail,754968,False
2015-01-31,A,rail,419577,False
2015-02-01,U,rail,270615,False
2015-02-02,W,rail,563770,True
2015-02-03,W,rail,806148,False
2015-02-04,W,rail,791399,False
2015-02-05,W,rail,780378,False
2015-02-06,W,rail,768091,False
2015-02-07,A,rail,439214,False
2015-02-08,U,rail,298701,False
2015-02-09,W,rail,750136,False
2015-02-10,W,rail,772727,False
2015-02-11,W,rail,770885,False
2015-02-12,W,rail,729249,False
2015-02-13,W,rail,740559,False
2015-02-14,A,rail,380652,False
2015-02-15,U,rail,276160,False
2015-02-16,W,rail,547767,True
2015-02-17,W,rail,745575,False
2015-02-18,W,rail,707746,False
2015-02-19,W,rail,575180,True
2015-02-20,W,rail,697600,False
2015-02-21,A,rail,410400,False
2015-02-22,U,rail,299663,False
2015-02-23,W,rail,700742,False
2015-02-24,W,rail,728674,False
2015-02-25,W,rail,752497,False
2015-02-26,W,rail,755359,False
2015-02-27,W,rail,736663,False
2015-02-28,A,rail,405241,False
2015-03-01,U,rail,293964,False
2015-03-02,W,rail,715945,False
2015-03-03,W,rail,735951,False
2015-03-04,W,rail,750369,False
2015-03-05,W,rail,744229,False
2015-03-06,W,rail,732902,False
2015-03-07,A,rail,427330,False
2015-03-08,U,rail,309962,False
2015-03-09,W,rail,752995,False
2015-03-10,W,rail,767551,False
2015-03-11,W,rail,778171,False
2015-03-12,W,rail,790210,False
2015-03-13,W,rail,801547,True
2015-03-14,A,rail,673707,True
2015-03-15,U,rail,362045,True
2015-03-16,W,rail,768218,False
2015-03-17,W,rail,770081,False
2015-03-18,W,rail,771625,False
2015-03-19,W,rail,771127,False
2015-03-20,W,rail,760906,False
2015-03-21,A,rail,447493,False
2015-03-22,U,rail,306283,False
2015-03-23,W,rail,693264,True
2015-03-24,W,rail,727888,False
2015-03-25,W,rail,734311,False
2015-03-26,W,rail,736687,False
2015-03-27,W,rail,726738,False
2015-03-28,A,rail,429689,False
2015-03-29,U,rail,325865,False
2015-03-30,W,rail,736692,False
2015-03-31,W,rail,753405,False
2015-04-01,W,rail,784085,False
2015-04-02,W,rail,761806,False
2015-04-03,W,rail,681130,False
2015-04-04,A,rail,427101,False
2015-04-05,U,rail,327292,False
2015-04-06,W,rail,711923,False
2015-04-07,W,rail,727328,False
2015-04-08,W,rail,750275,False
2015-04-09,W,rail,711033,False
2015-04-10,W,rail,757159,False
2015-04-11,A,rail,469045,False
2015-04-12,U,rail,332334,False
2015-04-13,W,rail,767492,False
2015-04-14,W,rail,796083,False
2015-04-15,W,rail,796244,False
2015-04-16,W,rail,791213,False
2015-04-17,W,rail,818272,False
2015-04-18,A,rail,503902,False
2015-04-19,U,rail,338222,False
2015-04-20,W,rail,762726,False
2015-04-21,W,rail,779658,False
2015-04-22,W,rail,780432,False
2015-04-23,W,rail,799888,False
2015-04-24,W,rail,782626,False
2015-04-25,A,rail,435893,False
2015-04-26,U,rail,352658,False
2015-04-27,W,rail,769888,False
2015-04-28,W,rail,789018,False
2015-04-29,W,rail,793551,False
2015-04-30,W,rail,817167,False
2015-05-01,W,rail,835711,False
2015-05-02,A,rail,548837,False
2015-05-03,U,rail,379014,False
2015-05-04,W,rail,756442,False
2015-05-05,W,rail,769751,False
2015-05-06,W,rail,789988,False
2015-05-07,W,rail,810302,False
2015-05-08,W,rail,780602,False
2015-05-09,A,rail,455436,False
2015-05-10,U,rail,315215,False
2015-05-11,W,rail,743353,False
2015-05-12,W,rail,770185,False
2015-05-13,W,rail,784501,False
2015-05-14,W,rail,795093,False
2015-05-15,W,rail,804671,False
2015-05-16,A,rail,493377,False
2015-05-17,U,rail,373832,False
2015-05-18,W,rail,761991,False
2015-05-19,W,rail,759919,False
2015-05-20,W,rail,760399,False
2015-05-21,W,rail,784762,False
2015-05-22,W,rail,760362,False
2015-05-23,A,rail,501879,False
2015-05-24,U,rail,366008,False
2015-05-25,U,rail,357227,False
2015-05-26,W,rail,743291,False
2015-05-27,W,rail,783749,False
2015-05-28,W,rail,787104,False
2015-05-29,W,rail,800510,False
2015-05-30,A,rail,428464,False
2015-05-31,U,rail,351159,False
2015-06-01,W,rail,757975,False
2015-06-02,W,rail,779073,False
2015-06-03,W,rail,794693,False
2015-06-04,W,rail,797464,False
2015-06-05,W,rail,784462,False
2015-06-06,A,rail,511352,False
2015-06-07,U,rail,337748,False
2015-06-08,W,rail,759176,False
2015-06-09,W,rail,792806,False
2015-06-10,W,rail,801607,False
2015-06-11,W,rail,811432,False
2015-06-12,W,rail,812194,False
2015-06-13,A,rail,566965,False
2015-06-14,U,rail,407107,False
2015-06-15,W,rail,774439,False
2015-06-16,W,rail,818185,False
2015-06-17,W,rail,775968,False
2015-06-18,W,rail,914768,True
2015-06-19,W,rail,813552,False
2015-06-20,A,rail,500734,False
2015-06-21,U,rail,390557,False
2015-06-22,W,rail,731448,False
2015-06-23,W,rail,794064,False
2015-06-24,W,rail,787858,False
2015-06-25,W,rail,791423,False
2015-06-26,W,rail,748661,False
2015-06-27,A,rail,509237,False
2015-06-28,U,rail,577866,True
2015-06-29,W,rail,730941,False
2015-06-30,W,rail,751277,False
2015-07-01,W,rail,762718,False
2015-07-02,W,rail,773838,False
2015-07-03,U,rail,612736,True
2015-07-04,A,rail,545727,False
2015-07-05,U,rail,435680,False
2015-07-06,W,rail,770918,False
2015-07-07,W,rail,794300,False
2015-07-08,W,rail,813381,False
2015-07-09,W,rail,834100,False
2015-07-10,W,rail,851630,False
2015-07-11,A,rail,560642,False
2015-07-12,U,rail,468153,False
2015-07-13,W,rail,727235,False
2015-07-14,W,rail,760527,False
2015-07-15,W,rail,775047,False
2015-07-16,W,rail,762144,False
2015-07-17,W,rail,809549,False
2015-07-18,A,rail,515769,False
2015-07-19,U,rail,443655,False
2015-07-20,W,rail,749387,False
2015-07-21,W,rail,782194,False
2015-07-22,W,rail,785763,False
2015-07-23,W,rail,783822,False
2015-07-24,W,rail,818410,False
2015-07-25,A,rail,539665,False
2015-07-26,U,rail,402975,False
2015-07-27,W,rail,760311,False
2015-07-28,W,rail,782394,False
2015-07-29,W,rail,820373,False
2015-07-30,W,rail,811903,False
2015-07-31,W,rail,871817,False
2015-08-01,A,rail,587633,False
2015-08-02,U,rail,469421,False
2015-08-03,W,rail,751771,False
2015-08-04,W,rail,762573,False
2015-08-05,W,rail,765442,False
2015-08-06,W,rail,795399,False
2015-08-07,W,rail,798253,False
2015-08-08,A,rail,534305,False
2015-08-09,U,rail,384961,False
2015-08-10,W,rail,716242,False
2015-08-11,W,rail,770361,False
2015-08-12,W,rail,772367,False
2015-08-13,W,rail,790163,False
2015-08-14,W,rail,760558,False
2015-08-15,A,rail,517393,False
2015-08-16,U,rail,420453,False
2015-08-17,W,rail,708821,False
2015-08-18,W,rail,745246,False
2015-08-19,W,rail,768950,False
2015-08-20,W,rail,778440,False
2015-08-21,W,rail,785707,False
2015-08-22,A,rail,519930,False
2015-08-23,U,rail,393966,False
2015-08-24,W,rail,774207,False
2015-08-25,W,rail,768794,False
2015-08-26,W,rail,774429,False
2015-08-27,W,rail,803728,False
2015-08-28,W,rail,770482,False
2015-08-29,A,rail,468675,False
2015-08-30,U,rail,371923,False
2015-08-31,W,rail,771622,False
2015-09-01,W,rail,799606,False
2015-09-02,W,rail,792561,False
2015-09-03,W,rail,800062,False
2015-09-04,W,rail,802219,False
2015-09-05,A,rail,528694,False
2015-09-06,U,rail,452445,False
2015-09-07,U,rail,362421,False
2015-09-08,W,rail,756110,False
2015-09-09,W,rail,821823,False
2015-09-10,W,rail,823661,False
2015-09-11,W,rail,872323,False
2015-09-12,A,rail,530282,False
2015-09-13,U,rail,417183,False
2015-09-14,W,rail,803746,False
2015-09-15,W,rail,853826,False
2015-09-16,W,rail,840594,False
2015-09-17,W,rail,851514,False
2015-09-18,W,rail,853094,False
2015-09-19,A,rail,557919,False
2015-09-20,U,rail,428858,False
2015-09-21,W,rail,837061,False
2015-09-22,W,rail,842632,False
2015-09-23,W,rail,838495,False
2015-09-24,W,rail,835403,False
2015-09-25,W,rail,863209,False
2015-09-26,A,rail,565634,False
2015-09-27,U,rail,406802,False
2015-09-28,W,rail,829791,False
2015-09-29,W,rail,822855,False
2015-09-30,W,rail,835001,False
2015-10-01,W,rail,848050,False
2015-10-02,W,rail,837159,False
2015-10-03,A,rail,488574,False
2015-10-04,U,rail,371950,False
2015-10-05,W,rail,805091,False
2015-10-06,W,rail,831137,False
2015-10-07,W,rail,854361,False
2015-10-08,W,rail,851423,False
2015-10-09,W,rail,854606,False
2015-10-10,A,rail,541173,False
2015-10-11,U,rail,558033,True
2015-10-12,W,rail,776968,True
2015-10-13,W,rail,873747,False
2015-10-14,W,rail,845066,False
2015-10-15,W,rail,860809,False
2015-10-16,W,rail,855252,False
2015-10-17,A,rail,546096,False
2015-10-18,U,rail,392712,False
2015-10-19,W,rail,819286,False
2015-10-20,W,rail,875792,False
2015-10-21,W,rail,882188,False
2015-10-22,W,rail,852957,False
2015-10-23,W,rail,828812,False
2015-10-24,A,rail,492083,False
2015-10-25,U,rail,368100,False
2015-10-26,W,rail,805144,False
2015-10-27,W,rail,824772,False
2015-10-28,W,rail,826173,False
2015-10-29,W,rail,837868,False
2015-10-30,W,rail,840246,False
2015-10-31,A,rail,418362,False
2015-11-01,U,rail,378873,False
2015-11-02,W,rail,817657,False
2015-11-03,W,rail,830460,False
2015-11-04,W,rail,842035,False
2015-11-05,W,rail,851684,False
2015-11-06,W,rail,832872,False
2015-11-07,A,rail,496404,False
2015-11-08,U,rail,379185,False
2015-11-09,W,rail,811177,False
2015-11-10,W,rail,832141,False
2015-11-11,W,rail,738828,True
2015-11-12,W,rail,820988,False
2015-11-13,W,rail,804273,False
2015-11-14,A,rail,475091,False
2015-11-15,U,rail,352488,False
2015-11-16,W,rail,797597,False
2015-11-17,W,rail,801291,False
2015-11-18,W,rail,808901,False
2015-11-19,W,rail,811595,False
2015-11-20,W,rail,812590,False
2015-11-21,A,rail,469943,False
2015-11-22,U,rail,338408,False
2015-11-23,W,rail,781545,False
2015-11-24,W,rail,805812,False
2015-11-25,W,rail,667707,True
2015-11-26,U,rail,234285,True
2015-11-27,W,rail,410220,True
2015-11-28,A,rail,396926,False
2015-11-29,U,rail,312990,False
2015-11-30,W,rail,756626,False
2015-12-01,W,rail,794768,False
2015-12-02,W,rail,792020,False
2015-12-03,W,rail,807065,False
2015-12-04,W,rail,815301,False
2015-12-05,A,rail,501339,False
2015-12-06,U,rail,360066,False
2015-12-07,W,rail,758242,False
2015-12-08,W,rail,775695,False
2015-12-09,W,rail,789224,False
2015-12-10,W,rail,796080,False
2015-12-11,W,rail,801907,False
2015-12-12,A,rail,491199,False
2015-12-13,U,rail,344084,False
2015-12-14,W,rail,728299,False
2015-12-15,W,rail,755882,False
2015-12-16,W,rail,755292,False
2015-12-17,W,rail,752203,False
2015-12-18,W,rail,738908,False
2015-12-19,A,rail,423960,False
2015-12-20,U,rail,326681,False
2015-12-21,W,rail,644071,False
2015-12-22,W,rail,664559,False
2015-12-23,W,rail,571814,False
2015-12-24,W,rail,378784,False
2015-12-25,U,rail,162100,False
2015-12-26,A,rail,292832,True
2015-12-27,U,rail,272169,False
2015-12-28,W,rail,484349,False
2015-12-29,W,rail,571322,False
2015-12-30,W,rail,585337,False
2015-12-31,W,rail,565772,False
2016-01-01,U,rail,319835,False
2016-01-02,A,rail,365509,False
2016-01-03,U,rail,287661,False
2016-01-04,W,rail,703185,False
2016-01-05,W,rail,727716,False
2016-01-06,W,rail,733167,False
2016-01-07,W,rail,736809,False
2016-01-08,W,rail,732495,False
2016-01-09,A,rail,391597,False
2016-01-10,U,rail,263073,False
2016-01-11,W,rail,694734,False
2016-01-12,W,rail,705694,False
2016-01-13,W,rail,716663,False
2016-01-14,W,rail,758116,False
2016-01-15,W,rail,742622,False
2016-01-16,A,rail,404212,False
2016-01-17,U,rail,241160,False
2016-01-18,W,rail,405686,True
2016-01-19,W,rail,727458,False
2016-01-20,W,rail,758524,False
2016-01-21,W,rail,766262,False
2016-01-22,W,rail,745168,False
2016-01-23,A,rail,416999,False
2016-01-24,U,rail,293804,False
2016-01-25,W,rail,751104,False
2016-01-26,W,rail,764023,False
2016-01-27,W,rail,768241,False
2016-01-28,W,rail,771161,False
2016-01-29,W,rail,751090,False
2016-01-30,A,rail,427874,False
2016-01-31,U,rail,293056,False
2016-02-01,W,rail,759849,False
2016-02-02,W,rail,739247,False
2016-02-03,W,rail,772821,False
2016-02-04,W,rail,778227,False
2016-02-05,W,rail,731495,False
2016-02-06,A,rail,423602,False
2016-02-07,U,rail,301141,False
2016-02-08,W,rail,733387,False
2016-02-09,W,rail,752849,False
2016-02-10,W,rail,742445,False
2016-02-11,W,rail,752703,False
2016-02-12,W,rail,706242,False
2016-02-13,A,rail,392095,False
2016-02-14,U,rail,314191,False
2016-02-15,W,rail,548390,True
2016-02-16,W,rail,764147,False
2016-02-17,W,rail,766940,False
2016-02-18,W,rail,773317,False
2016-02-19,W,rail,761996,False
2016-02-20,A,rail,464149,False
2016-02-21,U,rail,311190,False
2016-02-22,W,rail,745072,False
2016-02-23,W,rail,765309,False
2016-02-24,W,rail,725712,False
2016-02-25,W,rail,762858,False
2016-02-26,W,rail,749991,False
2016-02-27,A,rail,455421,False
2016-02-28,U,rail,323758,False
2016-02-29,W,rail,742972,False
2016-03-01,W,rail,741922,False
2016-03-02,W,rail,760062,False
2016-03-03,W,rail,764033,False
2016-03-04,W,rail,754750,False
2016-03-05,A,rail,421193,False
2016-03-06,U,rail,327173,False
2016-03-07,W,rail,739174,False
2016-03-08,W,rail,781301,False
2016-03-09,W,rail,768961,False
2016-03-10,W,rail,780687,False
2016-03-11,W,rail,797977,False
2016-03-12,A,rail,605182,True
2016-03-13,U,rail,303129,False
2016-03-14,W,rail,766595,False
2016-03-15,W,rail,769441,False
2016-03-16,W,rail,779846,False
2016-03-17,W,rail,793590,False
2016-03-18,W,rail,765919,False
2016-03-19,A,rail,438020,False
2016-03-20,U,rail,318670,False
2016-03-21,W,rail,707127,False
2016-03-22,W,rail,727343,False
2016-03-23,W,rail,714672,False
2016-03-24,W,rail,689517,False
2016-03-25,W,rail,650870,False
2016-03-26,A,rail,415919,False
2016-03-27,U,rail,278098,False
2016-03-28,W,rail,731858,False
2016-03-29,W,rail,766072,False
2016-03-30,W,rail,750353,False
2016-03-31,W,rail,758014,False
2016-04-01,W,rail,767974,False
2016-04-02,A,rail,406616,False
2016-04-03,U,rail,345432,False
2016-04-04,W,rail,741710,False
2016-04-05,W,rail,774877,False
2016-04-06,W,rail,763128,False
2016-04-07,W,rail,786281,False
2016-04-08,W,rail,753786,False
2016-04-09,A,rail,446082,False
2016-04-10,U,rail,301954,False
2016-04-11,W,rail,789042,False
2016-04-12,W,rail,777658,False
2016-04-13,W,rail,796616,False
2016-04-14,W,rail,805071,False
2016-04-15,W,rail,806015,False
2016-04-16,A,rail,505299,False
2016-04-17,U,rail,376485,False
2016-04-18,W,rail,732335,False
2016-04-19,W,rail,741141,False
2016-04-20,W,rail,745040,False
2016-04-21,W,rail,754746,False
2016-04-22,W,rail,721051,False
2016-04-23,A,rail,445282,False
2016-04-24,U,rail,343644,False
2016-04-25,W,rail,751951,False
2016-04-26,W,rail,782134,False
2016-04-27,W,rail,782591,False
2016-04-28,W,rail,821158,False
2016-04-29,W,rail,815629,False
2016-04-30,A,rail,416588,False
2016-05-01,U,rail,334275,False
2016-05-02,W,rail,751259,False
2016-05-03,W,rail,769834,False
2016-05-04,W,rail,767760,False
2016-05-05,W,rail,818665,False
2016-05-06,W,rail,814758,False
2016-05-07,A,rail,484312,False
2016-05-08,U,rail,357946,False
2016-05-09,W,rail,736551,False
2016-05-10,W,rail,761469,False
2016-05-11,W,rail,804156,False
2016-05-12,W,rail,775198,False
2016-05-13,W,rail,787476,False
2016-05-14,A,rail,455838,False
2016-05-15,U,rail,360008,False
2016-05-16,W,rail,730287,False
2016-05-17,W,rail,748287,False
2016-05-18,W,rail,757395,False
2016-05-19,W,rail,772464,False
2016-05-20,W,rail,756160,False
2016-05-21,A,rail,460385,False
2016-05-22,U,rail,357897,False
2016-05-23,W,rail,748976,False
2016-05-24,W,rail,767439,False
2016-05-25,W,rail,754244,False
2016-05-26,W,rail,775073,False
2016-05-27,W,rail,757981,False
2016-05-28,A,rail,532343,False
2016-05-29,U,rail,430982,False
2016-05-30,U,rail,389143,False
2016-05-31,W,rail,753953,False
2016-06-01,W,rail,788650,False
2016-06-02,W,rail,815928,False
2016-06-03,W,rail,824890,False
2016-06-04,A,rail,462308,False
2016-06-05,U,rail,395977,False
2016-06-06,W,rail,762707,False
2016-06-07,W,rail,795251,False
2016-06-08,W,rail,791667,False
2016-06-09,W,rail,789678,False
2016-06-10,W,rail,853441,False
2016-06-11,A,rail,542809,False
2016-06-12,U,rail,414048,False
2016-06-13,W,rail,760210,False
2016-06-14,W,rail,778823,False
2016-06-15,W,rail,786422,False
2016-06-16,W,rail,777260,False
2016-06-17,W,rail,818467,False
2016-06-18,A,rail,520856,False
2016-06-19,U,rail,396078,False
2016-06-20,W,rail,762810,False
2016-06-21,W,rail,810149,False
2016-06-22,W,rail,755165,False
2016-06-23,W,rail,760840,False
2016-06-24,W,rail,781653,False
2016-06-25,A,rail,506223,False
2016-06-26,U,rail,453679,False
2016-06-27,W,rail,723488,False
2016-06-28,W,rail,748753,False
2016-06-29,W,rail,754918,False
2016-06-30,W,rail,783020,False
2016-07-01,W,rail,726939,False
2016-07-02,A,rail,448200,False
2016-07-03,U,rail,376896,False
2016-07-04,U,rail,410925,False
2016-07-05,W,rail,735491,False
2016-07-06,W,rail,788995,False
2016-07-07,W,rail,774128,False
2016-07-08,W,rail,790177,False
2016-07-09,A,rail,515738,False
2016-07-10,U,rail,397778,False
2016-07-11,W,rail,739158,False
2016-07-12,W,rail,749136,False
2016-07-13,W,rail,742502,False
2016-07-14,W,rail,775495,False
2016-07-15,W,rail,804635,False
2016-07-16,A,rail,528345,False
2016-07-17,U,rail,409174,False
2016-07-18,W,rail,768719,False
2016-07-19,W,rail,797424,False
2016-07-20,W,rail,794496,False
2016-07-21,W,rail,753156,False
2016-07-22,W,rail,747479,False
2016-07-23,A,rail,457178,False
2016-07-24,U,rail,346616,False
2016-07-25,W,rail,744827,False
2016-07-26,W,rail,777948,False
2016-07-27,W,rail,831925,False
2016-07-28,W,rail,867964,False
2016-07-29,W,rail,868062,False
2016-07-30,A,rail,576267,False
2016-07-31,U,rail,472314,False
2016-08-01,W,rail,779020,False
2016-08-02,W,rail,779493,False
2016-08-03,W,rail,785246,False
2016-08-04,W,rail,755236,False
2016-08-05,W,rail,747672,False
2016-08-06,A,rail,467180,False
2016-08-07,U,rail,355693,False
2016-08-08,W,rail,707087,False
2016-08-09,W,rail,769199,False
2016-08-10,W,rail,765854,False
2016-08-11,W,rail,775031,False
2016-08-12,W,rail,715035,False
2016-08-13,A,rail,488035,False
2016-08-14,U,rail,380801,False
2016-08-15,W,rail,688590,False
2016-08-16,W,rail,764267,False
2016-08-17,W,rail,747942,False
2016-08-18,W,rail,743427,False
2016-08-19,W,rail,718317,False
2016-08-20,A,rail,445798,False
2016-08-21,U,rail,396317,False
2016-08-22,W,rail,744165,False
2016-08-23,W,rail,744176,False
2016-08-24,W,rail,721826,False
2016-08-25,W,rail,737801,False
2016-08-26,W,rail,768053,False
2016-08-27,A,rail,451497,False
2016-08-28,U,rail,343853,False
2016-08-29,W,rail,750329,False
2016-08-30,W,rail,767220,False
2016-08-31,W,rail,779334,False
2016-09-01,W,rail,784336,False
2016-09-02,W,rail,777158,False
2016-09-03,A,rail,509314,False
2016-09-04,U,rail,421479,False
2016-09-05,U,rail,347259,False
2016-09-06,W,rail,760434,False
2016-09-07,W,rail,785121,False
2016-09-08,W,rail,797585,False
2016-09-09,W,rail,784678,False
2016-09-10,A,rail,465562,False
2016-09-11,U,rail,354732,False
2016-09-12,W,rail,784139,False
2016-09-13,W,rail,811807,False
2016-09-14,W,rail,812240,False
2016-09-15,W,rail,862105,True
2016-09-16,W,rail,843488,False
2016-09-17,A,rail,524421,False
2016-09-18,U,rail,402811,False
2016-09-19,W,rail,816014,False
2016-09-20,W,rail,826518,False
2016-09-21,W,rail,814264,False
2016-09-22,W,rail,814897,False
2016-09-23,W,rail,832417,False
2016-09-24,A,rail,529457,False
2016-09-25,U,rail,380403,False
2016-09-26,W,rail,787408,False
2016-09-27,W,rail,795780,False
2016-09-28,W,rail,787727,False
2016-09-29,W,rail,799130,False
2016-09-30,W,rail,787112,False
2016-10-01,A,rail,445272,False
2016-10-02,U,rail,351589,False
2016-10-03,W,rail,775906,False
2016-10-04,W,rail,799529,False
2016-10-05,W,rail,815309,False
2016-10-06,W,rail,817595,False
2016-10-07,W,rail,877814,False
2016-10-08,A,rail,546072,False
2016-10-09,U,rail,528189,False
2016-10-10,W,rail,708958,False
2016-10-11,W,rail,805839,False
2016-10-12,W,rail,785404,False
2016-10-13,W,rail,828891,False
2016-10-14,W,rail,818230,False
2016-10-15,A,rail,535567,False
2016-10-16,U,rail,403090,False
2016-10-17,W,rail,791317,False
2016-10-18,W,rail,810090,False
2016-10-19,W,rail,807016,False
2016-10-20,W,rail,812195,False
2016-10-21,W,rail,800137,False
2016-10-22,A,rail,566999,False
2016-10-23,U,rail,366503,False
2016-10-24,W,rail,779618,False
2016-10-25,W,rail,801123,False
2016-10-26,W,rail,782126,False
2016-10-27,W,rail,822190,False
2016-10-28,W,rail,918735,False
2016-10-29,A,rail,627116,False
2016-10-30,U,rail,446582,False
2016-10-31,W,rail,797545,False
2016-11-01,W,rail,815318,False
2016-11-02,W,rail,842885,False
2016-11-03,W,rail,891357,False
2016-11-04,W,rail,1146516,True
2016-11-05,A,rail,531687,False
2016-11-06,U,rail,380648,False
2016-11-07,W,rail,809878,False
2016-11-08,W,rail,791870,False
2016-11-09,W,rail,817596,False
2016-11-10,W,rail,807250,False
2016-11-11,W,rail,721083,False
2016-11-12,A,rail,474411,False
2016-11-13,U,rail,338339,False
2016-11-14,W,rail,775439,False
2016-11-15,W,rail,797235,False
2016-11-16,W,rail,801320,False
2016-11-17,W,rail,811240,False
2016-11-18,W,rail,792361,False
2016-11-19,A,rail,501156,False
2016-11-20,U,rail,315179,False
2016-11-21,W,rail,758214,False
2016-11-22,W,rail,756704,False
2016-11-23,W,rail,624827,True
2016-11-24,U,rail,219875,False
2016-11-25,W,rail,411245,True
2016-11-26,A,rail,383042,False
2016-11-27,U,rail,302029,False
2016-11-28,W,rail,720824,False
2016-11-29,W,rail,771348,False
2016-11-30,W,rail,768149,False
2016-12-01,W,rail,779287,False
2016-12-02,W,rail,780569,False
2016-12-03,A,rail,456762,False
2016-12-04,U,rail,312904,False
2016-12-05,W,rail,735184,False
2016-12-06,W,rail,745095,False
2016-12-07,W,rail,745626,False
2016-12-08,W,rail,724726,False
2016-12-09,W,rail,730968,False
2016-12-10,A,rail,424387,False
2016-12-11,U,rail,291688,False
2016-12-12,W,rail,702745,False
2016-12-13,W,rail,714038,False
2016-12-14,W,rail,688959,False
2016-12-15,W,rail,624213,False
2016-12-16,W,rail,690845,False
2016-12-17,A,rail,394366,False
2016-12-18,U,rail,253184,False
2016-12-19,W,rail,607020,False
2016-12-20,W,rail,668762,False
2016-12-21,W,rail,665402,False
2016-12-22,W,rail,635174,False
2016-12-23,W,rail,516584,False
2016-12-24,A,rail,253926,True
2016-12-25,U,rail,131542,True
2016-12-26,U,rail,292312,False
2016-12-27,W,rail,490822,False
2016-12-28,W,rail,537443,False
2016-12-29,W,rail,532909,False
2016-12-30,W,rail,524474,False
2016-12-31,A,rail,361268,False
2017-01-01,U,rail,292472,False
2017-01-02,U,rail,314798,False
2017-01-03,W,rail,650650,False
2017-01-04,W,rail,639970,False
2017-01-05,W,rail,629939,False
2017-01-06,W,rail,600277,False
2017-01-07,A,rail,319746,False
2017-01-08,U,rail,244060,False
2017-01-09,W,rail,692776,False
2017-01-10,W,rail,711194,False
2017-01-11,W,rail,714551,False
2017-01-12,W,rail,714212,False
2017-01-13,W,rail,698254,False
2017-01-14,A,rail,363554,False
2017-01-15,U,rail,280852,False
2017-01-16,W,rail,435039,True
2017-01-17,W,rail,737976,False
2017-01-18,W,rail,742180,False
2017-01-19,W,rail,743065,False
2017-01-20,W,rail,731616,False
2017-01-21,A,rail,582031,True
2017-01-22,U,rail,272268,False
2017-01-23,W,rail,724078,False
2017-01-24,W,rail,742724,False
2017-01-25,W,rail,743587,False
2017-01-26,W,rail,750472,False
2017-01-27,W,rail,715515,False
2017-01-28,A,rail,382131,False
2017-01-29,U,rail,274728,False
2017-01-30,W,rail,715290,False
2017-01-31,W,rail,741389,False
2017-02-01,W,rail,750500,False
2017-02-02,W,rail,736551,False
2017-02-03,W,rail,690415,False
2017-02-04,A,rail,370873,False
2017-02-05,U,rail,282731,False
2017-02-06,W,rail,713858,False
2017-02-07,W,rail,734586,False
2017-02-08,W,rail,737535,False
2017-02-09,W,rail,726872,False
2017-02-10,W,rail,720483,False
2017-02-11,A,rail,405211,False
2017-02-12,U,rail,296805,False
2017-02-13,W,rail,702129,False
2017-02-14,W,rail,752585,False
2017-02-15,W,rail,735910,False
2017-02-16,W,rail,738525,False
2017-02-17,W,rail,738941,False
2017-02-18,A,rail,447059,False
2017-02-19,U,rail,328391,False
2017-02-20,W,rail,557822,True
2017-02-21,W,rail,741773,False
2017-02-22,W,rail,758299,False
2017-02-23,W,rail,751257,False
2017-02-24,W,rail,723532,False
2017-02-25,A,rail,374595,False
2017-02-26,U,rail,287405,False
2017-02-27,W,rail,720932,False
2017-02-28,W,rail,730508,False
2017-03-01,W,rail,742729,False
2017-03-02,W,rail,741459,False
2017-03-03,W,rail,729461,False
2017-03-04,A,rail,401568,False
2017-03-05,U,rail,298189,False
2017-03-06,W,rail,703811,False
2017-03-07,W,rail,751315,False
2017-03-08,W,rail,751336,False
2017-03-09,W,rail,748709,False
2017-03-10,W,rail,730837,False
2017-03-11,A,rail,493451,False
2017-03-12,U,rail,292240,False
2017-03-13,W,rail,703982,False
2017-03-14,W,rail,727042,False
2017-03-15,W,rail,748703,False
2017-03-16,W,rail,758060,False
2017-03-17,W,rail,732007,False
2017-03-18,A,rail,404779,False
2017-03-19,U,rail,304418,False
2017-03-20,W,rail,690624,False
2017-03-21,W,rail,718304,False
2017-03-22,W,rail,706282,False
2017-03-23,W,rail,708026,False
2017-03-24,W,rail,715787,False
2017-03-25,A,rail,356083,False
2017-03-26,U,rail,292995,False
2017-03-27,W,rail,724012,False
2017-03-28,W,rail,748201,False
2017-03-29,W,rail,745915,False
2017-03-30,W,rail,718864,False
2017-03-31,W,rail,737168,False
2017-04-01,A,rail,433603,False
2017-04-02,U,rail,319046,False
2017-04-03,W,rail,743301,False
2017-04-04,W,rail,763221,False
2017-04-05,W,rail,732462,False
2017-04-06,W,rail,771468,False
2017-04-07,W,rail,741568,False
2017-04-08,A,rail,452426,False
2017-04-09,U,rail,336277,False
2017-04-10,W,rail,708408,False
2017-04-11,W,rail,720080,False
2017-04-12,W,rail,757854,False
2017-04-13,W,rail,745720,False
2017-04-14,W,rail,676016,True
2017-04-15,A,rail,453975,False
2017-04-16,U,rail,293545,False
2017-04-17,W,rail,738426,False
2017-04-18,W,rail,772115,False
2017-04-19,W,rail,757251,False
2017-04-20,W,rail,758119,False
2017-04-21,W,rail,753932,False
2017-04-22,A,rail,467485,False
2017-04-23,U,rail,330832,False
2017-04-24,W,rail,736639,False
2017-04-25,W,rail,761180,False
2017-04-26,W,rail,757859,False
2017-04-27,W,rail,748983,False
2017-04-28,W,rail,740579,False
2017-04-29,A,rail,364346,False
2017-04-30,U,rail,269345,False
2017-05-01,W,rail,747837,False
2017-05-02,W,rail,762139,False
2017-05-03,W,rail,778089,False
2017-05-04,W,rail,770199,False
2017-05-05,W,rail,771492,False
2017-05-06,A,rail,460695,False
2017-05-07,U,rail,334930,False
2017-05-08,W,rail,722987,False
2017-05-09,W,rail,738712,False
2017-05-10,W,rail,736258,False
2017-05-11,W,rail,755558,False
2017-05-12,W,rail,745485,False
2017-05-13,A,rail,427964,False
2017-05-14,U,rail,313469,False
2017-05-15,W,rail,709882,False
2017-05-16,W,rail,768941,False
2017-05-17,W,rail,763055,False
2017-05-18,W,rail,775776,False
2017-05-19,W,rail,726694,False
2017-05-20,A,rail,396705,False
2017-05-21,U,rail,350024,False
2017-05-22,W,rail,744257,False
2017-05-23,W,rail,753184,False
2017-05-24,W,rail,762453,False
2017-05-25,W,rail,776776,False
2017-05-26,W,rail,691687,False
2017-05-27,A,rail,462129,False
2017-05-28,U,rail,344784,False
2017-05-29,U,rail,336441,False
2017-05-30,W,rail,722529,False
2017-05-31,W,rail,745189,False
2017-06-01,W,rail,771134,False
2017-06-02,W,rail,796256,False
2017-06-03,A,rail,495282,False
2017-06-04,U,rail,384010,False
2017-06-05,W,rail,768461,False
2017-06-06,W,rail,787009,False
2017-06-07,W,rail,793617,False
2017-06-08,W,rail,805398,False
2017-06-09,W,rail,822483,False
2017-06-10,A,rail,558726,False
2017-06-11,U,rail,440096,False
2017-06-12,W,rail,753763,False
2017-06-13,W,rail,764155,False
2017-06-14,W,rail,742346,False
2017-06-15,W,rail,777758,False
2017-06-16,W,rail,739069,False
2017-06-17,A,rail,419764,False
2017-06-18,U,rail,338474,False
2017-06-19,W,rail,739609,False
2017-06-20,W,rail,781004,False
2017-06-21,W,rail,776244,False
2017-06-22,W,rail,745336,False
2017-06-23,W,rail,747333,False
2017-06-24,A,rail,482168,False
2017-06-25,U,rail,513970,True
2017-06-26,W,rail,722154,False
2017-06-27,W,rail,751340,False
2017-06-28,W,rail,733693,False
2017-06-29,W,rail,778070,False
2017-06-30,W,rail,760380,False
2017-07-01,A,rail,488429,False
2017-07-02,U,rail,364979,False
2017-07-03,W,rail,543712,True
2017-07-04,U,rail,389791,False
2017-07-05,W,rail,733914,False
2017-07-06,W,rail,784948,False
2017-07-07,W,rail,780389,False
2017-07-08,A,rail,518674,False
2017-07-09,U,rail,402561,False
2017-07-10,W,rail,695215,False
2017-07-11,W,rail,735051,False
2017-07-12,W,rail,702581,False
2017-07-13,W,rail,751562,False
2017-07-14,W,rail,762728,False
2017-07-15,A,rail,495618,False
2017-07-16,U,rail,374578,False
2017-07-17,W,rail,741094,False
2017-07-18,W,rail,754149,False
2017-07-19,W,rail,750889,False
2017-07-20,W,rail,726632,False
2017-07-21,W,rail,762529,False
2017-07-22,A,rail,471542,False
2017-07-23,U,rail,372309,False
2017-07-24,W,rail,765597,False
2017-07-25,W,rail,772350,False
2017-07-26,W,rail,755604,False
2017-07-27,W,rail,770016,False
2017-07-28,W,rail,738168,False
2017-07-29,A,rail,462430,False
2017-07-30,U,rail,349892,False
2017-07-31,W,rail,707434,False
2017-08-01,W,rail,773470,False
2017-08-02,W,rail,811636,False
2017-08-03,W,rail,834427,False
2017-08-04,W,rail,827248,False
2017-08-05,A,rail,546783,True
2017-08-06,U,rail,430711,False
2017-08-07,W,rail,704247,False
2017-08-08,W,rail,735234,False
2017-08-09,W,rail,732813,False
2017-08-10,W,rail,745430,False
2017-08-11,W,rail,756699,False
2017-08-12,A,rail,477767,False
2017-08-13,U,rail,351048,False
2017-08-14,W,rail,716772,False
2017-08-15,W,rail,700422,False
2017-08-16,W,rail,734845,False
2017-08-17,W,rail,751673,False
2017-08-18,W,rail,751342,False
2017-08-19,A,rail,488523,False
2017-08-20,U,rail,381042,False
2017-08-21,W,rail,675484,False
2017-08-22,W,rail,697126,False
2017-08-23,W,rail,719511,False
2017-08-24,W,rail,748046,False
2017-08-25,W,rail,741123,False
2017-08-26,A,rail,446049,False
2017-08-27,U,rail,336109,False
2017-08-28,W,rail,740387,False
2017-08-29,W,rail,763274,False
2017-08-30,W,rail,779477,False
2017-08-31,W,rail,785637,False
2017-09-01,W,rail,760661,False
2017-09-02,A,rail,481961,False
2017-09-03,U,rail,410951,False
2017-09-04,U,rail,326524,False
2017-09-05,W,rail,763159,False
2017-09-06,W,rail,785896,False
2017-09-07,W,rail,801972,False
2017-09-08,W,rail,809597,False
2017-09-09,A,rail,488232,False
2017-09-10,U,rail,375160,False
2017-09-11,W,rail,767744,False
2017-09-12,W,rail,813900,False
2017-09-13,W,rail,813293,False
2017-09-14,W,rail,838725,False
2017-09-15,W,rail,838001,False
2017-09-16,A,rail,521275,False
2017-09-17,U,rail,379480,False
2017-09-18,W,rail,772443,False
2017-09-19,W,rail,786075,False
2017-09-20,W,rail,795055,False
2017-09-21,W,rail,788217,False
2017-09-22,W,rail,781053,False
2017-09-23,A,rail,464903,False
2017-09-24,U,rail,351102,False
2017-09-25,W,rail,767660,False
2017-09-26,W,rail,791462,False
2017-09-27,W,rail,796822,False
2017-09-28,W,rail,809624,False
2017-09-29,W,rail,811721,False
2017-09-30,A,rail,482974,False
2017-10-01,U,rail,361156,False
2017-10-02,W,rail,767540,False
2017-10-03,W,rail,794082,False
2017-10-04,W,rail,798360,False
2017-10-05,W,rail,816694,False
2017-10-06,W,rail,805746,False
2017-10-07,A,rail,469808,False
2017-10-08,U,rail,539097,True
2017-10-09,W,rail,752125,False
2017-10-10,W,rail,822023,False
2017-10-11,W,rail,817909,False
2017-10-12,W,rail,810442,False
2017-10-13,W,rail,796714,False
2017-10-14,A,rail,368266,True
2017-10-15,U,rail,335609,False
2017-10-16,W,rail,776457,False
2017-10-17,W,rail,819635,False
2017-10-18,W,rail,831089,False
2017-10-19,W,rail,848003,False
2017-10-20,W,rail,796878,False
2017-10-21,A,rail,481334,False
2017-10-22,U,rail,320608,False
2017-10-23,W,rail,750619,False
2017-10-24,W,rail,769526,False
2017-10-25,W,rail,794572,False
2017-10-26,W,rail,805362,False
2017-10-27,W,rail,769792,False
2017-10-28,A,rail,422323,False
2017-10-29,U,rail,320982,False
2017-10-30,W,rail,753860,False
2017-10-31,W,rail,758455,False
2017-11-01,W,rail,780670,False
2017-11-02,W,rail,794788,False
2017-11-03,W,rail,755771,False
2017-11-04,A,rail,393884,False
2017-11-05,U,rail,312232,False
2017-11-06,W,rail,772803,False
2017-11-07,W,rail,785554,False
2017-11-08,W,rail,796870,False
2017-11-09,W,rail,800535,False
2017-11-10,W,rail,721331,False
2017-11-11,A,rail,427100,False
2017-11-12,U,rail,303087,False
2017-11-13,W,rail,758107,False
2017-11-14,W,rail,781533,False
2017-11-15,W,rail,770507,False
2017-11-16,W,rail,773696,False
2017-11-17,W,rail,779012,False
2017-11-18,A,rail,429256,False
2017-11-19,U,rail,330196,False
2017-11-20,W,rail,747181,False
2017-11-21,W,rail,745801,False
2017-11-22,W,rail,620904,True
2017-11-23,U,rail,208426,True
2017-11-24,W,rail,415069,True
2017-11-25,A,rail,369396,False
2017-11-26,U,rail,290753,False
2017-11-27,W,rail,726945,False
2017-11-28,W,rail,753208,False
2017-11-29,W,rail,761131,False
2017-11-30,W,rail,772769,False
2017-12-01,W,rail,785058,False
2017-12-02,A,rail,461699,False
2017-12-03,U,rail,338558,False
2017-12-04,W,rail,739950,False
2017-12-05,W,rail,737397,False
2017-12-06,W,rail,742215,False
2017-12-07,W,rail,741934,False
2017-12-08,W,rail,739840,False
2017-12-09,A,rail,405822,False
2017-12-10,U,rail,295505,False
2017-12-11,W,rail,706163,True
2017-12-12,W,rail,709949,False
2017-12-13,W,rail,715178,False
2017-12-14,W,rail,722667,False
2017-12-15,W,rail,700482,False
2017-12-16,A,rail,419897,False
2017-12-17,U,rail,296372,False
2017-12-18,W,rail,675289,False
2017-12-19,W,rail,697684,False
2017-12-20,W,rail,683898,False
2017-12-21,W,rail,659956,False
2017-12-22,W,rail,586190,False
2017-12-23,A,rail,324065,False
2017-12-24,U,rail,205801,False
2017-12-25,U,rail,118654,False
2017-12-26,W,rail,327742,True
2017-12-27,W,rail,416016,False
2017-12-28,W,rail,456611,False
2017-12-29,W,rail,466865,False
2017-12-30,A,rail,276381,False
2017-12-31,U,rail,235949,False
2018-01-01,U,rail,195520,False
2018-01-02,W,rail,514174,False
2018-01-03,W,rail,587740,False
2018-01-04,W,rail,591081,False
2018-01-05,W,rail,572525,False
2018-01-06,A,rail,292077,False
2018-01-07,U,rail,226604,False
2018-01-08,W,rail,664263,False
2018-01-09,W,rail,684704,False
2018-01-10,W,rail,695123,False
2018-01-11,W,rail,695496,False
2018-01-12,W,rail,643915,False
2018-01-13,A,rail,323263,False
2018-01-14,U,rail,245376,False
2018-01-15,W,rail,419604,True
2018-01-16,W,rail,710906,False
2018-01-17,W,rail,713680,False
2018-01-18,W,rail,720369,False
2018-01-19,W,rail,701290,False
2018-01-20,A,rail,449322,False
2018-01-21,U,rail,259818,False
2018-01-22,W,rail,711848,False
2018-01-23,W,rail,733662,False
2018-01-24,W,rail,732420,False
2018-01-25,W,rail,743858,False
2018-01-26,W,rail,722671,False
2018-01-27,A,rail,384419,False
2018-01-28,U,rail,268995,False
2018-01-29,W,rail,699889,False
2018-01-30,W,rail,723334,False
2018-01-31,W,rail,729419,False
2018-02-01,W,rail,724399,False
2018-02-02,W,rail,657689,True
2018-02-03,A,rail,344309,False
2018-02-04,U,rail,232906,False
2018-02-05,W,rail,675368,False
2018-02-06,W,rail,708071,False
2018-02-07,W,rail,714000,False
2018-02-08,W,rail,727764,False
2018-02-09,W,rail,490054,True
2018-02-10,A,rail,351548,False
2018-02-11,U,rail,260148,False
2018-02-12,W,rail,692183,False
2018-02-13,W,rail,743502,False
2018-02-14,W,rail,756475,False
2018-02-15,W,rail,746521,False
2018-02-16,W,rail,725091,False
2018-02-17,A,rail,383764,False
2018-02-18,U,rail,299983,False
2018-02-19,W,rail,523621,True
2018-02-20,W,rail,718493,False
2018-02-21,W,rail,740388,False
2018-02-22,W,rail,743449,False
2018-02-23,W,rail,720769,False
2018-02-24,A,rail,387230,False
2018-02-25,U,rail,292093,False
2018-02-26,W,rail,718649,False
2018-02-27,W,rail,743269,False
2018-02-28,W,rail,736868,False
2018-03-01,W,rail,724095,False
2018-03-02,W,rail,719445,False
2018-03-03,A,rail,400158,False
2018-03-04,U,rail,288394,False
2018-03-05,W,rail,686228,True
2018-03-06,W,rail,723274,False
2018-03-07,W,rail,731992,False
2018-03-08,W,rail,734447,False
2018-03-09,W,rail,712092,False
2018-03-10,A,rail,394014,False
2018-03-11,U,rail,286948,False
2018-03-12,W,rail,715220,False
2018-03-13,W,rail,731938,False
2018-03-14,W,rail,747391,False
2018-03-15,W,rail,754110,False
2018-03-16,W,rail,738857,False
2018-03-17,A,rail,607823,True
2018-03-18,U,rail,320742,False
2018-03-19,W,rail,709194,False
2018-03-20,W,rail,710058,False
2018-03-21,W,rail,715243,False
2018-03-22,W,rail,722634,False
2018-03-23,W,rail,699928,False
2018-03-24,A,rail,389468,False
2018-03-25,U,rail,306710,False
2018-03-26,W,rail,660176,False
2018-03-27,W,rail,684664,False
2018-03-28,W,rail,695373,False
2018-03-29,W,rail,686014,False
2018-03-30,W,rail,608535,True
2018-03-31,A,rail,349132,False
2018-04-01,U,rail,238356,False
2018-04-02,W,rail,688114,False
2018-04-03,W,rail,720417,False
2018-04-04,W,rail,738079,False
2018-04-05,W,rail,753661,False
2018-04-06,W,rail,721169,False
2018-04-07,A,rail,404650,False
2018-04-08,U,rail,283411,False
2018-04-09,W,rail,708735,False
2018-04-10,W,rail,748682,False
2018-04-11,W,rail,770269,False
2018-04-12,W,rail,775422,False
2018-04-13,W,rail,716600,False
2018-04-14,A,rail,374923,False
2018-04-15,U,rail,258277,False
2018-04-16,W,rail,704714,False
2018-04-17,W,rail,759128,False
2018-04-18,W,rail,728207,False
2018-04-19,W,rail,749646,False
2018-04-20,W,rail,735681,False
2018-04-21,A,rail,392721,False
2018-04-22,U,rail,294515,False
2018-04-23,W,rail,712596,False
2018-04-24,W,rail,743776,False
2018-04-25,W,rail,748866,False
2018-04-26,W,rail,777534,False
2018-04-27,W,rail,752386,False
2018-04-28,A,rail,426851,False
2018-04-29,U,rail,327855,False
2018-04-30,W,rail,746550,False
2018-05-01,W,rail,777780,False
2018-05-02,W,rail,752143,False
2018-05-03,W,rail,744199,False
2018-05-04,W,rail,736342,False
2018-05-05,A,rail,443358,False
2018-05-06,U,rail,315030,False
2018-05-07,W,rail,742969,False
2018-05-08,W,rail,781451,False
2018-05-09,W,rail,756378,False
2018-05-10,W,rail,762718,False
2018-05-11,W,rail,744337,False
2018-05-12,A,rail,392468,False
2018-05-13,U,rail,306051,False
2018-05-14,W,rail,686671,False
2018-05-15,W,rail,728488,False
2018-05-16,W,rail,733303,False
2018-05-17,W,rail,743467,False
2018-05-18,W,rail,717590,False
2018-05-19,A,rail,408091,False
2018-05-20,U,rail,288853,False
2018-05-21,W,rail,669968,False
2018-05-22,W,rail,762899,False
2018-05-23,W,rail,774273,False
2018-05-24,W,rail,757935,False
2018-05-25,W,rail,730669,False
2018-05-26,A,rail,472471,False
2018-05-27,U,rail,375810,False
2018-05-28,U,rail,325534,False
2018-05-29,W,rail,716137,False
2018-05-30,W,rail,716886,False
2018-05-31,W,rail,753062,False
2018-06-01,W,rail,773824,False
2018-06-02,A,rail,437154,False
2018-06-03,U,rail,342776,False
2018-06-04,W,rail,726476,False
2018-06-05,W,rail,778366,False
2018-06-06,W,rail,778486,False
2018-06-07,W,rail,798516,False
2018-06-08,W,rail,766692,False
2018-06-09,A,rail,475218,False
2018-06-10,U,rail,339387,False
2018-06-11,W,rail,724255,False
2018-06-12,W,rail,750111,False
2018-06-13,W,rail,759987,False
2018-06-14,W,rail,754502,False
2018-06-15,W,rail,735211,False
2018-06-16,A,rail,441274,False
2018-06-17,U,rail,324959,False
2018-06-18,W,rail,722983,False
2018-06-19,W,rail,768531,False
2018-06-20,W,rail,763084,False
2018-06-21,W,rail,683599,False
2018-06-22,W,rail,689577,False
2018-06-23,A,rail,452638,False
2018-06-24,U,rail,515034,True
2018-06-25,W,rail,709948,False
2018-06-26,W,rail,717661,False
2018-06-27,W,rail,744015,False
2018-06-28,W,rail,758891,False
2018-06-29,W,rail,755938,False
2018-06-30,A,rail,468103,False
2018-07-01,U,rail,329670,False
2018-07-02,W,rail,678249,False
2018-07-03,W,rail,716848,False
2018-07-04,U,rail,366963,False
2018-07-05,W,rail,615715,False
2018-07-06,W,rail,699130,False
2018-07-07,A,rail,439367,False
2018-07-08,U,rail,346489,False
2018-07-09,W,rail,704612,False
2018-07-10,W,rail,742163,False
2018-07-11,W,rail,765257,False
2018-07-12,W,rail,766466,False
2018-07-13,W,rail,784018,False
2018-07-14,A,rail,455259,False
2018-07-15,U,rail,378006,False
2018-07-16,W,rail,700335,False
2018-07-17,W,rail,739651,False
2018-07-18,W,rail,745511,False
2018-07-19,W,rail,780813,False
2018-07-20,W,rail,762815,False
2018-07-21,A,rail,483657,False
2018-07-22,U,rail,357484,False
2018-07-23,W,rail,746950,False
2018-07-24,W,rail,775343,False
2018-07-25,W,rail,768014,False
2018-07-26,W,rail,781151,False
2018-07-27,W,rail,741794,False
2018-07-28,A,rail,453186,False
2018-07-29,U,rail,354824,False
2018-07-30,W,rail,721661,False
2018-07-31,W,rail,729861,False
2018-08-01,W,rail,757280,False
2018-08-02,W,rail,861954,False
2018-08-03,W,rail,831628,False
2018-08-04,A,rail,521622,False
2018-08-05,U,rail,423810,False
2018-08-06,W,rail,687412,False
2018-08-07,W,rail,702495,False
2018-08-08,W,rail,726837,False
2018-08-09,W,rail,727089,False
2018-08-10,W,rail,757214,False
2018-08-11,A,rail,485775,False
2018-08-12,U,rail,371962,False
2018-08-13,W,rail,681926,False
2018-08-14,W,rail,739143,False
2018-08-15,W,rail,720004,False
2018-08-16,W,rail,712077,False
2018-08-17,W,rail,697625,False
2018-08-18,A,rail,469340,False
2018-08-19,U,rail,357318,False
2018-08-20,W,rail,672736,False
2018-08-21,W,rail,705759,False
2018-08-22,W,rail,711067,False
2018-08-23,W,rail,748147,False
2018-08-24,W,rail,698828,False
2018-08-25,A,rail,437488,False
2018-08-26,U,rail,344736,False
2018-08-27,W,rail,740835,False
2018-08-28,W,rail,764285,False
2018-08-29,W,rail,767691,False
2018-08-30,W,rail,780357,False
2018-08-31,W,rail,726643,False
2018-09-01,A,rail,415563,False
2018-09-02,U,rail,368715,False
2018-09-03,U,rail,293772,False
2018-09-04,W,rail,756397,False
2018-09-05,W,rail,785143,False
2018-09-06,W,rail,786139,False
2018-09-07,W,rail,796057,False
2018-09-08,A,rail,460892,False
2018-09-09,U,rail,329445,False
2018-09-10,W,rail,792245,False
2018-09-11,W,rail,818737,False
2018-09-12,W,rail,835997,False
2018-09-13,W,rail,821484,False
2018-09-14,W,rail,833730,False
2018-09-15,A,rail,505429,False
2018-09-16,U,rail,375547,False
2018-09-17,W,rail,794968,False
2018-09-18,W,rail,796654,False
2018-09-19,W,rail,786851,False
2018-09-20,W,rail,812664,False
2018-09-21,W,rail,806274,False
2018-09-22,A,rail,464531,False
2018-09-23,U,rail,331323,False
2018-09-24,W,rail,806181,False
2018-09-25,W,rail,813982,False
2018-09-26,W,rail,838474,False
2018-09-27,W,rail,847133,False
2018-09-28,W,rail,816264,False
2018-09-29,A,rail,500479,False
2018-09-30,U,rail,362732,False
2018-10-01,W,rail,808415,False
2018-10-02,W,rail,824655,False
2018-10-03,W,rail,829500,False
2018-10-04,W,rail,845234,False
2018-10-05,W,rail,781321,False
2018-10-06,A,rail,466775,False
2018-10-07,U,rail,510071,True
2018-10-08,W,rail,719617,True
2018-10-09,W,rail,813161,False
2018-10-10,W,rail,794576,False
2018-10-11,W,rail,817569,False
2018-10-12,W,rail,776261,False
2018-10-13,A,rail,466427,False
2018-10-14,U,rail,332403,False
2018-10-15,W,rail,778324,False
2018-10-16,W,rail,802082,False
2018-10-17,W,rail,807188,False
2018-10-18,W,rail,814542,False
2018-10-19,W,rail,774539,False
2018-10-20,A,rail,439297,False
2018-10-21,U,rail,332004,False
2018-10-22,W,rail,769144,False
2018-10-23,W,rail,793605,False
2018-10-24,W,rail,795929,False
2018-10-25,W,rail,802796,False
2018-10-26,W,rail,777822,False
2018-10-27,A,rail,435508,False
2018-10-28,U,rail,315184,False
2018-10-29,W,rail,766123,False
2018-10-30,W,rail,785017,False
2018-10-31,W,rail,776366,False
2018-11-01,W,rail,798312,False
2018-11-02,W,rail,754310,False
2018-11-03,A,rail,428523,False
2018-11-04,U,rail,291311,False
2018-11-05,W,rail,770186,False
2018-11-06,W,rail,764653,False
2018-11-07,W,rail,783160,False
2018-11-08,W,rail,797333,False
2018-11-09,W,rail,751427,False
2018-11-10,A,rail,385710,False
2018-11-11,U,rail,304712,False
2018-11-12,W,rail,652215,True
2018-11-13,W,rail,769160,False
2018-11-14,W,rail,766177,False
2018-11-15,W,rail,764868,False
2018-11-16,W,rail,783218,False
2018-11-17,A,rail,453688,False
2018-11-18,U,rail,316014,False
2018-11-19,W,rail,740162,False
2018-11-20,W,rail,741467,False
2018-11-21,W,rail,605419,True
2018-11-22,U,rail,196549,True
2018-11-23,W,rail,393241,True
2018-11-24,A,rail,347967,False
2018-11-25,U,rail,246992,False
2018-11-26,W,rail,647084,True
2018-11-27,W,rail,742355,False
2018-11-28,W,rail,749760,False
2018-11-29,W,rail,764611,False
2018-11-30,W,rail,760471,False
2018-12-01,A,rail,359088,False
2018-12-02,U,rail,285153,False
2018-12-03,W,rail,731079,False
2018-12-04,W,rail,745696,False
2018-12-05,W,rail,736966,False
2018-12-06,W,rail,757102,False
2018-12-07,W,rail,731440,False
2018-12-08,A,rail,399714,False
2018-12-09,U,rail,291673,False
2018-12-10,W,rail,706501,False
2018-12-11,W,rail,731059,False
2018-12-12,W,rail,727070,False
2018-12-13,W,rail,738003,False
2018-12-14,W,rail,724198,False
2018-12-15,A,rail,425132,False
2018-12-16,U,rail,309297,False
2018-12-17,W,rail,668008,False
2018-12-18,W,rail,701867,False
2018-12-19,W,rail,700814,False
2018-12-20,W,rail,682043,False
2018-12-21,W,rail,633479,False
2018-12-22,A,rail,339426,False
2018-12-23,U,rail,260130,False
2018-12-24,W,rail,279324,True
2018-12-25,U,rail,127994,True
2018-12-26,W,rail,411993,True
2018-12-27,W,rail,453029,False
2018-12-28,W,rail,493961,False
2018-12-29,A,rail,307105,False
2018-12-30,U,rail,265310,False
2018-12-31,W,rail,386058,True
2019-01-01,U,rail,245852,False
2019-01-02,W,rail,573542,False
2019-01-03,W,rail,627781,False
2019-01-04,W,rail,628514,False
2019-01-05,A,rail,348257,False
2019-01-06,U,rail,260556,False
2019-01-07,W,rail,662470,False
2019-01-08,W,rail,701693,False
2019-01-09,W,rail,685444,False
2019-01-10,W,rail,690162,False
2019-01-11,W,rail,679115,False
2019-01-12,A,rail,325219,False
2019-01-13,U,rail,250222,False
2019-01-14,W,rail,705571,False
2019-01-15,W,rail,720095,False
2019-01-16,W,rail,728048,False
2019-01-17,W,rail,734929,False
2019-01-18,W,rail,700006,False
2019-01-19,A,rail,312424,False
2019-01-20,U,rail,236744,False
2019-01-21,W,rail,401503,True
2019-01-22,W,rail,712125,False
2019-01-23,W,rail,718899,False
2019-01-24,W,rail,711300,False
2019-01-25,W,rail,590674,False
2019-01-26,A,rail,296063,False
2019-01-27,U,rail,221081,False
2019-01-28,W,rail,678810,False
2019-01-29,W,rail,579917,False
2019-01-30,W,rail,97917,True
2019-01-31,W,rail,243912,True
2019-02-01,W,rail,648091,False
2019-02-02,A,rail,345650,False
2019-02-03,U,rail,250724,False
2019-02-04,W,rail,718764,False
2019-02-05,W,rail,734181,False
2019-02-06,W,rail,727769,False
2019-02-07,W,rail,732351,False
2019-02-08,W,rail,655823,False
2019-02-09,A,rail,338847,False
2019-02-10,U,rail,251192,False
2019-02-11,W,rail,704667,False
2019-02-12,W,rail,698387,False
2019-02-13,W,rail,728764,False
2019-02-14,W,rail,746611,False
2019-02-15,W,rail,687932,False
2019-02-16,A,rail,362613,False
2019-02-17,U,rail,256817,False
2019-02-18,W,rail,519409,True
2019-02-19,W,rail,725195,False
2019-02-20,W,rail,717172,False
2019-02-21,W,rail,727504,False
2019-02-22,W,rail,702988,False
2019-02-23,A,rail,328179,False
2019-02-24,U,rail,240478,False
2019-02-25,W,rail,680844,False
2019-02-26,W,rail,699462,False
2019-02-27,W,rail,711827,False
2019-02-28,W,rail,714700,False
2019-03-01,W,rail,682969,False
2019-03-02,A,rail,349392,False
2019-03-03,U,rail,252150,False
2019-03-04,W,rail,635353,True
2019-03-05,W,rail,692945,False
2019-03-06,W,rail,708876,False
2019-03-07,W,rail,711428,False
2019-03-08,W,rail,684186,False
2019-03-09,A,rail,326686,False
2019-03-10,U,rail,250702,False
2019-03-11,W,rail,697758,False
2019-03-12,W,rail,729476,False
2019-03-13,W,rail,727150,False
2019-03-14,W,rail,726502,False
2019-03-15,W,rail,716230,False
2019-03-16,A,rail,570703,True
2019-03-17,U,rail,301294,True
2019-03-18,W,rail,711535,False
2019-03-19,W,rail,727732,False
2019-03-20,W,rail,712714,False
2019-03-21,W,rail,719946,False
2019-03-22,W,rail,695716,False
2019-03-23,A,rail,386972,False
2019-03-24,U,rail,279989,False
2019-03-25,W,rail,666862,False
2019-03-26,W,rail,688849,False
2019-03-27,W,rail,693509,False
2019-03-28,W,rail,692421,False
2019-03-29,W,rail,667916,False
2019-03-30,A,rail,346980,False
2019-03-31,U,rail,264228,False
2019-04-01,W,rail,707874,False
2019-04-02,W,rail,727263,False
2019-04-03,W,rail,744443,False
2019-04-04,W,rail,735719,False
2019-04-05,W,rail,710414,False
2019-04-06,A,rail,414140,False
2019-04-07,U,rail,276992,False
2019-04-08,W,rail,754465,False
2019-04-09,W,rail,747311,False
2019-04-10,W,rail,731858,False
2019-04-11,W,rail,746596,False
2019-04-12,W,rail,731825,False
2019-04-13,A,rail,417501,False
2019-04-14,U,rail,215007,True
2019-04-15,W,rail,679904,False
2019-04-16,W,rail,709023,False
2019-04-17,W,rail,699083,False
2019-04-18,W,rail,675919,False
2019-04-19,W,rail,619953,False
2019-04-20,A,rail,372841,False
2019-04-21,U,rail,276935,False
2019-04-22,W,rail,692515,False
2019-04-23,W,rail,747351,False
2019-04-24,W,rail,759394,False
2019-04-25,W,rail,770006,False
2019-04-26,W,rail,731398,False
2019-04-27,A,rail,319488,False
2019-04-28,U,rail,289270,False
2019-04-29,W,rail,673476,False
2019-04-30,W,rail,707685,False
2019-05-01,W,rail,729104,False
2019-05-02,W,rail,728705,False
2019-05-03,W,rail,750517,False
2019-05-04,A,rail,437434,False
2019-05-05,U,rail,338727,True
2019-05-06,W,rail,724230,False
2019-05-07,W,rail,738981,False
2019-05-08,W,rail,755171,False
2019-05-09,W,rail,751965,False
2019-05-10,W,rail,749306,False
2019-05-11,A,rail,407442,False
2019-05-12,U,rail,298999,False
2019-05-13,W,rail,704326,False
2019-05-14,W,rail,722423,False
2019-05-15,W,rail,724761,False
2019-05-16,W,rail,714282,False
2019-05-17,W,rail,691390,False
2019-05-18,A,rail,388373,False
2019-05-19,U,rail,295929,False
2019-05-20,W,rail,721397,False
2019-05-21,W,rail,723782,False
2019-05-22,W,rail,756639,False
2019-05-23,W,rail,766717,False
2019-05-24,W,rail,681443,False
2019-05-25,A,rail,426932,False
2019-05-26,U,rail,335435,False
2019-05-27,U,rail,256757,True
2019-05-28,W,rail,694292,False
2019-05-29,W,rail,717681,False
2019-05-30,W,rail,735508,False
2019-05-31,W,rail,738322,False
2019-06-01,A,rail,379044,False
2019-06-02,U,rail,319334,False
2019-06-03,W,rail,731571,False
2019-06-04,W,rail,749759,False
2019-06-05,W,rail,764911,False
2019-06-06,W,rail,773638,False
2019-06-07,W,rail,760907,False
2019-06-08,A,rail,469189,False
2019-06-09,U,rail,329388,False
2019-06-10,W,rail,717811,False
2019-06-11,W,rail,748133,False
2019-06-12,W,rail,722333,False
2019-06-13,W,rail,758006,False
2019-06-14,W,rail,769162,False
2019-06-15,A,rail,419997,False
2019-06-16,U,rail,319752,False
2019-06-17,W,rail,684609,False
2019-06-18,W,rail,747919,False
2019-06-19,W,rail,735207,False
2019-06-20,W,rail,755009,False
2019-06-21,W,rail,748258,False
2019-06-22,A,rail,468890,False
2019-06-23,U,rail,314345,False
2019-06-24,W,rail,694599,False
2019-06-25,W,rail,756023,False
2019-06-26,W,rail,758880,False
2019-06-27,W,rail,757999,False
2019-06-28,W,rail,717591,False
2019-06-29,A,rail,438017,False
2019-06-30,U,rail,473462,True
2019-07-01,W,rail,691817,False
2019-07-02,W,rail,698347,False
2019-07-03,W,rail,694945,False
2019-07-04,U,rail,354474,False
2019-07-05,W,rail,492198,True
2019-07-06,A,rail,390851,False
2019-07-07,U,rail,328344,False
2019-07-08,W,rail,696647,False
2019-07-09,W,rail,733255,False
2019-07-10,W,rail,735504,False
2019-07-11,W,rail,767177,False
2019-07-12,W,rail,777202,False
2019-07-13,A,rail,471671,False
2019-07-14,U,rail,362994,False
2019-07-15,W,rail,723684,False
2019-07-16,W,rail,746731,False
2019-07-17,W,rail,751160,False
2019-07-18,W,rail,699545,False
2019-07-19,W,rail,721558,False
2019-07-20,A,rail,419897,False
2019-07-21,U,rail,342739,False
2019-07-22,W,rail,716299,False
2019-07-23,W,rail,731712,False
2019-07-24,W,rail,737880,False
2019-07-25,W,rail,746890,False
2019-07-26,W,rail,713766,False
2019-07-27,A,rail,417935,False
2019-07-28,U,rail,314226,False
2019-07-29,W,rail,663313,False
2019-07-30,W,rail,721545,False
2019-07-31,W,rail,739592,False
2019-08-01,W,rail,795333,False
2019-08-02,W,rail,804952,False
2019-08-03,A,rail,512548,True
2019-08-04,U,rail,416740,False
2019-08-05,W,rail,724021,False
2019-08-06,W,rail,738151,False
2019-08-07,W,rail,746207,False
2019-08-08,W,rail,735310,False
2019-08-09,W,rail,716084,False
2019-08-10,A,rail,428555,False
2019-08-11,U,rail,321310,False
2019-08-12,W,rail,659442,True
2019-08-13,W,rail,697693,False
2019-08-14,W,rail,698339,False
2019-08-15,W,rail,703513,False
2019-08-16,W,rail,675393,False
2019-08-17,A,rail,396155,False
2019-08-18,U,rail,289890,False
2019-08-19,W,rail,669727,False
2019-08-20,W,rail,689224,False
2019-08-21,W,rail,724089,False
2019-08-22,W,rail,741995,False
2019-08-23,W,rail,723775,False
2019-08-24,A,rail,424284,False
2019-08-25,U,rail,327749,False
2019-08-26,W,rail,678343,False
2019-08-27,W,rail,740341,False
2019-08-28,W,rail,736506,False
2019-08-29,W,rail,747141,False
2019-08-30,W,rail,717490,False
2019-08-31,A,rail,428658,False
2019-09-01,U,rail,357032,False
2019-09-02,U,rail,328376,False
2019-09-03,W,rail,738399,False
2019-09-04,W,rail,762868,False
2019-09-05,W,rail,800432,False
2019-09-06,W,rail,744323,False
2019-09-07,A,rail,420502,False
2019-09-08,U,rail,310823,False
2019-09-09,W,rail,737160,False
2019-09-10,W,rail,769458,False
2019-09-11,W,rail,777407,False
2019-09-12,W,rail,795224,False
2019-09-13,W,rail,800812,False
2019-09-14,A,rail,487396,False
2019-09-15,U,rail,352467,False
2019-09-16,W,rail,777685,False
2019-09-17,W,rail,797063,False
2019-09-18,W,rail,807081,False
2019-09-19,W,rail,816086,False
2019-09-20,W,rail,803291,False
2019-09-21,A,rail,440464,False
2019-09-22,U,rail,299658,False
2019-09-23,W,rail,766712,False
2019-09-24,W,rail,780378,False
2019-09-25,W,rail,781453,False
2019-09-26,W,rail,791418,False
2019-09-27,W,rail,699996,True
2019-09-28,A,rail,401745,False
2019-09-29,U,rail,294350,False
2019-09-30,W,rail,738159,False
2019-10-01,W,rail,772082,False
2019-10-02,W,rail,765652,False
2019-10-03,W,rail,781701,False
2019-10-04,W,rail,740946,False
2019-10-05,A,rail,388710,False
2019-10-06,U,rail,306647,False
2019-10-07,W,rail,748413,False
2019-10-08,W,rail,773805,False
2019-10-09,W,rail,766121,False
2019-10-10,W,rail,803767,False
2019-10-11,W,rail,762011,False
2019-10-12,A,rail,470284,False
2019-10-13,U,rail,522816,True
2019-10-14,W,rail,698402,False
2019-10-15,W,rail,788101,False
2019-10-16,W,rail,782133,False
2019-10-17,W,rail,790202,False
2019-10-18,W,rail,778466,False
2019-10-19,A,rail,467794,False
2019-10-20,U,rail,340156,False
2019-10-21,W,rail,727743,False
2019-10-22,W,rail,750644,False
2019-10-23,W,rail,791468,False
2019-10-24,W,rail,766559,False
2019-10-25,W,rail,729221,False
2019-10-26,A,rail,356371,False
2019-10-27,U,rail,314740,False
2019-10-28,W,rail,729809,False
2019-10-29,W,rail,752054,False
2019-10-30,W,rail,721966,False
2019-10-31,W,rail,693962,False
2019-11-01,W,rail,719267,False
2019-11-02,A,rail,381954,False
2019-11-03,U,rail,310621,False
2019-11-04,W,rail,749735,False
2019-11-05,W,rail,769233,False
2019-11-06,W,rail,762015,False
2019-11-07,W,rail,768460,False
2019-11-08,W,rail,702518,False
2019-11-09,A,rail,386355,False
2019-11-10,U,rail,292170,False
2019-11-11,W,rail,604475,True
2019-11-12,W,rail,724448,False
2019-11-13,W,rail,729140,False
2019-11-14,W,rail,745044,False
2019-11-15,W,rail,732607,False
2019-11-16,A,rail,398924,False
2019-11-17,U,rail,280372,False
2019-11-18,W,rail,731335,False
2019-11-19,W,rail,755257,False
2019-11-20,W,rail,756096,False
2019-11-21,W,rail,752762,False
2019-11-22,W,rail,782838,False
2019-11-23,A,rail,443394,False
2019-11-24,U,rail,301849,False
2019-11-25,W,rail,721624,False
2019-11-26,W,rail,707015,False
2019-11-27,W,rail,576379,True
2019-11-28,U,rail,186732,False
2019-11-29,W,rail,373012,True
2019-11-30,A,rail,302733,False
2019-12-01,U,rail,257317,False
2019-12-02,W,rail,702424,False
2019-12-03,W,rail,732651,False
2019-12-04,W,rail,739104,False
2019-12-05,W,rail,761399,False
2019-12-06,W,rail,729231,False
2019-12-07,A,rail,404394,False
2019-12-08,U,rail,286023,False
2019-12-09,W,rail,690443,False
2019-12-10,W,rail,697269,False
2019-12-11,W,rail,692730,False
2019-12-12,W,rail,716707,False
2019-12-13,W,rail,704438,False
2019-12-14,A,rail,367508,False
2019-12-15,U,rail,255659,False
2019-12-16,W,rail,648766,False
2019-12-17,W,rail,678194,False
2019-12-18,W,rail,658439,False
2019-12-19,W,rail,664554,False
2019-12-20,W,rail,640236,False
2019-12-21,A,rail,356991,False
2019-12-22,U,rail,283094,False
2019-12-23,W,rail,501524,False
2019-12-24,W,rail,310604,False
2019-12-25,U,rail,133009,True
2019-12-26,W,rail,402948,False
2019-12-27,W,rail,445835,False
2019-12-28,A,rail,298646,False
2019-12-29,U,rail,251105,False
2019-12-30,W,rail,480721,False
2019-12-31,W,rail,431677,False
2020-01-01,U,rail,255759,False
2020-01-02,W,rail,565139,False
2020-01-03,W,rail,578202,False
2020-01-04,A,rail,306656,False
2020-01-05,U,rail,234155,False
2020-01-06,W,rail,659521,False
2020-01-07,W,rail,677497,False
2020-01-08,W,rail,665227,False
2020-01-09,W,rail,679244,False
2020-01-10,W,rail,654344,False
2020-01-11,A,rail,281493,False
2020-01-12,U,rail,237736,False
2020-01-13,W,rail,699927,False
2020-01-14,W,rail,720277,False
2020-01-15,W,rail,720057,False
2020-01-16,W,rail,715978,False
2020-01-17,W,rail,687789,False
2020-01-18,A,rail,319878,False
2020-01-19,U,rail,219005,False
2020-01-20,W,rail,410324,True
2020-01-21,W,rail,712386,False
2020-01-22,W,rail,715399,False
2020-01-23,W,rail,717469,False
2020-01-24,W,rail,677320,False
2020-01-25,A,rail,320905,False
2020-01-26,U,rail,241153,False
2020-01-27,W,rail,697371,False
2020-01-28,W,rail,715500,False
2020-01-29,W,rail,711177,False
2020-01-30,W,rail,718793,False
2020-01-31,W,rail,665472,True
2020-02-01,A,rail,325925,False
2020-02-02,U,rail,253149,False
2020-02-03,W,rail,689308,False
2020-02-04,W,rail,710072,False
2020-02-05,W,rail,707772,False
2020-02-06,W,rail,701795,False
2020-02-07,W,rail,676805,False
2020-02-08,A,rail,325289,False
2020-02-09,U,rail,223411,False
2020-02-10,W,rail,694168,False
2020-02-11,W,rail,717350,False
2020-02-12,W,rail,697300,False
2020-02-13,W,rail,689019,False
2020-02-14,W,rail,628729,False
2020-02-15,A,rail,326795,False
2020-02-16,U,rail,267790,False
2020-02-17,W,rail,502927,True
2020-02-18,W,rail,711305,False
2020-02-19,W,rail,707598,False
2020-02-20,W,rail,700575,False
2020-02-21,W,rail,675973,False
2020-02-22,A,rail,344117,False
2020-02-23,U,rail,260505,False
2020-02-24,W,rail,682036,False
2020-02-25,W,rail,693749,False
2020-02-26,W,rail,682501,False
2020-02-27,W,rail,698886,False
2020-02-28,W,rail,665937,False
2020-02-29,A,rail,337983,False
2020-03-01,U,rail,267438,False
2020-03-02,W,rail,666046,False
2020-03-03,W,rail,701777,False
2020-03-04,W,rail,699192,False
2020-03-05,W,rail,698732,False
2020-03-06,W,rail,655010,False
2020-03-07,A,rail,366530,True
2020-03-08,U,rail,269577,False
2020-03-09,W,rail,647602,False
2020-03-10,W,rail,678996,False
2020-03-11,W,rail,660739,False
2020-03-12,W,rail,601682,False
2020-03-13,W,rail,496474,False
2020-03-14,A,rail,235841,True
2020-03-15,U,rail,166575,False
2020-03-16,W,rail,284844,False
2020-03-17,W,rail,217294,False
2020-03-18,W,rail,179316,False
2020-03-19,W,rail,163013,False
2020-03-20,W,rail,152797,False
2020-03-21,A,rail,86695,True
2020-03-22,U,rail,60490,False
2020-03-23,W,rail,103992,False
2020-03-24,W,rail,105312,False
2020-03-25,W,rail,106913,False
2020-03-26,W,rail,100860,False
2020-03-27,W,rail,102714,False
2020-03-28,A,rail,68572,False
2020-03-29,U,rail,57736,False
2020-03-30,W,rail,96996,False
2020-03-31,W,rail,94709,False
2020-04-01,W,rail,100042,False
2020-04-02,W,rail,95183,False
2020-04-03,W,rail,101015,False
2020-04-04,A,rail,65727,False
2020-04-05,U,rail,53173,False
2020-04-06,W,rail,89714,False
2020-04-07,W,rail,90824,False
2020-04-08,W,rail,88894,False
2020-04-09,W,rail,86725,False
2020-04-10,W,rail,85608,False
2020-04-11,A,rail,59808,False
2020-04-12,U,rail,46243,False
2020-04-13,W,rail,79074,False
2020-04-14,W,rail,79616,False
2020-04-15,W,rail,78844,False
2020-04-16,W,rail,79764,False
2020-04-17,W,rail,77935,False
2020-04-18,A,rail,58347,False
2020-04-19,U,rail,47512,False
2020-04-20,W,rail,79017,False
2020-04-21,W,rail,77886,False
2020-04-22,W,rail,77822,False
2020-04-23,W,rail,77918,False
2020-04-24,W,rail,78966,False
2020-04-25,A,rail,51764,False
2020-04-26,U,rail,47350,False
2020-04-27,W,rail,77830,False
2020-04-28,W,rail,79284,False
2020-04-29,W,rail,74942,False
2020-04-30,W,rail,79783,False
2020-05-01,W,rail,89139,True
2020-05-02,A,rail,59142,False
2020-05-03,U,rail,49160,False
2020-05-04,W,rail,79706,False
2020-05-05,W,rail,77485,False
2020-05-06,W,rail,82526,False
2020-05-07,W,rail,83941,False
2020-05-08,W,rail,82107,False
2020-05-09,A,rail,59372,False
2020-05-10,U,rail,43773,False
2020-05-11,W,rail,77650,False
2020-05-12,W,rail,81217,False
2020-05-13,W,rail,83529,False
2020-05-14,W,rail,76152,False
2020-05-15,W,rail,82454,False
2020-05-16,A,rail,60144,False
2020-05-17,U,rail,40451,False
2020-05-18,W,rail,80822,False
2020-05-19,W,rail,79752,False
2020-05-20,W,rail,85596,False
2020-05-21,W,rail,85164,False
2020-05-22,W,rail,86436,False
2020-05-23,A,rail,59164,False
2020-05-24,U,rail,53281,False
2020-05-25,U,rail,52921,False
2020-05-26,W,rail,84940,False
2020-05-27,W,rail,86518,False
2020-05-28,W,rail,86579,False
2020-05-29,W,rail,92565,False
2020-05-30,A,rail,69848,False
2020-05-31,U,rail,23544,True
2020-06-01,W,rail,27517,True
2020-06-02,W,rail,31544,True
2020-06-03,W,rail,68423,False
2020-06-04,W,rail,83605,False
2020-06-05,W,rail,90734,False
2020-06-06,A,rail,69622,False
2020-06-07,U,rail,53232,False
2020-06-08,W,rail,100516,False
2020-06-09,W,rail,98717,False
2020-06-10,W,rail,101685,False
2020-06-11,W,rail,110709,False
2020-06-12,W,rail,113656,False
2020-06-13,A,rail,81727,True
2020-06-14,U,rail,66384,False
2020-06-15,W,rail,111956,False
2020-06-16,W,rail,114566,False
2020-06-17,W,rail,117798,False
2020-06-18,W,rail,119506,False
2020-06-19,W,rail,125162,False
2020-06-20,A,rail,81634,False
2020-06-21,U,rail,70884,False
2020-06-22,W,rail,114622,False
2020-06-23,W,rail,131100,False
2020-06-24,W,rail,133015,False
2020-06-25,W,rail,139288,False
2020-06-26,W,rail,130402,False
2020-06-27,A,rail,106092,False
2020-06-28,U,rail,86966,False
2020-06-29,W,rail,133291,False
2020-06-30,W,rail,140782,False
2020-07-01,W,rail,148683,False
2020-07-02,W,rail,149071,False
2020-07-03,U,rail,127079,True
2020-07-04,A,rail,94601,False
2020-07-05,U,rail,84977,False
2020-07-06,W,rail,143054,False
2020-07-07,W,rail,147310,False
2020-07-08,W,rail,149845,False
2020-07-09,W,rail,149971,False
2020-07-10,W,rail,155529,False
2020-07-11,A,rail,112641,False
2020-07-12,U,rail,90382,False
2020-07-13,W,rail,149117,False
2020-07-14,W,rail,152758,False
2020-07-15,W,rail,147794,False
2020-07-16,W,rail,154912,False
2020-07-17,W,rail,161335,False
2020-07-18,A,rail,109549,False
2020-07-19,U,rail,80714,False
2020-07-20,W,rail,149404,False
2020-07-21,W,rail,148632,False
2020-07-22,W,rail,152652,False
2020-07-23,W,rail,156970,False
2020-07-24,W,rail,161024,False
2020-07-25,A,rail,116404,False
2020-07-26,U,rail,90069,False
2020-07-27,W,rail,144168,False
2020-07-28,W,rail,153221,False
2020-07-29,W,rail,152279,False
2020-07-30,W,rail,156312,False
2020-07-31,W,rail,164604,False
2020-08-01,A,rail,117414,False
2020-08-02,U,rail,89199,False
2020-08-03,W,rail,152552,False
2020-08-04,W,rail,157759,False
2020-08-05,W,rail,157695,False
2020-08-06,W,rail,159609,False
2020-08-07,W,rail,164886,False
2020-08-08,A,rail,118676,False
2020-08-09,U,rail,93832,False
2020-08-10,W,rail,96642,True
2020-08-11,W,rail,138581,False
2020-08-12,W,rail,146680,False
2020-08-13,W,rail,150941,False
2020-08-14,W,rail,155653,False
2020-08-15,A,rail,107720,False
2020-08-16,U,rail,89599,False
2020-08-17,W,rail,147684,False
2020-08-18,W,rail,155406,False
2020-08-19,W,rail,158653,False
2020-08-20,W,rail,160843,False
2020-08-21,W,rail,165104,False
2020-08-22,A,rail,119732,False
2020-08-23,U,rail,93123,False
2020-08-24,W,rail,152126,False
2020-08-25,W,rail,156020,False
2020-08-26,W,rail,158419,False
2020-08-27,W,rail,159603,False
2020-08-28,W,rail,163890,False
2020-08-29,A,rail,120335,False
2020-08-30,U,rail,96089,False
2020-08-31,W,rail,156093,False
2020-09-01,W,rail,157112,False
2020-09-02,W,rail,167989,False
2020-09-03,W,rail,172408,False
2020-09-04,W,rail,176834,False
2020-09-05,A,rail,134087,False
2020-09-06,U,rail,98132,False
2020-09-07,U,rail,104992,False
2020-09-08,W,rail,151558,False
2020-09-09,W,rail,162823,False
2020-09-10,W,rail,167696,False
2020-09-11,W,rail,172643,False
2020-09-12,A,rail,118325,False
2020-09-13,U,rail,104162,False
2020-09-14,W,rail,159479,False
2020-09-15,W,rail,166872,False
2020-09-16,W,rail,171467,False
2020-09-17,W,rail,171455,False
2020-09-18,W,rail,179021,False
2020-09-19,A,rail,135343,False
2020-09-20,U,rail,101785,False
2020-09-21,W,rail,160531,False
2020-09-22,W,rail,166852,False
2020-09-23,W,rail,169407,False
2020-09-24,W,rail,169953,False
2020-09-25,W,rail,180938,False
2020-09-26,A,rail,136388,False
2020-09-27,U,rail,102308,False
2020-09-28,W,rail,158980,False
2020-09-29,W,rail,167874,False
2020-09-30,W,rail,169305,False
2020-10-01,W,rail,173387,False
2020-10-02,W,rail,182413,False
2020-10-03,A,rail,133772,False
2020-10-04,U,rail,100387,False
2020-10-05,W,rail,164517,False
2020-10-06,W,rail,168456,False
2020-10-07,W,rail,171757,False
2020-10-08,W,rail,174469,False
2020-10-09,W,rail,183544,False
2020-10-10,A,rail,137846,False
2020-10-11,U,rail,103244,False
2020-10-12,W,rail,145635,True
2020-10-13,W,rail,170998,False
2020-10-14,W,rail,172419,False
2020-10-15,W,rail,172888,False
2020-10-16,W,rail,178507,False
2020-10-17,A,rail,134238,False
2020-10-18,U,rail,92227,False
2020-10-19,W,rail,158006,False
2020-10-20,W,rail,163811,False
2020-10-21,W,rail,167872,False
2020-10-22,W,rail,168824,False
2020-10-23,W,rail,166459,False
2020-10-24,A,rail,132006,False
2020-10-25,U,rail,94731,False
2020-10-26,W,rail,155238,False
2020-10-27,W,rail,158973,False
2020-10-28,W,rail,165838,False
2020-10-29,W,rail,165360,False
2020-10-30,W,rail,172445,False
2020-10-31,A,rail,120080,False
2020-11-01,U,rail,85934,False
2020-11-02,W,rail,154284,False
2020-11-03,W,rail,149741,False
2020-11-04,W,rail,151147,False
2020-11-05,W,rail,158434,False
2020-11-06,W,rail,167110,False
2020-11-07,A,rail,126890,False
2020-11-08,U,rail,94199,False
2020-11-09,W,rail,157126,False
2020-11-10,W,rail,153003,False
2020-11-11,W,rail,147595,False
2020-11-12,W,rail,158496,False
2020-11-13,W,rail,159535,False
2020-11-14,A,rail,104500,False
2020-11-15,U,rail,75619,False
2020-11-16,W,rail,140661,False
2020-11-17,W,rail,140971,False
2020-11-18,W,rail,143331,False
2020-11-19,W,rail,148286,False
2020-11-20,W,rail,149612,False
2020-11-21,A,rail,100672,False
2020-11-22,U,rail,74926,False
2020-11-23,W,rail,138635,False
2020-11-24,W,rail,135119,False
2020-11-25,W,rail,131704,False
2020-11-26,U,rail,56839,False
2020-11-27,W,rail,106692,False
2020-11-28,A,rail,97141,False
2020-11-29,U,rail,76276,False
2020-11-30,W,rail,130426,False
2020-12-01,W,rail,138364,False
2020-12-02,W,rail,137598,False
2020-12-03,W,rail,142080,False
2020-12-04,W,rail,144348,False
2020-12-05,A,rail,100869,False
2020-12-06,U,rail,74099,False
2020-12-07,W,rail,133537,False
2020-12-08,W,rail,137145,False
2020-12-09,W,rail,143390,False
2020-12-10,W,rail,144459,False
2020-12-11,W,rail,138386,False
2020-12-12,A,rail,92521,False
2020-12-13,U,rail,78380,False
2020-12-14,W,rail,135394,False
2020-12-15,W,rail,137120,False
2020-12-16,W,rail,138422,False
2020-12-17,W,rail,139375,False
2020-12-18,W,rail,144568,False
2020-12-19,A,rail,101970,False
2020-12-20,U,rail,80063,False
2020-12-21,W,rail,137696,False
2020-12-22,W,rail,140759,False
2020-12-23,W,rail,138325,False
2020-12-24,W,rail,92528,True
2020-12-25,U,rail,40861,True
2020-12-26,A,rail,81793,False
2020-12-27,U,rail,72363,False
2020-12-28,W,rail,125317,False
2020-12-29,W,rail,128558,False
2020-12-30,W,rail,126447,False
2020-12-31,W,rail,114338,False
2021-01-01,U,rail,62077,True
2021-01-02,A,rail,91034,False
2021-01-03,U,rail,72391,False
2021-01-04,W,rail,132124,False
2021-01-05,W,rail,134514,False
2021-01-06,W,rail,136069,False
2021-01-07,W,rail,135092,False
2021-01-08,W,rail,137181,False
2021-01-09,A,rail,101095,False
2021-01-10,U,rail,71867,False
2021-01-11,W,rail,129615,False
2021-01-12,W,rail,136866,False
2021-01-13,W,rail,140007,False
2021-01-14,W,rail,137634,False
2021-01-15,W,rail,139988,False
2021-01-16,A,rail,96530,False
2021-01-17,U,rail,72570,False
2021-01-18,W,rail,113727,True
2021-01-19,W,rail,137227,False
2021-01-20,W,rail,131313,False
2021-01-21,W,rail,144085,False
2021-01-22,W,rail,138811,False
2021-01-23,A,rail,96503,False
2021-01-24,U,rail,71996,False
2021-01-25,W,rail,135618,False
2021-01-26,W,rail,127803,False
2021-01-27,W,rail,138610,False
2021-01-28,W,rail,140259,False
2021-01-29,W,rail,148439,False
2021-01-30,A,rail,102119,False
2021-01-31,U,rail,75697,False
2021-02-01,W,rail,145356,False
2021-02-02,W,rail,146050,False
2021-02-03,W,rail,152303,False
2021-02-04,W,rail,147593,False
2021-02-05,W,rail,139613,False
2021-02-06,A,rail,89065,False
2021-02-07,U,rail,64459,False
2021-02-08,W,rail,128998,False
2021-02-09,W,rail,137064,False
2021-02-10,W,rail,141210,False
2021-02-11,W,rail,146284,False
2021-02-12,W,rail,149261,False
2021-02-13,A,rail,106030,False
2021-02-14,U,rail,73603,False
2021-02-15,W,rail,118258,False
2021-02-16,W,rail,114830,False
2021-02-17,W,rail,149828,False
2021-02-18,W,rail,155250,False
2021-02-19,W,rail,156832,False
2021-02-20,A,rail,112011,False
2021-02-21,U,rail,81211,False
2021-02-22,W,rail,146573,False
2021-02-23,W,rail,157020,False
2021-02-24,W,rail,156793,False
2021-02-25,W,rail,157867,False
2021-02-26,W,rail,164565,False
2021-02-27,A,rail,127246,False
2021-02-28,U,rail,87008,False
2021-03-01,W,rail,149826,False
2021-03-02,W,rail,156140,False
2021-03-03,W,rail,163566,False
2021-03-04,W,rail,159889,False
2021-03-05,W,rail,167771,False
2021-03-06,A,rail,124851,False
2021-03-07,U,rail,95906,False
2021-03-08,W,rail,159512,False
2021-03-09,W,rail,164868,False
2021-03-10,W,rail,161736,False
2021-03-11,W,rail,165057,False
2021-03-12,W,rail,172476,False
2021-03-13,A,rail,148004,False
2021-03-14,U,rail,97387,False
2021-03-15,W,rail,144990,False
2021-03-16,W,rail,158171,False
2021-03-17,W,rail,165207,False
2021-03-18,W,rail,160989,False
2021-03-19,W,rail,178106,False
2021-03-20,A,rail,141702,False
2021-03-21,U,rail,111138,False
2021-03-22,W,rail,164624,False
2021-03-23,W,rail,159635,False
2021-03-24,W,rail,168422,False
2021-03-25,W,rail,168278,False
2021-03-26,W,rail,175255,False
2021-03-27,A,rail,137705,False
2021-03-28,U,rail,101679,False
2021-03-29,W,rail,165113,False
2021-03-30,W,rail,170588,False
2021-03-31,W,rail,168955,False
2021-04-01,W,rail,178267,False
2021-04-02,W,rail,180602,False
2021-04-03,A,rail,150786,False
2021-04-04,U,rail,105039,False
2021-04-05,W,rail,166404,False
2021-04-06,W,rail,181795,False
2021-04-07,W,rail,181069,False
2021-04-08,W,rail,171140,False
2021-04-09,W,rail,186985,False
2021-04-10,A,rail,129831,False
2021-04-11,U,rail,105758,False
2021-04-12,W,rail,170290,False
2021-04-13,W,rail,179135,False
2021-04-14,W,rail,173838,False
2021-04-15,W,rail,179206,False
2021-04-16,W,rail,199086,False
2021-04-17,A,rail,155208,False
2021-04-18,U,rail,112596,False
2021-04-19,W,rail,165608,False
2021-04-20,W,rail,170031,False
2021-04-21,W,rail,173325,False
2021-04-22,W,rail,187886,False
2021-04-23,W,rail,203880,False
2021-04-24,A,rail,149135,False
2021-04-25,U,rail,113050,False
2021-04-26,W,rail,176283,False
2021-04-27,W,rail,193712,False
2021-04-28,W,rail,172569,False
2021-04-29,W,rail,184416,False
2021-04-30,W,rail,207166,False
2021-05-01,A,rail,170503,False
2021-05-02,U,rail,126355,False
2021-05-03,W,rail,174120,False
2021-05-04,W,rail,183621,False
2021-05-05,W,rail,193605,False
2021-05-06,W,rail,187545,False
2021-05-07,W,rail,212194,False
2021-05-08,A,rail,161702,False
2021-05-09,U,rail,108981,False
2021-05-10,W,rail,175820,False
2021-05-11,W,rail,189589,False
2021-05-12,W,rail,193841,False
2021-05-13,W,rail,205589,False
2021-05-14,W,rail,222830,False
2021-05-15,A,rail,166559,False
2021-05-16,U,rail,137410,False
2021-05-17,W,rail,190203,False
2021-05-18,W,rail,195305,False
2021-05-19,W,rail,198718,False
2021-05-20,W,rail,215181,False
2021-05-21,W,rail,226276,False
2021-05-22,A,rail,188124,False
2021-05-23,U,rail,129720,False
2021-05-24,W,rail,196524,False
2021-05-25,W,rail,205679,False
2021-05-26,W,rail,208470,False
2021-05-27,W,rail,208682,False
2021-05-28,W,rail,217115,False
2021-05-29,A,rail,208819,False
2021-05-30,U,rail,177745,False
2021-05-31,U,rail,147880,False
2021-06-01,W,rail,221402,False
2021-06-02,W,rail,222827,False
2021-06-03,W,rail,231398,False
2021-06-04,W,rail,244454,False
2021-06-05,A,rail,199123,False
2021-06-06,U,rail,148509,False
2021-06-07,W,rail,202767,False
2021-06-08,W,rail,222841,False
2021-06-09,W,rail,231622,False
2021-06-10,W,rail,246542,False
2021-06-11,W,rail,271425,False
2021-06-12,A,rail,224185,False
2021-06-13,U,rail,184714,False
2021-06-14,W,rail,227377,False
2021-06-15,W,rail,238872,False
2021-06-16,W,rail,242785,False
2021-06-17,W,rail,247900,False
2021-06-18,W,rail,272803,False
2021-06-19,A,rail,238075,False
2021-06-20,U,rail,158875,False
2021-06-21,W,rail,237699,False
2021-06-22,W,rail,256084,False
2021-06-23,W,rail,239858,False
2021-06-24,W,rail,240440,False
2021-06-25,W,rail,251904,False
2021-06-26,A,rail,190791,False
2021-06-27,U,rail,176898,False
2021-06-28,W,rail,218776,False
2021-06-29,W,rail,229881,False
2021-06-30,W,rail,237763,False
2021-07-01,W,rail,257789,False
2021-07-02,W,rail,254956,False
2021-07-03,A,rail,215230,False
2021-07-04,U,rail,167760,False
2021-07-05,U,rail,178415,False
2021-07-06,W,rail,255296,False
2021-07-07,W,rail,261796,False
2021-07-08,W,rail,276819,False
2021-07-09,W,rail,302893,False
2021-07-10,A,rail,238903,False
2021-07-11,U,rail,165360,False
2021-07-12,W,rail,237710,False
2021-07-13,W,rail,250575,False
2021-07-14,W,rail,262113,False
2021-07-15,W,rail,261351,False
2021-07-16,W,rail,280527,False
2021-07-17,A,rail,245066,False
2021-07-18,U,rail,191007,False
2021-07-19,W,rail,248181,False
2021-07-20,W,rail,264471,False
2021-07-21,W,rail,274123,False
2021-07-22,W,rail,275892,False
2021-07-23,W,rail,298869,False
2021-07-24,A,rail,250014,False
2021-07-25,U,rail,198799,False
2021-07-26,W,rail,260296,False
2021-07-27,W,rail,279049,False
2021-07-28,W,rail,298392,False
2021-07-29,W,rail,362106,True
2021-07-30,W,rail,362949,False
2021-07-31,A,rail,310759,False
2021-08-01,U,rail,244404,False
2021-08-02,W,rail,259408,False
2021-08-03,W,rail,267547,False
2021-08-04,W,rail,271469,False
2021-08-05,W,rail,283716,False
2021-08-06,W,rail,313936,False
2021-08-07,A,rail,275050,False
2021-08-08,U,rail,187344,False
2021-08-09,W,rail,240520,False
2021-08-10,W,rail,264354,False
2021-08-11,W,rail,258741,False
2021-08-12,W,rail,280760,False
2021-08-13,W,rail,277082,False
2021-08-14,A,rail,252710,False
2021-08-15,U,rail,205673,False
2021-08-16,W,rail,246824,False
2021-08-17,W,rail,259308,False
2021-08-18,W,rail,265679,False
2021-08-19,W,rail,274749,False
2021-08-20,W,rail,298535,False
2021-08-21,A,rail,248705,False
2021-08-22,U,rail,202393,False
2021-08-23,W,rail,263283,False
2021-08-24,W,rail,259641,False
2021-08-25,W,rail,278830,False
2021-08-26,W,rail,287640,False
2021-08-27,W,rail,302286,False
2021-08-28,A,rail,232278,False
2021-08-29,U,rail,180030,False
2021-08-30,W,rail,283312,False
2021-08-31,W,rail,294988,False
2021-09-01,W,rail,302972,False
2021-09-02,W,rail,316474,False
2021-09-03,W,rail,332962,False
2021-09-04,A,rail,249857,False
2021-09-05,U,rail,232104,False
2021-09-06,U,rail,190360,False
2021-09-07,W,rail,291803,False
2021-09-08,W,rail,320091,False
2021-09-09,W,rail,326271,False
2021-09-10,W,rail,355788,False
2021-09-11,A,rail,276714,False
2021-09-12,U,rail,206582,False
2021-09-13,W,rail,296554,False
2021-09-14,W,rail,311965,False
2021-09-15,W,rail,329295,False
2021-09-16,W,rail,365090,False
2021-09-17,W,rail,377373,False
2021-09-18,A,rail,295961,False
2021-09-19,U,rail,220835,False
2021-09-20,W,rail,298947,False
2021-09-21,W,rail,319330,False
2021-09-22,W,rail,322522,False
2021-09-23,W,rail,327671,False
2021-09-24,W,rail,365392,False
2021-09-25,A,rail,296621,False
2021-09-26,U,rail,195380,False
2021-09-27,W,rail,298532,False
2021-09-28,W,rail,315354,False
2021-09-29,W,rail,323001,False
2021-09-30,W,rail,326450,False
2021-10-01,W,rail,343048,False
2021-10-02,A,rail,248678,False
2021-10-03,U,rail,188875,False
2021-10-04,W,rail,297717,False
2021-10-05,W,rail,317319,False
2021-10-06,W,rail,317494,False
2021-10-07,W,rail,323569,False
2021-10-08,W,rail,348740,False
2021-10-09,A,rail,281790,False
2021-10-10,U,rail,312750,True
2021-10-11,W,rail,269043,False
2021-10-12,W,rail,337547,False
2021-10-13,W,rail,323735,False
2021-10-14,W,rail,336464,False
2021-10-15,W,rail,338278,False
2021-10-16,A,rail,266017,False
2021-10-17,U,rail,196386,False
2021-10-18,W,rail,303246,False
2021-10-19,W,rail,323286,False
2021-10-20,W,rail,323794,False
2021-10-21,W,rail,330258,False
2021-10-22,W,rail,328904,False
2021-10-23,A,rail,244421,False
2021-10-24,U,rail,144992,False
2021-10-25,W,rail,270031,True
2021-10-26,W,rail,320974,False
2021-10-27,W,rail,327121,False
2021-10-28,W,rail,328865,False
2021-10-29,W,rail,307878,False
2021-10-30,A,rail,244786,False
2021-10-31,U,rail,183268,False
2021-11-01,W,rail,300996,False
2021-11-02,W,rail,319122,False
2021-11-03,W,rail,327770,False
2021-11-04,W,rail,333562,False
2021-11-05,W,rail,312819,False
2021-11-06,A,rail,235533,False
2021-11-07,U,rail,177817,False
2021-11-08,W,rail,305403,False
2021-11-09,W,rail,324645,False
2021-11-10,W,rail,332506,False
2021-11-11,W,rail,286823,False
2021-11-12,W,rail,302454,False
2021-11-13,A,rail,221836,False
2021-11-14,U,rail,153282,False
2021-11-15,W,rail,292876,False
2021-11-16,W,rail,321135,False
2021-11-17,W,rail,311717,False
2021-11-18,W,rail,315161,False
2021-11-19,W,rail,337202,False
2021-11-20,A,rail,276136,False
2021-11-21,U,rail,179537,False
2021-11-22,W,rail,288075,False
2021-11-23,W,rail,300261,False
2021-11-24,W,rail,257882,False
2021-11-25,U,rail,103108,False
2021-11-26,W,rail,189694,True
2021-11-27,A,rail,187065,False
2021-11-28,U,rail,147830,False
2021-11-29,W,rail,276090,False
2021-11-30,W,rail,302349,False
2021-12-01,W,rail,309075,False
2021-12-02,W,rail,323958,False
2021-12-03,W,rail,320326,False
2021-12-04,A,rail,237153,False
2021-12-05,U,rail,150682,False
2021-12-06,W,rail,278439,False
2021-12-07,W,rail,287065,False
2021-12-08,W,rail,300242,False
2021-12-09,W,rail,310636,False
2021-12-10,W,rail,297443,False
2021-12-11,A,rail,221509,False
2021-12-12,U,rail,165296,False
2021-12-13,W,rail,272016,False
2021-12-14,W,rail,293750,False
2021-12-15,W,rail,299691,False
2021-12-16,W,rail,297427,False
2021-12-17,W,rail,282060,False
2021-12-18,A,rail,196349,False
2021-12-19,U,rail,150673,False
2021-12-20,W,rail,235596,False
2021-12-21,W,rail,224928,False
2021-12-22,W,rail,209334,False
2021-12-23,W,rail,192858,False
2021-12-24,U,rail,118922,False
2021-12-25,A,rail,63575,True
2021-12-26,U,rail,106278,False
2021-12-27,W,rail,170801,False
2021-12-28,W,rail,174336,False
2021-12-29,W,rail,191745,False
2021-12-30,W,rail,194851,False
2021-12-31,U,rail,163183,True
2022-01-01,A,rail,116473,False
2022-01-02,U,rail,114070,False
2022-01-03,W,rail,184727,False
2022-01-04,W,rail,202963,False
2022-01-05,W,rail,177105,False
2022-01-06,W,rail,175465,False
2022-01-07,W,rail,172216,False
2022-01-08,A,rail,133844,False
2022-01-09,U,rail,102330,False
2022-01-10,W,rail,175964,False
2022-01-11,W,rail,190644,False
2022-01-12,W,rail,214250,False
2022-01-13,W,rail,218508,False
2022-01-14,W,rail,224098,False
2022-01-15,A,rail,153357,False
2022-01-16,U,rail,117493,False
2022-01-17,W,rail,160202,False
2022-01-18,W,rail,239770,False
2022-01-19,W,rail,235997,False
2022-01-20,W,rail,227670,False
2022-01-21,W,rail,227754,False
2022-01-22,A,rail,153452,False
2022-01-23,U,rail,112997,False
2022-01-24,W,rail,235351,False
2022-01-25,W,rail,234112,False
2022-01-26,W,rail,215518,False
2022-01-27,W,rail,254620,False
2022-01-28,W,rail,229809,False
2022-01-29,A,rail,160644,False
2022-01-30,U,rail,115445,False
2022-01-31,W,rail,253283,False
2022-02-01,W,rail,273732,False
2022-02-02,W,rail,189573,False
2022-02-03,W,rail,232018,False
2022-02-04,W,rail,263572,False
2022-02-05,A,rail,169731,False
2022-02-06,U,rail,125211,False
2022-02-07,W,rail,257867,False
2022-02-08,W,rail,280312,False
2022-02-09,W,rail,283336,False
2022-02-10,W,rail,284248,False
2022-02-11,W,rail,269373,False
2022-02-12,A,rail,177109,False
2022-02-13,U,rail,133282,False
2022-02-14,W,rail,260703,False
2022-02-15,W,rail,282736,False
2022-02-16,W,rail,286506,False
2022-02-17,W,rail,260175,False
2022-02-18,W,rail,268927,False
2022-02-19,A,rail,179991,False
2022-02-20,U,rail,146532,False
2022-02-21,W,rail,219366,True
2022-02-22,W,rail,275702,False
2022-02-23,W,rail,288569,False
2022-02-24,W,rail,290246,False
2022-02-25,W,rail,278287,False
2022-02-26,A,rail,190557,False
2022-02-27,U,rail,139377,False
2022-02-28,W,rail,272433,False
2022-03-01,W,rail,297951,False
2022-03-02,W,rail,304639,False
2022-03-03,W,rail,301344,False
2022-03-04,W,rail,288975,False
2022-03-05,A,rail,221714,False
2022-03-06,U,rail,141976,False
2022-03-07,W,rail,261592,False
2022-03-08,W,rail,303631,False
2022-03-09,W,rail,310336,False
2022-03-10,W,rail,310435,False
2022-03-11,W,rail,294476,False
2022-03-12,A,rail,287526,True
2022-03-13,U,rail,168821,False
2022-03-14,W,rail,294168,False
2022-03-15,W,rail,322609,False
2022-03-16,W,rail,333597,False
2022-03-17,W,rail,336933,True
2022-03-18,W,rail,292739,False
2022-03-19,A,rail,203842,False
2022-03-20,U,rail,183597,True
2022-03-21,W,rail,286077,False
2022-03-22,W,rail,290803,False
2022-03-23,W,rail,285528,False
2022-03-24,W,rail,279960,False
2022-03-25,W,rail,290569,False
2022-03-26,A,rail,191025,False
2022-03-27,U,rail,147865,False
2022-03-28,W,rail,283316,False
2022-03-29,W,rail,310432,False
2022-03-30,W,rail,299471,False
2022-03-31,W,rail,313624,False
2022-04-01,W,rail,314610,False
2022-04-02,A,rail,194383,False
2022-04-03,U,rail,153875,False
2022-04-04,W,rail,291019,False
2022-04-05,W,rail,326164,False
2022-04-06,W,rail,327753,False
2022-04-07,W,rail,346853,False
2022-04-08,W,rail,301320,False
2022-04-09,A,rail,232566,False
2022-04-10,U,rail,184272,False
2022-04-11,W,rail,276040,False
2022-04-12,W,rail,323042,False
2022-04-13,W,rail,290641,False
2022-04-14,W,rail,316347,False
2022-04-15,W,rail,276605,False
2022-04-16,A,rail,216395,False
2022-04-17,U,rail,139738,False
2022-04-18,W,rail,279342,False
2022-04-19,W,rail,324667,False
2022-04-20,W,rail,322677,False
2022-04-21,W,rail,339779,False
2022-04-22,W,rail,295319,False
2022-04-23,A,rail,278763,False
2022-04-24,U,rail,162462,False
2022-04-25,W,rail,293934,False
2022-04-26,W,rail,323321,False
2022-04-27,W,rail,325530,False
2022-04-28,W,rail,329024,False
2022-04-29,W,rail,324138,False
2022-04-30,A,rail,208693,False
2022-05-01,U,rail,167306,False
2022-05-02,W,rail,288292,False
2022-05-03,W,rail,304189,False
2022-05-04,W,rail,344233,False
2022-05-05,W,rail,329241,False
2022-05-06,W,rail,298387,False
2022-05-07,A,rail,262869,False
2022-05-08,U,rail,167467,False
2022-05-09,W,rail,296458,False
2022-05-10,W,rail,334899,False
2022-05-11,W,rail,332548,False
2022-05-12,W,rail,345676,False
2022-05-13,W,rail,332657,False
2022-05-14,A,rail,249361,False
2022-05-15,U,rail,171982,False
2022-05-16,W,rail,304494,False
2022-05-17,W,rail,337079,False
2022-05-18,W,rail,322841,False
2022-05-19,W,rail,351429,False
2022-05-20,W,rail,321127,False
2022-05-21,A,rail,218972,False
2022-05-22,U,rail,193002,False
2022-05-23,W,rail,297901,False
2022-05-24,W,rail,336010,False
2022-05-25,W,rail,319883,False
2022-05-26,W,rail,332069,False
2022-05-27,W,rail,299737,False
2022-05-28,A,rail,280228,False
2022-05-29,U,rail,246793,False
2022-05-30,U,rail,210421,False
2022-05-31,W,rail,326376,False
2022-06-01,W,rail,346924,False
2022-06-02,W,rail,355544,False
2022-06-03,W,rail,353934,False
2022-06-04,A,rail,261915,False
2022-06-05,U,rail,216530,False
2022-06-06,W,rail,291922,False
2022-06-07,W,rail,348945,False
2022-06-08,W,rail,328980,False
2022-06-09,W,rail,359630,False
2022-06-10,W,rail,327910,False
2022-06-11,A,rail,264509,False
2022-06-12,U,rail,193587,False
2022-06-13,W,rail,306621,False
2022-06-14,W,rail,345831,False
2022-06-15,W,rail,338852,False
2022-06-16,W,rail,351622,False
2022-06-17,W,rail,356445,False
2022-06-18,A,rail,307051,False
2022-06-19,U,rail,226033,False
2022-06-20,W,rail,257700,False
2022-06-21,W,rail,321100,False
2022-06-22,W,rail,335641,False
2022-06-23,W,rail,345391,False
2022-06-24,W,rail,353308,False
2022-06-25,A,rail,259318,False
2022-06-26,U,rail,301320,True
2022-06-27,W,rail,298347,False
2022-06-28,W,rail,348827,False
2022-06-29,W,rail,350300,False
2022-06-30,W,rail,354302,False
2022-07-01,W,rail,319073,False
2022-07-02,A,rail,271980,False
2022-07-03,U,rail,221003,False
2022-07-04,U,rail,158486,False
2022-07-05,W,rail,283797,False
2022-07-06,W,rail,315347,False
2022-07-07,W,rail,331132,False
2022-07-08,W,rail,323371,False
2022-07-09,A,rail,288100,False
2022-07-10,U,rail,208566,False
2022-07-11,W,rail,289480,False
2022-07-12,W,rail,351612,False
2022-07-13,W,rail,357923,False
2022-07-14,W,rail,364927,False
2022-07-15,W,rail,307877,False
2022-07-16,A,rail,295499,False
2022-07-17,U,rail,208264,False
2022-07-18,W,rail,299248,False
2022-07-19,W,rail,335621,False
2022-07-20,W,rail,338205,False
2022-07-21,W,rail,342598,False
2022-07-22,W,rail,323821,False
2022-07-23,A,rail,265291,False
2022-07-24,U,rail,202481,False
2022-07-25,W,rail,314719,False
2022-07-26,W,rail,352662,False
2022-07-27,W,rail,340006,False
2022-07-28,W,rail,380517,False
2022-07-29,W,rail,378849,False
2022-07-30,A,rail,327388,False
2022-07-31,U,rail,252781,False
2022-08-01,W,rail,304820,False
2022-08-02,W,rail,335737,False
2022-08-03,W,rail,321771,False
2022-08-04,W,rail,341966,False
2022-08-05,W,rail,357462,False
2022-08-06,A,rail,280369,False
2022-08-07,U,rail,193344,False
2022-08-08,W,rail,286194,False
2022-08-09,W,rail,352582,False
2022-08-10,W,rail,346182,False
2022-08-11,W,rail,337937,False
2022-08-12,W,rail,320260,False
2022-08-13,A,rail,253835,False
2022-08-14,U,rail,189154,False
2022-08-15,W,rail,312773,False
2022-08-16,W,rail,335456,False
2022-08-17,W,rail,335610,False
2022-08-18,W,rail,343155,False
2022-08-19,W,rail,359501,False
2022-08-20,A,rail,263681,False
2022-08-21,U,rail,221628,False
2022-08-22,W,rail,322408,False
2022-08-23,W,rail,370191,False
2022-08-24,W,rail,369646,False
2022-08-25,W,rail,367289,False
2022-08-26,W,rail,347989,False
2022-08-27,A,rail,249105,False
2022-08-28,U,rail,188705,False
2022-08-29,W,rail,307410,False
2022-08-30,W,rail,366870,False
2022-08-31,W,rail,366459,False
2022-09-01,W,rail,371181,False
2022-09-02,W,rail,361289,False
2022-09-03,A,rail,291196,False
2022-09-04,U,rail,227410,False
2022-09-05,U,rail,180944,False
2022-09-06,W,rail,365689,False
2022-09-07,W,rail,388259,False
2022-09-08,W,rail,391210,False
2022-09-09,W,rail,373012,False
2022-09-10,A,rail,293144,False
2022-09-11,U,rail,175036,False
2022-09-12,W,rail,342767,False
2022-09-13,W,rail,390462,False
2022-09-14,W,rail,395177,False
2022-09-15,W,rail,409158,False
2022-09-16,W,rail,431965,False
2022-09-17,A,rail,324035,False
2022-09-18,U,rail,241024,False
2022-09-19,W,rail,350160,False
2022-09-20,W,rail,387279,False
2022-09-21,W,rail,392818,False
2022-09-22,W,rail,398846,False
2022-09-23,W,rail,354789,False
2022-09-24,A,rail,265000,False
2022-09-25,U,rail,196621,False
2022-09-26,W,rail,338256,False
2022-09-27,W,rail,392549,False
2022-09-28,W,rail,399004,False
2022-09-29,W,rail,399396,False
2022-09-30,W,rail,372584,False
2022-10-01,A,rail,278557,False
2022-10-02,U,rail,198343,False
2022-10-03,W,rail,347552,False
2022-10-04,W,rail,387120,False
2022-10-05,W,rail,386695,False
2022-10-06,W,rail,407379,False
2022-10-07,W,rail,385824,False
2022-10-08,A,rail,300298,False
2022-10-09,U,rail,351798,True
2022-10-10,W,rail,332397,False
2022-10-11,W,rail,397158,False
2022-10-12,W,rail,384939,False
2022-10-13,W,rail,420167,False
2022-10-14,W,rail,372144,False
2022-10-15,A,rail,272080,False
2022-10-16,U,rail,191906,False
2022-10-17,W,rail,332889,False
2022-10-18,W,rail,372296,False
2022-10-19,W,rail,378834,False
2022-10-20,W,rail,383470,False
2022-10-21,W,rail,343986,False
2022-10-22,A,rail,254638,False
2022-10-23,U,rail,189552,False
2022-10-24,W,rail,342781,False
2022-10-25,W,rail,370030,False
2022-10-26,W,rail,393904,False
2022-10-27,W,rail,395129,False
2022-10-28,W,rail,352842,False
2022-10-29,A,rail,254149,False
2022-10-30,U,rail,177961,False
2022-10-31,W,rail,318942,False
2022-11-01,W,rail,378179,False
2022-11-02,W,rail,379413,False
2022-11-03,W,rail,389939,False
2022-11-04,W,rail,345651,False
2022-11-05,A,rail,239302,False
2022-11-06,U,rail,195418,False
2022-11-07,W,rail,345095,False
2022-11-08,W,rail,343165,False
2022-11-09,W,rail,382075,False
2022-11-10,W,rail,396488,False
2022-11-11,W,rail,329637,False
2022-11-12,A,rail,233513,False
2022-11-13,U,rail,184686,False
2022-11-14,W,rail,330831,False
2022-11-15,W,rail,363154,False
2022-11-16,W,rail,367015,False
2022-11-17,W,rail,368122,False
2022-11-18,W,rail,348326,False
2022-11-19,A,rail,231052,False
2022-11-20,U,rail,163384,False
2022-11-21,W,rail,299744,False
2022-11-22,W,rail,314006,False
2022-11-23,W,rail,275787,False
2022-11-24,U,rail,111986,False
2022-11-25,W,rail,216040,False
2022-11-26,A,rail,206385,False
2022-11-27,U,rail,145822,False
2022-11-28,W,rail,306743,False
2022-11-29,W,rail,346172,False
2022-11-30,W,rail,342095,False
2022-12-01,W,rail,351763,False
2022-12-02,W,rail,327826,False
2022-12-03,A,rail,235937,False
2022-12-04,U,rail,175364,False
2022-12-05,W,rail,301290,False
2022-12-06,W,rail,343974,False
2022-12-07,W,rail,348450,False
2022-12-08,W,rail,354293,False
2022-12-09,W,rail,310116,False
2022-12-10,A,rail,250406,False
2022-12-11,U,rail,181270,False
2022-12-12,W,rail,309804,False
2022-12-13,W,rail,350345,False
2022-12-14,W,rail,334180,False
2022-12-15,W,rail,357938,False
2022-12-16,W,rail,317559,False
2022-12-17,A,rail,221530,False
2022-12-18,U,rail,168395,False
2022-12-19,W,rail,271588,False
2022-12-20,W,rail,301658,False
2022-12-21,W,rail,293415,False
2022-12-22,W,rail,211520,False
2022-12-23,W,rail,107314,False
2022-12-24,A,rail,94387,True
2022-12-25,U,rail,55366,False
2022-12-26,U,rail,123005,False
2022-12-27,W,rail,202638,False
2022-12-28,W,rail,212073,False
2022-12-29,W,rail,231287,False
2022-12-30,W,rail,243067,False
2022-12-31,A,rail,181031,False
2023-01-01,U,rail,140776,False
2023-01-02,U,rail,165797,False
2023-01-03,W,rail,275846,False
2023-01-04,W,rail,292474,False
2023-01-05,W,rail,292708,False
2023-01-06,W,rail,258636,False
2023-01-07,A,rail,183930,False
2023-01-08,U,rail,145377,False
2023-01-09,W,rail,296803,False
2023-01-10,W,rail,345615,False
2023-01-11,W,rail,343468,False
2023-01-12,W,rail,340171,False
2023-01-13,W,rail,292169,False
2023-01-14,A,rail,201672,False
2023-01-15,U,rail,154138,False
2023-01-16,W,rail,196321,False
2023-01-17,W,rail,344762,False
2023-01-18,W,rail,346875,False
2023-01-19,W,rail,347238,False
2023-01-20,W,rail,296350,False
2023-01-21,A,rail,196802,False
2023-01-22,U,rail,140538,False
2023-01-23,W,rail,307836,False
2023-01-24,W,rail,355136,False
2023-01-25,W,rail,337076,False
2023-01-26,W,rail,350067,False
2023-01-27,W,rail,290048,False
2023-01-28,A,rail,190883,False
2023-01-29,U,rail,144673,False
2023-01-30,W,rail,284230,False
2023-01-31,W,rail,311121,False
2023-02-01,W,rail,332706,False
2023-02-02,W,rail,339244,False
2023-02-03,W,rail,247871,False
2023-02-04,A,rail,188543,False
2023-02-05,U,rail,147681,False
2023-02-06,W,rail,304675,False
2023-02-07,W,rail,348998,False
2023-02-08,W,rail,348441,False
2023-02-09,W,rail,326676,False
2023-02-10,W,rail,289003,False
2023-02-11,A,rail,182401,False
2023-02-12,U,rail,139964,False
2023-02-13,W,rail,298814,False
2023-02-14,W,rail,355572,False
2023-02-15,W,rail,346762,False
2023-02-16,W,rail,324574,False
2023-02-17,W,rail,297527,False
2023-02-18,A,rail,213471,False
2023-02-19,U,rail,167599,False
2023-02-20,W,rail,251523,False
2023-02-21,W,rail,349053,False
2023-02-22,W,rail,320183,False
2023-02-23,W,rail,349987,False
2023-02-24,W,rail,303528,False
2023-02-25,A,rail,199947,False
2023-02-26,U,rail,152718,False
2023-02-27,W,rail,284156,False
2023-02-28,W,rail,350093,False
2023-03-01,W,rail,357399,False
2023-03-02,W,rail,352552,False
2023-03-03,W,rail,285055,False
2023-03-04,A,rail,209545,False
2023-03-05,U,rail,156086,False
2023-03-06,W,rail,303195,False
2023-03-07,W,rail,362941,False
2023-03-08,W,rail,359517,False
2023-03-09,W,rail,352220,False
2023-03-10,W,rail,312533,False
2023-03-11,A,rail,340919,True
2023-03-12,U,rail,159274,False
2023-03-13,W,rail,307389,False
2023-03-14,W,rail,366497,False
2023-03-15,W,rail,367880,False
2023-03-16,W,rail,360728,False
2023-03-17,W,rail,319561,False
2023-03-18,A,rail,199267,False
2023-03-19,U,rail,157695,False
2023-03-20,W,rail,300593,False
2023-03-21,W,rail,347098,False
2023-03-22,W,rail,340260,False
2023-03-23,W,rail,342562,False
2023-03-24,W,rail,306297,False
2023-03-25,A,rail,202198,False
2023-03-26,U,rail,179536,False
2023-03-27,W,rail,320115,False
2023-03-28,W,rail,365749,False
2023-03-29,W,rail,353192,False
2023-03-30,W,rail,388264,False
2023-03-31,W,rail,309609,False
2023-04-01,A,rail,235235,False
2023-04-02,U,rail,191192,False
2023-04-03,W,rail,304009,False
2023-04-04,W,rail,325448,False
2023-04-05,W,rail,335701,False
2023-04-06,W,rail,353018,False
2023-04-07,W,rail,312653,False
2023-04-08,A,rail,244038,False
2023-04-09,U,rail,168475,False
2023-04-10,W,rail,324608,False
2023-04-11,W,rail,388288,False
2023-04-12,W,rail,388965,False
2023-04-13,W,rail,386440,False
2023-04-14,W,rail,353807,False
2023-04-15,A,rail,254964,False
2023-04-16,U,rail,157603,False
2023-04-17,W,rail,310077,False
2023-04-18,W,rail,378471,False
2023-04-19,W,rail,380103,False
2023-04-20,W,rail,393967,False
2023-04-21,W,rail,360742,False
2023-04-22,A,rail,240134,False
2023-04-23,U,rail,174185,False
2023-04-24,W,rail,328298,False
2023-04-25,W,rail,378228,False
2023-04-26,W,rail,388688,False
2023-04-27,W,rail,395661,False
2023-04-28,W,rail,340242,False
2023-04-29,A,rail,224434,False
2023-04-30,U,rail,165311,False
2023-05-01,W,rail,315630,False
2023-05-02,W,rail,372211,False
2023-05-03,W,rail,381538,False
2023-05-04,W,rail,391265,False
2023-05-05,W,rail,367635,False
2023-05-06,A,rail,259476,False
2023-05-07,U,rail,198280,False
2023-05-08,W,rail,325860,False
2023-05-09,W,rail,396388,False
2023-05-10,W,rail,397870,False
2023-05-11,W,rail,384804,False
2023-05-12,W,rail,328362,False
2023-05-13,A,rail,221075,False
2023-05-14,U,rail,156364,False
2023-05-15,W,rail,320403,False
2023-05-16,W,rail,384145,False
2023-05-17,W,rail,382604,False
2023-05-18,W,rail,390005,False
2023-05-19,W,rail,337006,False
2023-05-20,A,rail,241214,False
2023-05-21,U,rail,193053,False
2023-05-22,W,rail,333292,False
2023-05-23,W,rail,406630,False
2023-05-24,W,rail,401039,False
2023-05-25,W,rail,395099,False
2023-05-26,W,rail,356184,False
2023-05-27,A,rail,290957,False
2023-05-28,U,rail,247157,False
2023-05-29,U,rail,209702,False
2023-05-30,W,rail,382375,False
2023-05-31,W,rail,389469,False
2023-06-01,W,rail,393187,False
2023-06-02,W,rail,386122,False
2023-06-03,A,rail,300646,False
2023-06-04,U,rail,238509,False
2023-06-05,W,rail,350028,True
2023-06-06,W,rail,389250,False
2023-06-07,W,rail,390851,False
2023-06-08,W,rail,387473,False
2023-06-09,W,rail,381247,False
2023-06-10,A,rail,320326,False
2023-06-11,U,rail,193563,False
2023-06-12,W,rail,327050,True
2023-06-13,W,rail,375000,False
2023-06-14,W,rail,392696,False
2023-06-15,W,rail,398441,False
2023-06-16,W,rail,361553,False
2023-06-17,A,rail,295909,False
2023-06-18,U,rail,221073,False
2023-06-19,W,rail,261569,True
2023-06-20,W,rail,375171,False
2023-06-21,W,rail,401487,False
2023-06-22,W,rail,402155,False
2023-06-23,W,rail,383443,False
2023-06-24,A,rail,298557,False
2023-06-25,U,rail,295714,False
2023-06-26,W,rail,323554,False
2023-06-27,W,rail,395754,False
2023-06-28,W,rail,392034,False
2023-06-29,W,rail,393963,False
2023-06-30,W,rail,378120,False
2023-07-01,A,rail,311337,False
2023-07-02,U,rail,192380,False
2023-07-03,W,rail,293378,False
2023-07-04,U,rail,195858,False
2023-07-05,W,rail,324432,False
2023-07-06,W,rail,375201,False
2023-07-07,W,rail,347499,False
2023-07-08,A,rail,259570,False
2023-07-09,U,rail,205204,False
2023-07-10,W,rail,330776,False
2023-07-11,W,rail,372976,False
2023-07-12,W,rail,354104,False
2023-07-13,W,rail,394862,False
2023-07-14,W,rail,373807,False
2023-07-15,A,rail,287408,False
2023-07-16,U,rail,234238,False
2023-07-17,W,rail,349113,False
2023-07-18,W,rail,398713,False
2023-07-19,W,rail,402686,False
2023-07-20,W,rail,414002,False
2023-07-21,W,rail,389288,False
2023-07-22,A,rail,312905,False
2023-07-23,U,rail,247161,False
2023-07-24,W,rail,338496,False
2023-07-25,W,rail,383391,False
2023-07-26,W,rail,371278,False
2023-07-27,W,rail,385163,False
2023-07-28,W,rail,334517,False
2023-07-29,A,rail,286441,False
2023-07-30,U,rail,219936,False
2023-07-31,W,rail,334195,False
2023-08-01,W,rail,389535,False
2023-08-02,W,rail,423358,False
2023-08-03,W,rail,480968,False
2023-08-04,W,rail,456039,False
2023-08-05,A,rail,346075,False
2023-08-06,U,rail,298188,False
2023-08-07,W,rail,346627,False
2023-08-08,W,rail,388916,False
2023-08-09,W,rail,394563,False
2023-08-10,W,rail,383545,False
2023-08-11,W,rail,370307,False
2023-08-12,A,rail,315090,False
2023-08-13,U,rail,225085,False
2023-08-14,W,rail,290559,True
2023-08-15,W,rail,382517,False
2023-08-16,W,rail,390193,False
2023-08-17,W,rail,366327,False
2023-08-18,W,rail,366654,False
2023-08-19,A,rail,303336,False
2023-08-20,U,rail,239159,False
2023-08-21,W,rail,343866,False
2023-08-22,W,rail,390141,False
2023-08-23,W,rail,365111,False
2023-08-24,W,rail,365055,False
2023-08-25,W,rail,375055,False
2023-08-26,A,rail,273589,False
2023-08-27,U,rail,218533,False
2023-08-28,W,rail,371199,False
2023-08-29,W,rail,418817,False
2023-08-30,W,rail,420080,False
2023-08-31,W,rail,413083,False
2023-09-01,W,rail,386812,False
2023-09-02,A,rail,291029,False
2023-09-03,U,rail,248524,False
2023-09-04,U,rail,220411,False
2023-09-05,W,rail,409043,False
2023-09-06,W,rail,425429,False
2023-09-07,W,rail,442432,False
2023-09-08,W,rail,397332,False
2023-09-09,A,rail,323033,False
2023-09-10,U,rail,247808,False
2023-09-11,W,rail,356445,True
2023-09-12,W,rail,432403,False
2023-09-13,W,rail,431950,False
2023-09-14,W,rail,437320,False
2023-09-15,W,rail,432176,False
2023-09-16,A,rail,340865,False
2023-09-17,U,rail,219746,False
2023-09-18,W,rail,382031,False
2023-09-19,W,rail,432367,False
2023-09-20,W,rail,447165,False
2023-09-21,W,rail,449600,False
2023-09-22,W,rail,400937,False
2023-09-23,A,rail,312772,False
2023-09-24,U,rail,234578,False
2023-09-25,W,rail,370891,False
2023-09-26,W,rail,416619,False
2023-09-27,W,rail,427267,False
2023-09-28,W,rail,437574,False
2023-09-29,W,rail,401168,False
2023-09-30,A,rail,301206,False
2023-10-01,U,rail,229368,False
2023-10-02,W,rail,378334,False
2023-10-03,W,rail,434467,False
2023-10-04,W,rail,445787,False
2023-10-05,W,rail,447707,False
2023-10-06,W,rail,428321,False
2023-10-07,A,rail,334134,False
2023-10-08,U,rail,403385,True
2023-10-09,W,rail,366694,False
2023-10-10,W,rail,443465,False
2023-10-11,W,rail,442594,False
2023-10-12,W,rail,433731,False
2023-10-13,W,rail,373986,True
2023-10-14,A,rail,266624,False
2023-10-15,U,rail,222768,False
2023-10-16,W,rail,374520,True
2023-10-17,W,rail,440241,False
2023-10-18,W,rail,439266,False
2023-10-19,W,rail,433975,False
2023-10-20,W,rail,395292,False
2023-10-21,A,rail,309900,False
2023-10-22,U,rail,219804,False
2023-10-23,W,rail,379650,False
2023-10-24,W,rail,434867,False
2023-10-25,W,rail,426962,False
2023-10-26,W,rail,412606,False
2023-10-27,W,rail,373004,False
2023-10-28,A,rail,275006,False
2023-10-29,U,rail,185823,False
2023-10-30,W,rail,367453,False
2023-10-31,W,rail,390110,False
2023-11-01,W,rail,410084,False
2023-11-02,W,rail,419780,False
2023-11-03,W,rail,373412,False
2023-11-04,A,rail,280222,False
2023-11-05,U,rail,200577,False
2023-11-06,W,rail,375471,False
2023-11-07,W,rail,424318,False
2023-11-08,W,rail,422082,False
2023-11-09,W,rail,454074,False
2023-11-10,W,rail,351382,False
2023-11-11,A,rail,266284,False
2023-11-12,U,rail,195035,False
2023-11-13,W,rail,370511,False
2023-11-14,W,rail,424128,False
2023-11-15,W,rail,422609,False
2023-11-16,W,rail,415406,False
2023-11-17,W,rail,418827,False
2023-11-18,A,rail,315864,False
2023-11-19,U,rail,201431,False
2023-11-20,W,rail,334103,False
2023-11-21,W,rail,339605,False
2023-11-22,W,rail,298121,False
2023-11-23,U,rail,128326,False
2023-11-24,W,rail,227199,False
2023-11-25,A,rail,213175,False
2023-11-26,U,rail,160320,False
2023-11-27,W,rail,325992,False
2023-11-28,W,rail,368618,False
2023-11-29,W,rail,387126,False
2023-11-30,W,rail,396342,False
2023-12-01,W,rail,339748,False
2023-12-02,A,rail,260456,False
2023-12-03,U,rail,172945,False
2023-12-04,W,rail,337666,False
2023-12-05,W,rail,384481,False
2023-12-06,W,rail,389802,False
2023-12-07,W,rail,404303,False
2023-12-08,W,rail,372605,False
2023-12-09,A,rail,283097,False
2023-12-10,U,rail,196318,False
2023-12-11,W,rail,326238,False
2023-12-12,W,rail,378617,False
2023-12-13,W,rail,378896,False
2023-12-14,W,rail,384778,False
2023-12-15,W,rail,351722,False
2023-12-16,A,rail,230799,False
2023-12-17,U,rail,184885,False
2023-12-18,W,rail,306545,False
2023-12-19,W,rail,342290,False
2023-12-20,W,rail,343581,False
2023-12-21,W,rail,325377,False
2023-12-22,W,rail,267301,False
2023-12-23,A,rail,206358,False
2023-12-24,U,rail,141693,False
2023-12-25,U,rail,80206,False
2023-12-26,W,rail,208665,False
2023-12-27,W,rail,252136,False
2023-12-28,W,rail,253397,False
2023-12-29,W,rail,261610,False
2023-12-30,A,rail,212901,False
2023-12-31,U,rail,187144,False
2024-01-01,U,rail,152767,False
2024-01-02,W,rail,278216,False
2024-01-03,W,rail,307037,False
2024-01-04,W,rail,317437,False
2024-01-05,W,rail,280897,False
2024-01-06,A,rail,196983,False
2024-01-07,U,rail,152158,False
2024-01-08,W,rail,326817,False
2024-01-09,W,rail,330005,False
2024-01-10,W,rail,369768,False
2024-01-11,W,rail,377922,False
2024-01-12,W,rail,239249,False
2024-01-13,A,rail,183824,False
2024-01-14,U,rail,93057,False
2024-01-15,W,rail,127069,False
2024-01-16,W,rail,185903,False
2024-01-17,W,rail,322741,False
2024-01-18,W,rail,362414,False
2024-01-19,W,rail,293650,False
2024-01-20,A,rail,191705,False
2024-01-21,U,rail,147028,False
2024-01-22,W,rail,336751,False
2024-01-23,W,rail,369664,False
2024-01-24,W,rail,389714,False
2024-01-25,W,rail,390971,False
2024-01-26,W,rail,329826,False
2024-01-27,A,rail,222033,False
2024-01-28,U,rail,158081,False
2024-01-29,W,rail,340556,False
2024-01-30,W,rail,388718,False
2024-01-31,W,rail,389322,False
2024-02-01,W,rail,393012,False
2024-02-02,W,rail,329307,False
2024-02-03,A,rail,230410,False
2024-02-04,U,rail,168339,False
2024-02-05,W,rail,339256,False
2024-02-06,W,rail,390513,False
2024-02-07,W,rail,389227,False
2024-02-08,W,rail,391355,False
2024-02-09,W,rail,333453,True
2024-02-10,A,rail,231891,False
2024-02-11,U,rail,165836,False
2024-02-12,W,rail,325070,False
2024-02-13,W,rail,395880,False
2024-02-14,W,rail,397294,False
2024-02-15,W,rail,387472,False
2024-02-16,W,rail,325332,True
2024-02-17,A,rail,224306,False
2024-02-18,U,rail,189881,False
2024-02-19,W,rail,271357,True
2024-02-20,W,rail,389327,False
2024-02-21,W,rail,395915,False
2024-02-22,W,rail,396466,False
2024-02-23,W,rail,336416,False
2024-02-24,A,rail,225233,False
2024-02-25,U,rail,175446,False
2024-02-26,W,rail,347691,False
2024-02-27,W,rail,392420,False
2024-02-28,W,rail,375242,False
2024-02-29,W,rail,386672,False
2024-03-01,W,rail,335736,False
2024-03-02,A,rail,252550,False
2024-03-03,U,rail,184885,False
2024-03-04,W,rail,334107,False
2024-03-05,W,rail,383689,False
2024-03-06,W,rail,393574,False
2024-03-07,W,rail,390865,False
2024-03-08,W,rail,314783,False
2024-03-09,A,rail,245369,False
2024-03-10,U,rail,178611,False
2024-03-11,W,rail,351801,False
2024-03-12,W,rail,411314,False
2024-03-13,W,rail,416180,False
2024-03-14,W,rail,393348,False
2024-03-15,W,rail,386514,False
2024-03-16,A,rail,499424,True
2024-03-17,U,rail,206731,False
2024-03-18,W,rail,346463,False
2024-03-19,W,rail,396834,False
2024-03-20,W,rail,392077,False
2024-03-21,W,rail,383735,False
2024-03-22,W,rail,318712,True
2024-03-23,A,rail,249326,False
2024-03-24,U,rail,206108,False
2024-03-25,W,rail,319635,False
2024-03-26,W,rail,359360,False
2024-03-27,W,rail,364672,False
2024-03-28,W,rail,374590,False
2024-03-29,W,rail,313507,False
2024-03-30,A,rail,244072,False
2024-03-31,U,rail,158867,False
2024-04-01,W,rail,333881,False
2024-04-02,W,rail,393519,False
2024-04-03,W,rail,395413,False
2024-04-04,W,rail,401414,False
2024-04-05,W,rail,375602,False
2024-04-06,A,rail,286304,False
2024-04-07,U,rail,185460,False
2024-04-08,W,rail,352426,False
2024-04-09,W,rail,400628,False
2024-04-10,W,rail,405524,False
2024-04-11,W,rail,397195,False
2024-04-12,W,rail,365492,False
2024-04-13,A,rail,281343,False
2024-04-14,U,rail,210780,False
2024-04-15,W,rail,369259,False
2024-04-16,W,rail,405400,False
2024-04-17,W,rail,408474,False
2024-04-18,W,rail,417750,False
2024-04-19,W,rail,383321,False
2024-04-20,A,rail,279746,False
2024-04-21,U,rail,203722,False
2024-04-22,W,rail,353190,False
2024-04-23,W,rail,410045,False
2024-04-24,W,rail,416815,False
2024-04-25,W,rail,428724,False
2024-04-26,W,rail,355278,False
2024-04-27,A,rail,286199,False
2024-04-28,U,rail,196481,False
2024-04-29,W,rail,349857,False
2024-04-30,W,rail,409097,False
2024-05-01,W,rail,416920,False
2024-05-02,W,rail,409105,False
2024-05-03,W,rail,388593,False
2024-05-04,A,rail,299808,False
2024-05-05,U,rail,226928,False
2024-05-06,W,rail,379559,False
2024-05-07,W,rail,412646,False
2024-05-08,W,rail,443868,False
2024-05-09,W,rail,406557,False
2024-05-10,W,rail,378284,False
2024-05-11,A,rail,273276,False
2024-05-12,U,rail,203067,False
2024-05-13,W,rail,349237,False
2024-05-14,W,rail,410254,False
2024-05-15,W,rail,419635,False
2024-05-16,W,rail,434466,False
2024-05-17,W,rail,402254,False
2024-05-18,A,rail,315833,False
2024-05-19,U,rail,250996,False
2024-05-20,W,rail,366053,False
2024-05-21,W,rail,443937,False
2024-05-22,W,rail,450124,False
2024-05-23,W,rail,457738,False
2024-05-24,W,rail,368883,False
2024-05-25,A,rail,342285,False
2024-05-26,U,rail,220267,False
2024-05-27,U,rail,205186,False
2024-05-28,W,rail,396139,False
2024-05-29,W,rail,423439,False
2024-05-30,W,rail,424200,False
2024-05-31,W,rail,410904,False
2024-06-01,A,rail,257545,False
2024-06-02,U,rail,256837,False
2024-06-03,W,rail,377947,False
2024-06-04,W,rail,443126,False
2024-06-05,W,rail,450039,False
2024-06-06,W,rail,440625,False
2024-06-07,W,rail,384835,False
2024-06-08,A,rail,295372,False
2024-06-09,U,rail,265680,False
2024-06-10,W,rail,360674,False
2024-06-11,W,rail,415884,False
2024-06-12,W,rail,423834,False
2024-06-13,W,rail,414773,False
2024-06-14,W,rail,412548,False
2024-06-15,A,rail,329557,False
2024-06-16,U,rail,239123,False
2024-06-17,W,rail,363300,False
2024-06-18,W,rail,426829,False
2024-06-19,W,rail,349203,True
2024-06-20,W,rail,411020,False
2024-06-21,W,rail,406032,False
2024-06-22,A,rail,334791,False
2024-06-23,U,rail,259057,False
2024-06-24,W,rail,366575,False
2024-06-25,W,rail,390929,False
2024-06-26,W,rail,426272,False
2024-06-27,W,rail,434454,False
2024-06-28,W,rail,372226,False
2024-06-29,A,rail,296659,False
2024-06-30,U,rail,322925,False
2024-07-01,W,rail,362056,False
2024-07-02,W,rail,411251,False
2024-07-03,W,rail,404738,False
2024-07-04,U,rail,237409,False
2024-07-05,W,rail,346546,False
2024-07-06,A,rail,322596,False
2024-07-07,U,rail,241639,False
2024-07-08,W,rail,364702,False
2024-07-09,W,rail,400891,False
2024-07-10,W,rail,409640,False
2024-07-11,W,rail,418692,False
2024-07-12,W,rail,381120,False
2024-07-13,A,rail,300881,False
2024-07-14,U,rail,217483,False
2024-07-15,W,rail,360359,False
2024-07-16,W,rail,408295,False
2024-07-17,W,rail,417491,False
2024-07-18,W,rail,423510,False
2024-07-19,W,rail,407254,False
2024-07-20,A,rail,336971,False
2024-07-21,U,rail,262703,False
2024-07-22,W,rail,384948,False
2024-07-23,W,rail,431681,False
2024-07-24,W,rail,434300,False
2024-07-25,W,rail,427841,False
2024-07-26,W,rail,393133,False
2024-07-27,A,rail,328573,False
2024-07-28,U,rail,225835,False
2024-07-29,W,rail,347579,False
2024-07-30,W,rail,418450,False
2024-07-31,W,rail,451191,False
2024-08-01,W,rail,506493,False
2024-08-02,W,rail,474521,False
2024-08-03,A,rail,401995,False
2024-08-04,U,rail,304125,False
2024-08-05,W,rail,373023,False
2024-08-06,W,rail,418245,False
2024-08-07,W,rail,435129,False
2024-08-08,W,rail,415675,False
2024-08-09,W,rail,407471,False
2024-08-10,A,rail,355517,False
2024-08-11,U,rail,277892,False
2024-08-12,W,rail,367635,False
2024-08-13,W,rail,432482,False
2024-08-14,W,rail,414324,False
2024-08-15,W,rail,391361,False
2024-08-16,W,rail,392699,False
2024-08-17,A,rail,312275,False
2024-08-18,U,rail,253295,False
2024-08-19,W,rail,335708,False
2024-08-20,W,rail,361335,False
2024-08-21,W,rail,364450,False
2024-08-22,W,rail,377301,False
2024-08-23,W,rail,368235,False
2024-08-24,A,rail,296195,False
2024-08-25,U,rail,239814,False
2024-08-26,W,rail,376308,False
2024-08-27,W,rail,409119,False
2024-08-28,W,rail,442189,False
2024-08-29,W,rail,469123,False
2024-08-30,W,rail,417283,False
2024-08-31,A,rail,353476,False
2024-09-01,U,rail,290763,False
2024-09-02,U,rail,239695,False
2024-09-03,W,rail,437190,False
2024-09-04,W,rail,454140,False
2024-09-05,W,rail,447217,False
2024-09-06,W,rail,434618,False
2024-09-07,A,rail,335343,False
2024-09-08,U,rail,267262,False
2024-09-09,W,rail,405350,False
2024-09-10,W,rail,451939,False
2024-09-11,W,rail,452664,False
2024-09-12,W,rail,454382,False
2024-09-13,W,rail,407861,False
2024-09-14,A,rail,324266,False
2024-09-15,U,rail,257266,False
2024-09-16,W,rail,412568,False
2024-09-17,W,rail,466890,False
2024-09-18,W,rail,467380,False
2024-09-19,W,rail,478448,False
2024-09-20,W,rail,444850,False
2024-09-21,A,rail,343362,False
2024-09-22,U,rail,219586,False
2024-09-23,W,rail,407176,False
2024-09-24,W,rail,434551,False
2024-09-25,W,rail,472330,False
2024-09-26,W,rail,474890,False
2024-09-27,W,rail,418093,False
2024-09-28,A,rail,312755,False
2024-09-29,U,rail,246922,False
2024-09-30,W,rail,406220,False
2024-10-01,W,rail,457355,False
2024-10-02,W,rail,452173,False
2024-10-03,W,rail,454449,False
2024-10-04,W,rail,409598,False
2024-10-05,A,rail,318359,False
2024-10-06,U,rail,248486,False
2024-10-07,W,rail,406230,False
2024-10-08,W,rail,459661,False
2024-10-09,W,rail,467517,False
2024-10-10,W,rail,485221,False
2024-10-11,W,rail,456909,False
2024-10-12,A,rail,369877,False
2024-10-13,U,rail,466771,True
2024-10-14,W,rail,384342,False
2024-10-15,W,rail,444249,False
2024-10-16,W,rail,462121,False
2024-10-17,W,rail,466090,False
2024-10-18,W,rail,413404,False
2024-10-19,A,rail,354109,False
2024-10-20,U,rail,239392,False
2024-10-21,W,rail,403752,False
2024-10-22,W,rail,451887,False
2024-10-23,W,rail,461471,False
2024-10-24,W,rail,465121,False
2024-10-25,W,rail,408835,False
2024-10-26,A,rail,296326,False
2024-10-27,U,rail,215594,False
2024-10-28,W,rail,389359,False
2024-10-29,W,rail,444706,False
2024-10-30,W,rail,451915,False
2024-10-31,W,rail,425596,False
2024-11-01,W,rail,381782,False
2024-11-02,A,rail,281277,False
2024-11-03,U,rail,227887,False
2024-11-04,W,rail,383217,False
2024-11-05,W,rail,379110,False
2024-11-06,W,rail,427995,False
2024-11-07,W,rail,450680,False
2024-11-08,W,rail,396291,False
2024-11-09,A,rail,288855,False
2024-11-10,U,rail,232420,False
2024-11-11,W,rail,358572,False
2024-11-12,W,rail,437888,False
2024-11-13,W,rail,434362,False
2024-11-14,W,rail,439564,False
2024-11-15,W,rail,397040,False
2024-11-16,A,rail,316374,False
2024-11-17,U,rail,233733,False
2024-11-18,W,rail,383053,False
2024-11-19,W,rail,439683,False
2024-11-20,W,rail,428958,False
2024-11-21,W,rail,414493,False
2024-11-22,W,rail,431451,False
2024-11-23,A,rail,340935,False
2024-11-24,U,rail,222021,False
2024-11-25,W,rail,344627,False
2024-11-26,W,rail,356826,False
2024-11-27,W,rail,308919,False
2024-11-28,U,rail,132382,True
2024-11-29,W,rail,224635,False
2024-11-30,A,rail,217565,False
2024-12-01,U,rail,175212,False
2024-12-02,W,rail,349175,False
2024-12-03,W,rail,405908,False
2024-12-04,W,rail,411039,False
2024-12-05,W,rail,401576,False
2024-12-06,W,rail,371522,False
2024-12-07,A,rail,286352,False
2024-12-08,U,rail,216292,False
2024-12-09,W,rail,364276,False
2024-12-10,W,rail,406353,False
2024-12-11,W,rail,398016,False
2024-12-12,W,rail,350852,False
2024-12-13,W,rail,360766,False
2024-12-14,A,rail,262799,False
2024-12-15,U,rail,198006,False
2024-12-16,W,rail,342529,False
2024-12-17,W,rail,391307,False
2024-12-18,W,rail,382314,False
2024-12-19,W,rail,373795,False
2024-12-20,W,rail,326711,False
2024-12-21,A,rail,234439,False
2024-12-22,U,rail,188272,False
2024-12-23,W,rail,267754,False
2024-12-24,W,rail,181487,False
2024-12-25,U,rail,86287,False
2024-12-26,W,rail,225335,False
2024-12-27,W,rail,245475,False
2024-12-28,A,rail,222891,False
2024-12-29,U,rail,158657,False
2024-12-30,W,rail,285475,False
2024-12-31,W,rail,281447,False
2025-01-01,U,rail,192904,False
2025-01-02,W,rail,286815,False
2025-01-03,W,rail,290712,False
2025-01-04,A,rail,216349,False
2025-01-05,U,rail,156598,False
2025-01-06,W,rail,325537,False
2025-01-07,W,rail,379515,False
2025-01-08,W,rail,381427,False
2025-01-09,W,rail,377231,False
2025-01-10,W,rail,320065,False
2025-01-11,A,rail,231993,False
2025-01-12,U,rail,167566,False
2025-01-13,W,rail,350428,False
2025-01-14,W,rail,389994,False
2025-01-15,W,rail,388077,False
2025-01-16,W,rail,403599,False
2025-01-17,W,rail,359582,False
2025-01-18,A,rail,241519,False
2025-01-19,U,rail,149337,False
2025-01-20,W,rail,168638,True
2025-01-21,W,rail,213964,True
2025-01-22,W,rail,355811,False
2025-01-23,W,rail,389055,False
2025-01-24,W,rail,324370,False
2025-01-25,A,rail,234734,False
2025-01-26,U,rail,171484,False
2025-01-27,W,rail,354963,False
2025-01-28,W,rail,407799,False
2025-01-29,W,rail,408844,False
2025-01-30,W,rail,404454,False
2025-01-31,W,rail,316913,False
2025-02-01,A,rail,237678,False
2025-02-02,U,rail,176382,False
2025-02-03,W,rail,353604,False
2025-02-04,W,rail,406443,False
2025-02-05,W,rail,401074,False
2025-02-06,W,rail,389270,False
2025-02-07,W,rail,343179,False
2025-02-08,A,rail,230997,False
2025-02-09,U,rail,184140,False
2025-02-10,W,rail,348496,False
2025-02-11,W,rail,403018,False
2025-02-12,W,rail,331208,False
2025-02-13,W,rail,385304,False
2025-02-14,W,rail,335400,False
2025-02-15,A,rail,240422,False
2025-02-16,U,rail,181536,False
2025-02-17,W,rail,244659,False
2025-02-18,W,rail,333870,False
2025-02-19,W,rail,372372,False
2025-02-20,W,rail,389274,False
2025-02-21,W,rail,337263,False
2025-02-22,A,rail,240475,False
2025-02-23,U,rail,178392,False
2025-02-24,W,rail,362175,False
2025-02-25,W,rail,405412,False
2025-02-26,W,rail,406418,False
2025-02-27,W,rail,411692,False
2025-02-28,W,rail,361604,False
2025-03-01,A,rail,246424,False
2025-03-02,U,rail,184554,False
2025-03-03,W,rail,354348,False
2025-03-04,W,rail,399036,False
2025-03-05,W,rail,406995,False
2025-03-06,W,rail,414203,False
2025-03-07,W,rail,344590,False
2025-03-08,A,rail,264584,False
2025-03-09,U,rail,197588,False
2025-03-10,W,rail,380879,False
2025-03-11,W,rail,428526,False
2025-03-12,W,rail,431488,False
2025-03-13,W,rail,443842,False
2025-03-14,W,rail,426782,False
2025-03-15,A,rail,578528,True
2025-03-16,U,rail,217264,False
2025-03-17,W,rail,397964,False
2025-03-18,W,rail,444142,False
2025-03-19,W,rail,419475,False
2025-03-20,W,rail,420015,False
2025-03-21,W,rail,374920,False
2025-03-22,A,rail,276414,False
2025-03-23,U,rail,213829,False
2025-03-24,W,rail,328513,False
2025-03-25,W,rail,380398,False
2025-03-26,W,rail,381973,False
2025-03-27,W,rail,385280,False
2025-03-28,W,rail,348709,False
2025-03-29,A,rail,272473,False
2025-03-30,U,rail,194212,False
2025-03-31,W,rail,363874,False
2025-04-01,W,rail,417811,False
2025-04-02,W,rail,384684,False
2025-04-03,W,rail,448398,False
2025-04-04,W,rail,408483,False
2025-04-05,A,rail,336612,False
2025-04-06,U,rail,234208,False
2025-04-07,W,rail,384950,False
2025-04-08,W,rail,440394,False
2025-04-09,W,rail,432528,False
2025-04-10,W,rail,435867,False
2025-04-11,W,rail,399616,False
2025-04-12,A,rail,305232,False
2025-04-13,U,rail,234292,False
2025-04-14,W,rail,392199,False
2025-04-15,W,rail,441572,False
2025-04-16,W,rail,449648,False
2025-04-17,W,rail,447559,False
2025-04-18,W,rail,388980,False
2025-04-19,A,rail,298128,False
2025-04-20,U,rail,197946,False
2025-04-21,W,rail,370290,False
2025-04-22,W,rail,459783,False
2025-04-23,W,rail,458376,False
2025-04-24,W,rail,458764,False
2025-04-25,W,rail,409879,False
2025-04-26,A,rail,324508,False
2025-04-27,U,rail,251485,False
2025-04-28,W,rail,403776,False
2025-04-29,W,rail,451083,False
2025-04-30,W,rail,445816,False
2025-05-01,W,rail,447789,False
2025-05-02,W,rail,398588,False
2025-05-03,A,rail,298596,False
2025-05-04,U,rail,212285,False
2025-05-05,W,rail,409212,False
2025-05-06,W,rail,471735,False
2025-05-07,W,rail,469297,False
2025-05-08,W,rail,456161,False
2025-05-09,W,rail,408120,False
2025-05-10,A,rail,304816,False
2025-05-11,U,rail,224894,False
2025-05-12,W,rail,399002,False
2025-05-13,W,rail,459584,False
2025-05-14,W,rail,469275,False
2025-05-15,W,rail,455797,False
2025-05-16,W,rail,446648,False
2025-05-17,A,rail,351119,False
2025-05-18,U,rail,291025,False
2025-05-19,W,rail,400442,False
2025-05-20,W,rail,414254,False
2025-05-21,W,rail,435417,False
2025-05-22,W,rail,458127,False
2025-05-23,W,rail,407023,False
2025-05-24,A,rail,352134,False
2025-05-25,U,rail,280409,False
2025-05-26,U,rail,247930,False
2025-05-27,W,rail,432469,False
2025-05-28,W,rail,443464,False
2025-05-29,W,rail,450747,False
2025-05-30,W,rail,426223,False
2025-05-31,A,rail,342068,False
2025-06-01,U,rail,274853,False
2025-06-02,W,rail,408540,False
2025-06-03,W,rail,459948,False
2025-06-04,W,rail,432355,False
2025-06-05,W,rail,467995,False
2025-06-06,W,rail,439491,False
2025-06-07,A,rail,357317,False
2025-06-08,U,rail,273304,False
2025-06-09,W,rail,403747,False
2025-06-10,W,rail,471254,False
2025-06-11,W,rail,468460,False
2025-06-12,W,rail,494741,False
2025-06-13,W,rail,434661,False
2025-06-14,A,rail,445477,True
2025-06-15,U,rail,279837,False
2025-06-16,W,rail,387954,False
2025-06-17,W,rail,475334,False
2025-06-18,W,rail,426656,False
2025-06-19,W,rail,399059,False
2025-06-20,W,rail,437543,False
2025-06-21,A,rail,362564,False
2025-06-22,U,rail,272523,False
2025-06-23,W,rail,380857,False
2025-06-24,W,rail,433791,False
2025-06-25,W,rail,455201,False
2025-06-26,W,rail,481722,False
2025-06-27,W,rail,428848,False
2025-06-28,A,rail,347157,False
2025-06-29,U,rail,331024,True
2025-06-30,W,rail,385554,False
2025-07-01,W,rail,461740,False
2025-07-02,W,rail,448830,False
2025-07-03,W,rail,435512,False
2025-07-04,U,rail,283915,False
2025-07-05,A,rail,340772,False
2025-07-06,U,rail,270905,False
2025-07-07,W,rail,403250,False
2025-07-08,W,rail,447111,False
2025-07-09,W,rail,450426,False
2025-07-10,W,rail,458530,False
2025-07-11,W,rail,412182,False
2025-07-12,A,rail,340047,False
2025-07-13,U,rail,269248,False
2025-07-14,W,rail,393820,False
2025-07-15,W,rail,449385,False
2025-07-16,W,rail,443023,False
2025-07-17,W,rail,470736,False
2025-07-18,W,rail,471069,False
2025-07-19,A,rail,362224,False
2025-07-20,U,rail,299545,False
2025-07-21,W,rail,431476,False
2025-07-22,W,rail,489994,False
2025-07-23,W,rail,477607,False
2025-07-24,W,rail,435051,False
2025-07-25,W,rail,420908,False
2025-07-26,A,rail,374114,False
2025-07-27,U,rail,288486,False
2025-07-28,W,rail,389510,False
2025-07-29,W,rail,458261,False
2025-07-30,W,rail,477096,False
2025-07-31,W,rail,554424,False
2025-08-01,W,rail,542964,False
2025-08-02,A,rail,464316,True
2025-08-03,U,rail,377437,False
2025-08-04,W,rail,446058,False
2025-08-05,W,rail,483403,False
2025-08-06,W,rail,481335,False
2025-08-07,W,rail,464756,False
2025-08-08,W,rail,429046,False
2025-08-09,A,rail,351031,False
2025-08-10,U,rail,281154,False
2025-08-11,W,rail,398640,False
2025-08-12,W,rail,427909,False
2025-08-13,W,rail,456084,False
2025-08-14,W,rail,452988,False
2025-08-15,W,rail,462943,False
2025-08-16,A,rail,385469,False
2025-08-17,U,rail,316775,False
2025-08-18,W,rail,410564,False
2025-08-19,W,rail,481760,False
2025-08-20,W,rail,482944,False
2025-08-21,W,rail,492067,False
2025-08-22,W,rail,426849,False
2025-08-23,A,rail,341375,False
2025-08-24,U,rail,271530,False
2025-08-25,W,rail,417570,False
2025-08-26,W,rail,477392,False
2025-08-27,W,rail,484758,False
2025-08-28,W,rail,533270,False
2025-08-29,W,rail,489248,False
2025-08-30,A,rail,401830,False
2025-08-31,U,rail,353202,False
2025-09-01,U,rail,300248,False
2025-09-02,W,rail,481324,False
2025-09-03,W,rail,482621,False
2025-09-04,W,rail,485295,False
2025-09-05,W,rail,469348,False
2025-09-06,A,rail,382576,False
2025-09-07,U,rail,299209,False
2025-09-08,W,rail,439636,False
2025-09-09,W,rail,485475,False
2025-09-10,W,rail,495963,False
2025-09-11,W,rail,500765,False
2025-09-12,W,rail,462050,False
2025-09-13,A,rail,332671,False
2025-09-14,U,rail,276301,False
2025-09-15,W,rail,446019,False
2025-09-16,W,rail,496717,False
2025-09-17,W,rail,500989,False
2025-09-18,W,rail,512054,False
2025-09-19,W,rail,485407,False
2025-09-20,A,rail,363583,False
2025-09-21,U,rail,291395,False
2025-09-22,W,rail,442484,False
2025-09-23,W,rail,498011,False
2025-09-24,W,rail,512386,False
2025-09-25,W,rail,530667,False
2025-09-26,W,rail,462671,False
2025-09-27,A,rail,367693,False
2025-09-28,U,rail,279298,False
2025-09-29,W,rail,433247,False
2025-09-30,W,rail,508219,False
2025-10-01,W,rail,514769,False
2025-10-02,W,rail,504178,False
2025-10-03,W,rail,439014,False
2025-10-04,A,rail,338258,False
2025-10-05,U,rail,262217,False
2025-10-06,W,rail,423223,False
2025-10-07,W,rail,469717,False
2025-10-08,W,rail,519969,False
2025-10-09,W,rail,541178,False
2025-10-10,W,rail,490395,False
2025-10-11,A,rail,413476,False
2025-10-12,U,rail,557727,True
2025-10-13,W,rail,414376,False
2025-10-14,W,rail,497278,False
2025-10-15,W,rail,487505,False
2025-10-16,W,rail,503737,False
2025-10-17,W,rail,449582,False
2025-10-18,A,rail,452626,False
2025-10-19,U,rail,253066,False
2025-10-20,W,rail,432409,False
2025-10-21,W,rail,476293,False
2025-10-22,W,rail,473974,False
2025-10-23,W,rail,485055,False
2025-10-24,W,rail,425786,False
2025-10-25,A,rail,291053,False
2025-10-26,U,rail,222282,False
2025-10-27,W,rail,406067,False
2025-10-28,W,rail,474511,False
2025-10-29,W,rail,477620,False
2025-10-30,W,rail,486576,False
2025-10-31,W,rail,442259,False
2025-11-01,A,rail,327617,False
2025-11-02,U,rail,261115,False
2025-11-03,W,rail,419744,False
2025-11-04,W,rail,464993,False
2025-11-05,W,rail,466429,False
2025-11-06,W,rail,471201,False
2025-11-07,W,rail,430612,False
2025-11-08,A,rail,305025,False
2025-11-09,U,rail,219909,False
2025-11-10,W,rail,376616,False
2025-11-11,W,rail,395231,False
2025-11-12,W,rail,473816,False
2025-11-13,W,rail,476480,False
2025-11-14,W,rail,426729,False
2025-11-15,A,rail,354593,False
2025-11-16,U,rail,233468,False
2025-11-17,W,rail,415711,False
2025-11-18,W,rail,464060,False
2025-11-19,W,rail,468628,False
2025-11-20,W,rail,467611,False
2025-11-21,W,rail,468037,False
2025-11-22,A,rail,363456,False
2025-11-23,U,rail,247351,False
2025-11-24,W,rail,381922,False
2025-11-25,W,rail,387745,False
2025-11-26,W,rail,309035,False
2025-11-27,U,rail,132098,False
2025-11-28,W,rail,249231,False
2025-11-29,A,rail,211288,False
2025-11-30,U,rail,188988,False
2025-12-01,W,rail,381325,False
2025-12-02,W,rail,440785,False
2025-12-03,W,rail,452833,False
2025-12-04,W,rail,424985,False
2025-12-05,W,rail,394923,False
2025-12-06,A,rail,310919,False
2025-12-07,U,rail,218452,False
2025-12-08,W,rail,379510,False
2025-12-09,W,rail,438491,False
2025-12-10,W,rail,434547,False
2025-12-11,W,rail,439175,False
2025-12-12,W,rail,396009,False
2025-12-13,A,rail,258582,False
2025-12-14,U,rail,180692,False
2025-12-15,W,rail,336188,False
2025-12-16,W,rail,411424,False
2025-12-17,W,rail,423583,False
2025-12-18,W,rail,396000,False
2025-12-19,W,rail,345835,False
2025-12-20,A,rail,282597,False
2025-12-21,U,rail,206150,False
2025-12-22,W,rail,307963,False
2025-12-23,W,rail,308285,False
2025-12-24,W,rail,200188,False
2025-12-25,U,rail,97129,False
2025-12-26,W,rail,225567,False
2025-12-27,A,rail,220383,False
2025-12-28,U,rail,162803,False
2025-12-29,W,rail,263237,False
2025-12-30,W,rail,290152,False
2025-12-31,W,rail,289944,False
2026-01-01,U,rail,193871,False
2026-01-02,W,rail,266897,False
2026-01-03,A,rail,224048,False
2026-01-04,U,rail,187835,False
2026-01-05,W,rail,338468,False
2026-01-06,W,rail,395670,False
2026-01-07,W,rail,404037,False
2026-01-08,W,rail,396490,False
2026-01-09,W,rail,349771,False
2026-01-10,A,rail,262131,False
2026-01-11,U,rail,185125,False
2026-01-12,W,rail,375119,False
2026-01-13,W,rail,428301,False
2026-01-14,W,rail,409445,False
2026-01-15,W,rail,416542,False
2026-01-16,W,rail,354351,False
2026-01-17,A,rail,237089,False
2026-01-18,U,rail,197529,False
2026-01-19,W,rail,192340,True
2026-01-20,W,rail,381984,False
2026-01-21,W,rail,414434,False
2026-01-22,W,rail,396883,False
2026-01-23,W,rail,145668,True
2026-01-24,A,rail,156280,False
2026-01-25,U,rail,154109,False
2026-01-26,W,rail,309223,False
2026-01-27,W,rail,393460,False
2026-01-28,W,rail,396969,False
2026-01-29,W,rail,401847,False
2026-01-30,W,rail,340882,False
2026-01-31,A,rail,233048,False
2026-02-01,U,rail,183186,False
2026-02-02,W,rail,364184,False
2026-02-03,W,rail,423650,False
2026-02-04,W,rail,420723,False
2026-02-05,W,rail,415242,False
2026-02-06,W,rail,354566,False
2026-02-07,A,rail,248901,False
2026-02-08,U,rail,182992,False
2026-02-09,W,rail,359902,False
2026-02-10,W,rail,426064,False
2026-02-11,W,rail,428818,False
2026-02-12,W,rail,417057,False
2026-02-13,W,rail,371703,False
2026-02-14,A,rail,287425,False
2026-02-15,U,rail,224299,False
2026-02-16,W,rail,305664,False
2026-02-17,W,rail,409165,False
2026-02-18,W,rail,435487,False
2026-02-19,W,rail,428673,False
2026-02-20,W,rail,353219,False
2026-02-21,A,rail,261821,False
2026-02-22,U,rail,177621,False
2026-02-23,W,rail,356212,False
2026-02-24,W,rail,416203,False
2026-02-25,W,rail,425585,False
2026-02-26,W,rail,421868,False
2026-02-27,W,rail,380592,False
2026-02-28,A,rail,263047,False
2026-03-01,U,rail,203933,False
2026-03-02,W,rail,360058,False
2026-03-03,W,rail,417616,False
2026-03-04,W,rail,424237,False
2026-03-05,W,rail,421818,False
2026-03-06,W,rail,356027,True
2026-03-07,A,rail,248609,False
2026-03-08,U,rail,193036,False
2026-03-09,W,rail,392502,False
2026-03-10,W,rail,422603,False
2026-03-11,W,rail,421433,False
2026-03-12,W,rail,460185,True
2026-03-13,W,rail,419196,False
2026-03-14,A,rail,553359,True
2026-03-15,U,rail,219029,False
2026-03-16,W,rail,373439,False
2026-03-17,W,rail,419010,False
2026-03-18,W,rail,423062,False
2026-03-19,W,rail,441647,False
2026-03-20,W,rail,391660,False
2026-03-21,A,rail,315594,False
2026-03-22,U,rail,232111,False
2026-03-23,W,rail,338133,False
2026-03-24,W,rail,386435,False
2026-03-25,W,rail,397051,False
2026-03-26,W,rail,393264,False
2026-03-27,W,rail,346088,False
2026-03-28,A,rail,352741,False
2026-03-29,U,rail,240934,False
2026-03-30,W,rail,424832,False
2026-03-31,W,rail,442332,False
2026-04-01,W,rail,451016,False
2026-04-02,W,rail,419466,False
2026-04-03,W,rail,379889,False
2026-04-04,A,rail,278404,True
2026-04-05,U,rail,207280,False
2026-04-06,W,rail,393504,False
2026-04-07,W,rail,450584,False
2026-04-08,W,rail,457780,False
2026-04-09,W,rail,457632,False
2026-04-10,W,rail,410306,False
2026-04-11,A,rail,330496,False
2026-04-12,U,rail,250476,False
2026-04-13,W,rail,397150,False
2026-04-14,W,rail,445919,False
2026-04-15,W,rail,447463,False
2026-04-16,W,rail,459456,False
2026-04-17,W,rail,424557,False
2026-04-18,A,rail,325338,False
2026-04-19,U,rail,239192,False
2026-04-20,W,rail,411525,False
2026-04-21,W,rail,468889,False
2026-04-22,W,rail,480559,False
2026-04-23,W,rail,480434,False
2026-04-24,W,rail,408638,False
2026-04-25,A,rail,330927,False
2026-04-26,U,rail,238809,False
2026-04-27,W,rail,366822,False
2026-04-28,W,rail,450554,False
2026-04-29,W,rail,452132,False
2026-04-30,W,rail,449242,False
2026-05-01,W,rail,427564,False
2026-05-02,A,rail,340263,False
2026-05-03,U,rail,255139,False
2026-05-04,W,rail,421101,False
2026-05-05,W,rail,473875,False
2026-05-06,W,rail,475568,False
2026-05-07,W,rail,485590,False
2026-05-08,W,rail,428810,False
2026-05-09,A,rail,329817,False
2026-05-10,U,rail,234430,False
2026-05-11,W,rail,389040,False
2026-05-12,W,rail,448226,False
2026-05-13,W,rail,458062,False
2026-05-14,W,rail,474006,False
2026-05-15,W,rail,436600,False
2026-05-16,A,rail,366870,False
2026-05-17,U,rail,304071,False
2026-05-18,W,rail,417400,False
2026-05-19,W,rail,482957,False
2026-05-20,W,rail,485962,False
2026-05-21,W,rail,461129,False
2026-05-22,W,rail,437173,False
2026-05-23,A,rail,394543,False
2026-05-24,U,rail,319205,False
2026-05-25,U,rail,270702,False
2026-05-26,W,rail,442225,False
2026-05-27,W,rail,464216,False
2026-05-28,W,rail,470807,False
2026-05-29,W,rail,429420,False
2026-05-30,A,rail,306596,False
2026-05-31,U,rail,235525,False
2026-06-01,W,rail,402581,False
2026-06-02,W,rail,490907,False
2026-06-03,W,rail,493541,False
2026-06-04,W,rail,522870,False
2026-06-05,W,rail,467507,False
2026-06-06,A,rail,390015,False
2026-06-07,U,rail,302910,False
2026-06-08,W,rail,403342,False
2026-06-09,W,rail,468590,False
2026-06-10,W,rail,451705,False
2026-06-11,W,rail,444223,False
2026-06-12,W,rail,483207,False
2026-06-13,A,rail,354833,False
2026-06-14,U,rail,258639,False
2026-06-15,W,rail,433819,False
2026-06-16,W,rail,477690,False
2026-06-17,W,rail,418372,False
2026-06-18,W,rail,478350,False
2026-06-19,W,rail,444156,False
2026-06-20,A,rail,425966,False
2026-06-21,U,rail,252345,False
2026-06-22,W,rail,414155,False
2026-06-23,W,rail,483885,False
2026-06-24,W,rail,456735,False
2026-06-25,W,rail,476115,False
2026-06-26,W,rail,432822,False
2026-06-27,A,rail,381436,False
2026-06-28,U,rail,372432,False
2026-06-29,W,rail,422790,False
2026-06-30,W,rail,459373,False
2001-01-01,U,total,423647,True
2001-01-02,W,total,1282779,False
2001-01-03,W,total,1361355,False
2001-01-04,W,total,1420032,False
2001-01-05,W,total,1448343,False
2001-01-06,A,total,832757,False
2001-01-07,U,total,545656,False
2001-01-08,W,total,1575927,False
2001-01-09,W,total,1578282,False
2001-01-10,W,total,1586936,False
2001-01-11,W,total,1603064,False
2001-01-12,W,total,1624237,False
2001-01-13,A,total,861847,False
2001-01-14,U,total,547933,False
2001-01-15,W,total,1087994,True
2001-01-16,W,total,1646530,False
2001-01-17,W,total,1639033,False
2001-01-18,W,total,1625828,False
2001-01-19,W,total,1493815,False
2001-01-20,A,total,846163,False
2001-01-21,U,total,550488,False
2001-01-22,W,total,1604713,False
2001-01-23,W,total,1630335,False
2001-01-24,W,total,1598496,False
2001-01-25,W,total,1614134,False
2001-01-26,W,total,1562363,False
2001-01-27,A,total,858914,False
2001-01-28,U,total,543253,False
2001-01-29,W,total,1540584,False
2001-01-30,W,total,1589904,False
2001-01-31,W,total,1609900,False
2001-02-01,W,total,1669876,False
2001-02-02,W,total,1544468,False
2001-02-03,A,total,875315,False
2001-02-04,U,total,582610,False
2001-02-05,W,total,1646532,False
2001-02-06,W,total,1651828,False
2001-02-07,W,total,1624081,False
2001-02-08,W,total,1617997,False
2001-02-09,W,total,1564180,False
2001-02-10,A,total,876717,False
2001-02-11,U,total,584243,False
2001-02-12,W,total,1411723,False
2001-02-13,W,total,1673587,False
2001-02-14,W,total,1615270,False
2001-02-15,W,total,1642261,False
2001-02-16,W,total,1634458,False
2001-02-17,A,total,861011,False
2001-02-18,U,total,565643,False
2001-02-19,W,total,1240338,True
2001-02-20,W,total,1645684,False
2001-02-21,W,total,1586345,False
2001-02-22,W,total,1592701,False
2001-02-23,W,total,1626587,False
2001-02-24,A,total,751988,True
2001-02-25,U,total,523769,False
2001-02-26,W,total,1618585,False
2001-02-27,W,total,1609935,False
2001-02-28,W,total,1600429,False
2001-03-01,W,total,1670329,False
2001-03-02,W,total,1673812,False
2001-03-03,A,total,965656,False
2001-03-04,U,total,564270,False
2001-03-05,W,total,1412845,True
2001-03-06,W,total,1617091,False
2001-03-07,W,total,1645128,False
2001-03-08,W,total,1612317,False
2001-03-09,W,total,1645040,False
2001-03-10,A,total,916723,False
2001-03-11,U,total,598309,False
2001-03-12,W,total,1568268,False
2001-03-13,W,total,1629032,False
2001-03-14,W,total,1644700,False
2001-03-15,W,total,1557279,False
2001-03-16,W,total,1506972,True
2001-03-17,A,total,946051,False
2001-03-18,U,total,606403,False
2001-03-19,W,total,1624169,False
2001-03-20,W,total,1652728,False
2001-03-21,W,total,1646096,False
2001-03-22,W,total,1648556,False
2001-03-23,W,total,1636290,False
2001-03-24,A,total,881167,False
2001-03-25,U,total,519559,False
2001-03-26,W,total,1572492,False
2001-03-27,W,total,1618818,False
2001-03-28,W,total,1609698,False
2001-03-29,W,total,1625125,False
2001-03-30,W,total,1568647,False
2001-03-31,A,total,907173,False
2001-04-01,U,total,610433,False
2001-04-02,W,total,1634727,False
2001-04-03,W,total,1671268,False
2001-04-04,W,total,1672982,False
2001-04-05,W,total,1579653,False
2001-04-06,W,total,1626398,False
2001-04-07,A,total,940236,False
2001-04-08,U,total,637755,False
2001-04-09,W,total,1594708,False
2001-04-10,W,total,1638128,False
2001-04-11,W,total,1592670,False
2001-04-12,W,total,1600486,False
2001-04-13,W,total,1392822,False
2001-04-14,A,total,908254,False
2001-04-15,U,total,528163,False
2001-04-16,W,total,1424327,False
2001-04-17,W,total,1461693,False
2001-04-18,W,total,1507139,False
2001-04-19,W,total,1514023,False
2001-04-20,W,total,1512741,False
2001-04-21,A,total,896740,False
2001-04-22,U,total,569781,False
2001-04-23,W,total,1570234,False
2001-04-24,W,total,1649663,False
2001-04-25,W,total,1587241,False
2001-04-26,W,total,1652757,False
2001-04-27,W,total,1645195,False
2001-04-28,A,total,914717,False
2001-04-29,U,total,623379,False
2001-04-30,W,total,1608814,False
2001-05-01,W,total,1700492,False
2001-05-02,W,total,1661982,False
2001-05-03,W,total,1699840,False
2001-05-04,W,total,1667779,False
2001-05-05,A,total,944982,False
2001-05-06,U,total,624210,False
2001-05-07,W,total,1605719,False
2001-05-08,W,total,1665983,False
2001-05-09,W,total,1661252,False
2001-05-10,W,total,1632772,False
2001-05-11,W,total,1604363,False
2001-05-12,A,total,938175,False
2001-05-13,U,total,623266,False
2001-05-14,W,total,1544671,False
2001-05-15,W,total,1668565,False
2001-05-16,W,total,1623862,False
2001-05-17,W,total,1635000,False
2001-05-18,W,total,1656663,False
2001-05-19,A,total,961090,False
2001-05-20,U,total,644939,False
2001-05-21,W,total,1548440,False
2001-05-22,W,total,1656720,False
2001-05-23,W,total,1598270,False
2001-05-24,W,total,1589150,False
2001-05-25,W,total,1586874,False
2001-05-26,A,total,782234,False
2001-05-27,U,total,598743,False
2001-05-28,U,total,584545,False
2001-05-29,W,total,1598404,False
2001-05-30,W,total,1610382,False
2001-05-31,W,total,1568107,False
2001-06-01,W,total,1668687,False
2001-06-02,A,total,901156,False
2001-06-03,U,total,637203,False
2001-06-04,W,total,1629146,False
2001-06-05,W,total,1541494,False
2001-06-06,W,total,1631815,False
2001-06-07,W,total,1650925,False
2001-06-08,W,total,1654551,False
2001-06-09,A,total,997457,False
2001-06-10,U,total,680650,False
2001-06-11,W,total,1496446,False
2001-06-12,W,total,1552051,False
2001-06-13,W,total,1510486,False
2001-06-14,W,total,1494248,False
2001-06-15,W,total,1525695,False
2001-06-16,A,total,1016117,False
2001-06-17,U,total,660197,False
2001-06-18,W,total,1500625,False
2001-06-19,W,total,1557150,False
2001-06-20,W,total,1552178,False
2001-06-21,W,total,1496451,False
2001-06-22,W,total,1584079,False
2001-06-23,A,total,960183,False
2001-06-24,U,total,724860,False
2001-06-25,W,total,1568136,False
2001-06-26,W,total,1579627,False
2001-06-27,W,total,1579268,False
2001-06-28,W,total,1553733,False
2001-06-29,W,total,1663281,False
2001-06-30,A,total,1013073,False
2001-07-01,U,total,706369,False
2001-07-02,W,total,1586646,False
2001-07-03,W,total,1817879,True
2001-07-04,U,total,767555,False
2001-07-05,W,total,1525074,False
2001-07-06,W,total,1601976,False
2001-07-07,A,total,946546,False
2001-07-08,U,total,695721,False
2001-07-09,W,total,1533175,False
2001-07-10,W,total,1547135,False
2001-07-11,W,total,1575069,False
2001-07-12,W,total,1585787,False
2001-07-13,W,total,1598341,False
2001-07-14,A,total,963025,False
2001-07-15,U,total,661964,False
2001-07-16,W,total,1503906,False
2001-07-17,W,total,1546190,False
2001-07-18,W,total,1548192,False
2001-07-19,W,total,1568142,False
2001-07-20,W,total,1548559,False
2001-07-21,A,total,899002,False
2001-07-22,U,total,580239,False
2001-07-23,W,total,1429003,False
2001-07-24,W,total,1569886,False
2001-07-25,W,total,1487323,True
2001-07-26,W,total,1591522,False
2001-07-27,W,total,1568109,False
2001-07-28,A,total,965043,False
2001-07-29,U,total,668950,False
2001-07-30,W,total,1494448,False
2001-07-31,W,total,1481119,False
2001-08-01,W,total,1486287,False
2001-08-02,W,total,1340006,True
2001-08-03,W,total,1587888,False
2001-08-04,A,total,967792,False
2001-08-05,U,total,678516,False
2001-08-06,W,total,1493418,False
2001-08-07,W,total,1486032,False
2001-08-08,W,total,1450530,False
2001-08-09,W,total,1448547,False
2001-08-10,W,total,1572567,False
2001-08-11,A,total,930755,False
2001-08-12,U,total,654202,False
2001-08-13,W,total,1464101,False
2001-08-14,W,total,1464776,False
2001-08-15,W,total,1462996,False
2001-08-16,W,total,1382289,False
2001-08-17,W,total,1527621,False
2001-08-18,A,total,866171,False
2001-08-19,U,total,675762,False
2001-08-20,W,total,1482932,False
2001-08-21,W,total,1503237,False
2001-08-22,W,total,1463549,False
2001-08-23,W,total,1518641,False
2001-08-24,W,total,1545290,False
2001-08-25,A,total,808837,True
2001-08-26,U,total,684729,False
2001-08-27,W,total,1491219,False
2001-08-28,W,total,1562158,False
2001-08-29,W,total,1527106,False
2001-08-30,W,total,1530244,False
2001-08-31,W,total,1603726,False
2001-09-01,A,total,959676,False
2001-09-02,U,total,714291,False
2001-09-03,U,total,661832,False
2001-09-04,W,total,1746122,False
2001-09-05,W,total,1692828,False
2001-09-06,W,total,1698012,False
2001-09-07,W,total,1730163,False
2001-09-08,A,total,986759,False
2001-09-09,U,total,707799,False
2001-09-10,W,total,1736873,False
2001-09-11,W,total,1483546,False
2001-09-12,W,total,1519672,False
2001-09-13,W,total,1617889,False
2001-09-14,W,total,1648311,False
2001-09-15,A,total,892972,False
2001-09-16,U,total,608662,False
2001-09-17,W,total,1529366,False
2001-09-18,W,total,1665883,False
2001-09-19,W,total,1565054,False
2001-09-20,W,total,1619206,False
2001-09-21,W,total,1593615,False
2001-09-22,A,total,948427,False
2001-09-23,U,total,551861,False
2001-09-24,W,total,1562268,False
2001-09-25,W,total,1607378,False
2001-09-26,W,total,1667800,False
2001-09-27,W,total,1666985,False
2001-09-28,W,total,1670026,False
2001-09-29,A,total,969472,False
2001-09-30,U,total,631889,False
2001-10-01,W,total,1709156,False
2001-10-02,W,total,1736362,False
2001-10-03,W,total,1675558,False
2001-10-04,W,total,1552279,False
2001-10-05,W,total,1685953,False
2001-10-06,A,total,955447,False
2001-10-07,U,total,692409,False
2001-10-08,W,total,1334023,True
2001-10-09,W,total,1700449,False
2001-10-10,W,total,1536335,False
2001-10-11,W,total,1673065,False
2001-10-12,W,total,1625242,False
2001-10-13,A,total,789009,True
2001-10-14,U,total,618502,False
2001-10-15,W,total,1665450,False
2001-10-16,W,total,1656443,False
2001-10-17,W,total,1677968,False
2001-10-18,W,total,1663574,False
2001-10-19,W,total,1598544,False
2001-10-20,A,total,951492,False
2001-10-21,U,total,646652,False
2001-10-22,W,total,1634676,False
2001-10-23,W,total,1638697,False
2001-10-24,W,total,1492245,False
2001-10-25,W,total,1565448,False
2001-10-26,W,total,1594980,False
2001-10-27,A,total,874135,False
2001-10-28,U,total,613855,False
2001-10-29,W,total,1643028,False
2001-10-30,W,total,1623508,False
2001-10-31,W,total,1607172,False
2001-11-01,W,total,1670898,False
2001-11-02,W,total,1688680,False
2001-11-03,A,total,963354,False
2001-11-04,U,total,666441,False
2001-11-05,W,total,1687561,False
2001-11-06,W,total,1682926,False
2001-11-07,W,total,1674378,False
2001-11-08,W,total,1640974,False
2001-11-09,W,total,1552106,False
2001-11-10,A,total,940977,False
2001-11-11,U,total,635049,False
2001-11-12,W,total,1339989,True
2001-11-13,W,total,1667816,False
2001-11-14,W,total,1618624,False
2001-11-15,W,total,1598953,False
2001-11-16,W,total,1670033,False
2001-11-17,A,total,1008038,False
2001-11-18,U,total,615882,False
2001-11-19,W,total,1600838,False
2001-11-20,W,total,1617972,False
2001-11-21,W,total,1578084,False
2001-11-22,U,total,474703,True
2001-11-23,W,total,998426,True
2001-11-24,A,total,757962,False
2001-11-25,U,total,560171,False
2001-11-26,W,total,1594193,False
2001-11-27,W,total,1599441,False
2001-11-28,W,total,1596247,False
2001-11-29,W,total,1585547,False
2001-11-30,W,total,1664119,False
2001-12-01,A,total,948611,False
2001-12-02,U,total,629626,False
2001-12-03,W,total,1650328,False
2001-12-04,W,total,1662710,False
2001-12-05,W,total,1662204,False
2001-12-06,W,total,1643449,False
2001-12-07,W,total,1642043,False
2001-12-08,A,total,935713,False
2001-12-09,U,total,614614,False
2001-12-10,W,total,1602792,False
2001-12-11,W,total,1624849,False
2001-12-12,W,total,1590919,False
2001-12-13,W,total,1601011,False
2001-12-14,W,total,1583784,False
2001-12-15,A,total,942189,False
2001-12-16,U,total,620795,False
2001-12-17,W,total,1588374,False
2001-12-18,W,total,1623327,False
2001-12-19,W,total,1550605,False
2001-12-20,W,total,1574399,False
2001-12-21,W,total,1563955,False
2001-12-22,A,total,855223,False
2001-12-23,U,total,577987,False
2001-12-24,W,total,782930,True
2001-12-25,U,total,312397,True
2001-12-26,W,total,1000031,True
2001-12-27,W,total,1127279,False
2001-12-28,W,total,1196283,False
2001-12-29,A,total,697966,False
2001-12-30,U,total,466973,False
2001-12-31,W,total,972182,False
2002-01-01,U,total,416831,False
2002-01-02,W,total,1258483,False
2002-01-03,W,total,1361380,False
2002-01-04,W,total,1387558,False
2002-01-05,A,total,788290,False
2002-01-06,U,total,548114,False
2002-01-07,W,total,1522736,False
2002-01-08,W,total,1558867,False
2002-01-09,W,total,1577293,False
2002-01-10,W,total,1565930,False
2002-01-11,W,total,1598253,False
2002-01-12,A,total,832781,False
2002-01-13,U,total,547650,False
2002-01-14,W,total,1579573,False
2002-01-15,W,total,1584579,False
2002-01-16,W,total,1563767,False
2002-01-17,W,total,1566997,False
2002-01-18,W,total,1549261,False
2002-01-19,A,total,829812,False
2002-01-20,U,total,554972,False
2002-01-21,W,total,1041306,True
2002-01-22,W,total,1616442,False
2002-01-23,W,total,1590911,False
2002-01-24,W,total,1613192,False
2002-01-25,W,total,1629784,False
2002-01-26,A,total,894845,False
2002-01-27,U,total,597994,False
2002-01-28,W,total,1605529,False
2002-01-29,W,total,1577317,False
2002-01-30,W,total,1538750,False
2002-01-31,W,total,1482883,False
2002-02-01,W,total,1539794,False
2002-02-02,A,total,888498,False
2002-02-03,U,total,581977,False
2002-02-04,W,total,1564432,False
2002-02-05,W,total,1594271,False
2002-02-06,W,total,1609397,False
2002-02-07,W,total,1612646,False
2002-02-08,W,total,1621538,False
2002-02-09,A,total,946488,False
2002-02-10,U,total,559710,False
2002-02-11,W,total,1577132,False
2002-02-12,W,total,1353381,True
2002-02-13,W,total,1632301,False
2002-02-14,W,total,1623828,False
2002-02-15,W,total,1597391,False
2002-02-16,A,total,910142,False
2002-02-17,U,total,633183,False
2002-02-18,W,total,1217537,True
2002-02-19,W,total,1582764,False
2002-02-20,W,total,1587975,False
2002-02-21,W,total,1581077,False
2002-02-22,W,total,1608491,False
2002-02-23,A,total,922373,False
2002-02-24,U,total,620503,False
2002-02-25,W,total,1561455,False
2002-02-26,W,total,1521122,False
2002-02-27,W,total,1527243,False
2002-02-28,W,total,1533181,False
2002-03-01,W,total,1567078,False
2002-03-02,A,total,777614,False
2002-03-03,U,total,506605,False
2002-03-04,W,total,1220440,True
2002-03-05,W,total,1567600,False
2002-03-06,W,total,1601341,False
2002-03-07,W,total,1603054,False
2002-03-08,W,total,1581579,False
2002-03-09,A,total,747817,False
2002-03-10,U,total,542159,False
2002-03-11,W,total,1599706,False
2002-03-12,W,total,1633837,False
2002-03-13,W,total,1637863,False
2002-03-14,W,total,1618205,False
2002-03-15,W,total,1597069,False
2002-03-16,A,total,957201,False
2002-03-17,U,total,579984,False
2002-03-18,W,total,1572399,False
2002-03-19,W,total,1581091,False
2002-03-20,W,total,1584646,False
2002-03-21,W,total,1505469,False
2002-03-22,W,total,1526262,False
2002-03-23,A,total,907328,False
2002-03-24,U,total,561842,False
2002-03-25,W,total,1440414,False
2002-03-26,W,total,1509955,False
2002-03-27,W,total,1570117,False
2002-03-28,W,total,1536790,False
2002-03-29,W,total,1227506,True
2002-03-30,A,total,885114,False
2002-03-31,U,total,535161,False
2002-04-01,W,total,1538023,False
2002-04-02,W,total,1555692,False
2002-04-03,W,total,1604181,False
2002-04-04,W,total,1596005,False
2002-04-05,W,total,1628141,False
2002-04-06,A,total,957811,False
2002-04-07,U,total,535979,False
2002-04-08,W,total,1515977,False
2002-04-09,W,total,1620153,False
2002-04-10,W,total,1639958,False
2002-04-11,W,total,1665254,False
2002-04-12,W,total,1508731,False
2002-04-13,A,total,940202,False
2002-04-14,U,total,649776,False
2002-04-15,W,total,1512472,False
2002-04-16,W,total,1499802,False
2002-04-17,W,total,1485717,False
2002-04-18,W,total,1491145,False
2002-04-19,W,total,1497519,False
2002-04-20,A,total,874186,False
2002-04-21,U,total,546549,False
2002-04-22,W,total,1557348,False
2002-04-23,W,total,1642251,False
2002-04-24,W,total,1520806,False
2002-04-25,W,total,1626973,False
2002-04-26,W,total,1641372,False
2002-04-27,A,total,785815,False
2002-04-28,U,total,566519,False
2002-04-29,W,total,1586113,False
2002-04-30,W,total,1605025,False
2002-05-01,W,total,1636730,False
2002-05-02,W,total,1574478,False
2002-05-03,W,total,1682207,False
2002-05-04,A,total,972358,False
2002-05-05,U,total,651828,False
2002-05-06,W,total,1592368,False
2002-05-07,W,total,1626719,False
2002-05-08,W,total,1568944,False
2002-05-09,W,total,1623473,False
2002-05-10,W,total,1656716,False
2002-05-11,A,total,745342,False
2002-05-12,U,total,544377,False
2002-05-13,W,total,1545853,False
2002-05-14,W,total,1608117,False
2002-05-15,W,total,1616218,False
2002-05-16,W,total,1485967,False
2002-05-17,W,total,1574887,False
2002-05-18,A,total,937589,False
2002-05-19,U,total,623855,False
2002-05-20,W,total,1576758,False
2002-05-21,W,total,1622513,False
2002-05-22,W,total,1618227,False
2002-05-23,W,total,1575373,False
2002-05-24,W,total,1571895,False
2002-05-25,A,total,829563,False
2002-05-26,U,total,652742,False
2002-05-27,U,total,596086,False
2002-05-28,W,total,1548479,False
2002-05-29,W,total,1581625,False
2002-05-30,W,total,1597432,False
2002-05-31,W,total,1676311,False
2002-06-01,A,total,1038487,False
2002-06-02,U,total,661783,False
2002-06-03,W,total,1584925,False
2002-06-04,W,total,1490732,False
2002-06-05,W,total,1607403,False
2002-06-06,W,total,1655623,False
2002-06-07,W,total,1642909,False
2002-06-08,A,total,972716,False
2002-06-09,U,total,675058,False
2002-06-10,W,total,1527577,False
2002-06-11,W,total,1573549,False
2002-06-12,W,total,1593372,False
2002-06-13,W,total,1563185,False
2002-06-14,W,total,1585587,False
2002-06-15,A,total,963347,False
2002-06-16,U,total,682062,False
2002-06-17,W,total,1556837,False
2002-06-18,W,total,1616246,False
2002-06-19,W,total,1611377,False
2002-06-20,W,total,1603894,False
2002-06-21,W,total,1596027,False
2002-06-22,A,total,975183,False
2002-06-23,U,total,676910,False
2002-06-24,W,total,1482392,False
2002-06-25,W,total,1527460,False
2002-06-26,W,total,1480866,False
2002-06-27,W,total,1527728,False
2002-06-28,W,total,1584902,False
2002-06-29,A,total,1006497,False
2002-06-30,U,total,750519,False
2002-07-01,W,total,1550475,False
2002-07-02,W,total,1577532,False
2002-07-03,W,total,1789897,False
2002-07-04,U,total,720330,False
2002-07-05,W,total,1308516,False
2002-07-06,A,total,922711,False
2002-07-07,U,total,702237,False
2002-07-08,W,total,1504925,False
2002-07-09,W,total,1498971,False
2002-07-10,W,total,1532721,False
2002-07-11,W,total,1563933,False
2002-07-12,W,total,1582056,False
2002-07-13,A,total,949266,False
2002-07-14,U,total,673031,False
2002-07-15,W,total,1557792,False
2002-07-16,W,total,1567909,False
2002-07-17,W,total,1527130,False
2002-07-18,W,total,1538931,False
2002-07-19,W,total,1573124,False
2002-07-20,A,total,974770,False
2002-07-21,U,total,641633,False
2002-07-22,W,total,1496321,False
2002-07-23,W,total,1578240,False
2002-07-24,W,total,1563020,False
2002-07-25,W,total,1539869,False
2002-07-26,W,total,1532990,False
2002-07-27,A,total,923464,False
2002-07-28,U,total,629953,False
2002-07-29,W,total,1458471,False
2002-07-30,W,total,1548484,False
2002-07-31,W,total,1516407,False
2002-08-01,W,total,1577123,False
2002-08-02,W,total,1616984,False
2002-08-03,A,total,1000269,False
2002-08-04,U,total,685764,False
2002-08-05,W,total,1511033,False
2002-08-06,W,total,1548403,False
2002-08-07,W,total,1526040,False
2002-08-08,W,total,1534936,False
2002-08-09,W,total,1561047,False
2002-08-10,A,total,1007716,False
2002-08-11,U,total,667858,False
2002-08-12,W,total,1488303,False
2002-08-13,W,total,1450787,False
2002-08-14,W,total,1479665,False
2002-08-15,W,total,1519698,False
2002-08-16,W,total,1496059,False
2002-08-17,A,total,984645,False
2002-08-18,U,total,776166,False
2002-08-19,W,total,1393301,False
2002-08-20,W,total,1505430,False
2002-08-21,W,total,1477390,False
2002-08-22,W,total,1363690,False
2002-08-23,W,total,1473323,False
2002-08-24,A,total,934117,False
2002-08-25,U,total,668560,False
2002-08-26,W,total,1493513,False
2002-08-27,W,total,1520528,False
2002-08-28,W,total,1512518,False
2002-08-29,W,total,1340877,True
2002-08-30,W,total,1595849,False
2002-08-31,A,total,1011929,False
2002-09-01,U,total,734455,False
2002-09-02,U,total,582618,True
2002-09-03,W,total,1732877,False
2002-09-04,W,total,1722590,False
2002-09-05,W,total,1718488,False
2002-09-06,W,total,1717760,False
2002-09-07,A,total,962221,False
2002-09-08,U,total,658658,False
2002-09-09,W,total,1701659,False
2002-09-10,W,total,1691270,False
2002-09-11,W,total,1677194,False
2002-09-12,W,total,1704876,False
2002-09-13,W,total,1719447,False
2002-09-14,A,total,970011,False
2002-09-15,U,total,642739,False
2002-09-16,W,total,1667515,False
2002-09-17,W,total,1708990,False
2002-09-18,W,total,1682925,False
2002-09-19,W,total,1679492,False
2002-09-20,W,total,1645476,False
2002-09-21,A,total,1005536,False
2002-09-22,U,total,632115,False
2002-09-23,W,total,1693313,False
2002-09-24,W,total,1720538,False
2002-09-25,W,total,1730782,False
2002-09-26,W,total,1719768,False
2002-09-27,W,total,1710343,False
2002-09-28,A,total,971035,False
2002-09-29,U,total,654059,False
2002-09-30,W,total,1682761,False
2002-10-01,W,total,1752391,False
2002-10-02,W,total,1708715,False
2002-10-03,W,total,1756012,False
2002-10-04,W,total,1651678,True
2002-10-05,A,total,1011012,False
2002-10-06,U,total,646285,False
2002-10-07,W,total,1728760,False
2002-10-08,W,total,1725582,False
2002-10-09,W,total,1713298,False
2002-10-10,W,total,1727956,False
2002-10-11,W,total,1732782,False
2002-10-12,A,total,945308,False
2002-10-13,U,total,731020,True
2002-10-14,W,total,1348875,True
2002-10-15,W,total,1721982,False
2002-10-16,W,total,1682085,False
2002-10-17,W,total,1675890,False
2002-10-18,W,total,1702359,False
2002-10-19,A,total,988503,False
2002-10-20,U,total,646934,False
2002-10-21,W,total,1690224,False
2002-10-22,W,total,1692769,False
2002-10-23,W,total,1648619,False
2002-10-24,W,total,1656837,False
2002-10-25,W,total,1655907,False
2002-10-26,A,total,957215,False
2002-10-27,U,total,630941,False
2002-10-28,W,total,1669579,False
2002-10-29,W,total,1661923,False
2002-10-30,W,total,1676738,False
2002-10-31,W,total,1635452,False
2002-11-01,W,total,1697214,False
2002-11-02,A,total,960506,False
2002-11-03,U,total,630126,False
2002-11-04,W,total,1706107,False
2002-11-05,W,total,1607733,False
2002-11-06,W,total,1690738,False
2002-11-07,W,total,1730706,False
2002-11-08,W,total,1642221,False
2002-11-09,A,total,959406,False
2002-11-10,U,total,639992,False
2002-11-11,W,total,1299579,True
2002-11-12,W,total,1666942,False
2002-11-13,W,total,1671206,False
2002-11-14,W,total,1581543,False
2002-11-15,W,total,1672961,False
2002-11-16,A,total,914224,False
2002-11-17,U,total,598343,False
2002-11-18,W,total,1638199,False
2002-11-19,W,total,1697068,False
2002-11-20,W,total,1664428,False
2002-11-21,W,total,1605082,False
2002-11-22,W,total,1649870,False
2002-11-23,A,total,984441,False
2002-11-24,U,total,595578,False
2002-11-25,W,total,1594729,False
2002-11-26,W,total,1571352,False
2002-11-27,W,total,1530987,False
2002-11-28,U,total,443472,True
2002-11-29,W,total,1043665,True
2002-11-30,A,total,780419,True
2002-12-01,U,total,549342,False
2002-12-02,W,total,1565588,False
2002-12-03,W,total,1629737,False
2002-12-04,W,total,1614060,False
2002-12-05,W,total,1613040,False
2002-12-06,W,total,1620405,False
2002-12-07,A,total,945889,False
2002-12-08,U,total,598787,False
2002-12-09,W,total,1569738,False
2002-12-10,W,total,1632112,False
2002-12-11,W,total,1625241,False
2002-12-12,W,total,1618350,False
2002-12-13,W,total,1621332,False
2002-12-14,A,total,979487,False
2002-12-15,U,total,651647,False
2002-12-16,W,total,1581218,False
2002-12-17,W,total,1568856,False
2002-12-18,W,total,1511791,False
2002-12-19,W,total,1610531,False
2002-12-20,W,total,1550838,False
2002-12-21,A,total,898744,False
2002-12-22,U,total,598533,False
2002-12-23,W,total,1294561,False
2002-12-24,W,total,941589,True
2002-12-25,U,total,334393,False
2002-12-26,W,total,1033393,False
2002-12-27,W,total,1169471,False
2002-12-28,A,total,764693,False
2002-12-29,U,total,561278,False
2002-12-30,W,total,1243513,False
2002-12-31,W,total,1249488,False
2003-01-01,U,total,495463,False
2003-01-02,W,total,1242621,False
2003-01-03,W,total,1377565,False
2003-01-04,A,total,826158,False
2003-01-05,U,total,554972,False
2003-01-06,W,total,1557485,False
2003-01-07,W,total,1563218,False
2003-01-08,W,total,1604570,False
2003-01-09,W,total,1566113,False
2003-01-10,W,total,1531499,False
2003-01-11,A,total,756529,False
2003-01-12,U,total,518385,False
2003-01-13,W,total,1559434,False
2003-01-14,W,total,1535205,False
2003-01-15,W,total,1511682,False
2003-01-16,W,total,1537195,False
2003-01-17,W,total,1558130,False
2003-01-18,A,total,773493,False
2003-01-19,U,total,500216,False
2003-01-20,W,total,980047,True
2003-01-21,W,total,1544983,False
2003-01-22,W,total,1484524,False
2003-01-23,W,total,1363332,False
2003-01-24,W,total,1439854,False
2003-01-25,A,total,807231,False
2003-01-26,U,total,503829,False
2003-01-27,W,total,1486328,False
2003-01-28,W,total,1550266,False
2003-01-29,W,total,1565193,False
2003-01-30,W,total,1594791,False
2003-01-31,W,total,1506559,False
2003-02-01,A,total,930931,False
2003-02-02,U,total,607892,False
2003-02-03,W,total,1636104,False
2003-02-04,W,total,1577626,False
2003-02-05,W,total,1547328,False
2003-02-06,W,total,1578861,False
2003-02-07,W,total,1527228,False
2003-02-08,A,total,833951,False
2003-02-09,U,total,548825,False
2003-02-10,W,total,1532627,False
2003-02-11,W,total,1520638,False
2003-02-12,W,total,1272446,True
2003-02-13,W,total,1576690,False
2003-02-14,W,total,1579851,False
2003-02-15,A,total,815768,False
2003-02-16,U,total,554215,False
2003-02-17,W,total,1157783,True
2003-02-18,W,total,1579167,False
2003-02-19,W,total,1588040,False
2003-02-20,W,total,1599861,False
2003-02-21,W,total,1607096,False
2003-02-22,A,total,806459,False
2003-02-23,U,total,563268,False
2003-02-24,W,total,1482337,False
2003-02-25,W,total,1470377,False
2003-02-26,W,total,1527791,False
2003-02-27,W,total,1550713,False
2003-02-28,W,total,1609034,False
2003-03-01,A,total,901441,False
2003-03-02,U,total,529617,False
2003-03-03,W,total,1357471,False
2003-03-04,W,total,1571010,False
2003-03-05,W,total,1452480,False
2003-03-06,W,total,1448356,False
2003-03-07,W,total,1564757,False
2003-03-08,A,total,824616,False
2003-03-09,U,total,513758,False
2003-03-10,W,total,1490296,False
2003-03-11,W,total,1572928,False
2003-03-12,W,total,1585923,False
2003-03-13,W,total,1588777,False
2003-03-14,W,total,1624943,False
2003-03-15,A,total,1018651,False
2003-03-16,U,total,664665,False
2003-03-17,W,total,1574685,False
2003-03-18,W,total,1559575,False
2003-03-19,W,total,1525380,False
2003-03-20,W,total,1530995,False
2003-03-21,W,total,1556134,False
2003-03-22,A,total,869989,False
2003-03-23,U,total,626371,False
2003-03-24,W,total,1547038,False
2003-03-25,W,total,1567606,False
2003-03-26,W,total,1563505,False
2003-03-27,W,total,1562871,False
2003-03-28,W,total,1368226,True
2003-03-29,A,total,835999,False
2003-03-30,U,total,563180,False
2003-03-31,W,total,1551758,False
2003-04-01,W,total,1632095,False
2003-04-02,W,total,1623684,False
2003-04-03,W,total,1587136,False
2003-04-04,W,total,1485295,False
2003-04-05,A,total,886769,False
2003-04-06,U,total,558742,False
2003-04-07,W,total,1438996,False
2003-04-08,W,total,1547251,False
2003-04-09,W,total,1598977,False
2003-04-10,W,total,1632256,False
2003-04-11,W,total,1513585,False
2003-04-12,A,total,924024,False
2003-04-13,U,total,627093,False
2003-04-14,W,total,1497990,False
2003-04-15,W,total,1500829,False
2003-04-16,W,total,1414587,False
2003-04-17,W,total,1378887,False
2003-04-18,W,total,1252193,True
2003-04-19,A,total,825612,False
2003-04-20,U,total,540877,False
2003-04-21,W,total,1497673,False
2003-04-22,W,total,1581643,False
2003-04-23,W,total,1536601,False
2003-04-24,W,total,1581456,False
2003-04-25,W,total,1574472,False
2003-04-26,A,total,888785,False
2003-04-27,U,total,614178,False
2003-04-28,W,total,1544248,False
2003-04-29,W,total,1554606,False
2003-04-30,W,total,1396238,True
2003-05-01,W,total,1568379,False
2003-05-02,W,total,1655672,False
2003-05-03,A,total,981093,False
2003-05-04,U,total,610165,False
2003-05-05,W,total,1614549,False
2003-05-06,W,total,1634071,False
2003-05-07,W,total,1587649,False
2003-05-08,W,total,1589856,False
2003-05-09,W,total,1608917,False
2003-05-10,A,total,879365,False
2003-05-11,U,total,515847,True
2003-05-12,W,total,1537527,False
2003-05-13,W,total,1584261,False
2003-05-14,W,total,1495088,False
2003-05-15,W,total,1569909,False
2003-05-16,W,total,1589540,False
2003-05-17,A,total,919207,False
2003-05-18,U,total,610903,False
2003-05-19,W,total,1541471,False
2003-05-20,W,total,1560803,False
2003-05-21,W,total,1585464,False
2003-05-22,W,total,1558576,False
2003-05-23,W,total,1544484,False
2003-05-24,A,total,892591,False
2003-05-25,U,total,631920,False
2003-05-26,U,total,604819,False
2003-05-27,W,total,1558813,False
2003-05-28,W,total,1497241,False
2003-05-29,W,total,1557046,False
2003-05-30,W,total,1601903,False
2003-05-31,A,total,893149,False
2003-06-01,U,total,668118,False
2003-06-02,W,total,1561327,False
2003-06-03,W,total,1602320,False
2003-06-04,W,total,1612491,False
2003-06-05,W,total,1614388,False
2003-06-06,W,total,1578549,False
2003-06-07,A,total,988848,False
2003-06-08,U,total,610181,False
2003-06-09,W,total,1578403,False
2003-06-10,W,total,1537011,False
2003-06-11,W,total,1568192,False
2003-06-12,W,total,1574455,False
2003-06-13,W,total,1569134,False
2003-06-14,A,total,946940,False
2003-06-15,U,total,643337,False
2003-06-16,W,total,1536453,False
2003-06-17,W,total,1567138,False
2003-06-18,W,total,1485440,False
2003-06-19,W,total,1542817,False
2003-06-20,W,total,1549396,False
2003-06-21,A,total,956691,False
2003-06-22,U,total,665360,False
2003-06-23,W,total,1424334,False
2003-06-24,W,total,1548994,False
2003-06-25,W,total,1445085,False
2003-06-26,W,total,1433967,False
2003-06-27,W,total,1551926,False
2003-06-28,A,total,911662,False
2003-06-29,U,total,751133,False
2003-06-30,W,total,1496603,False
2003-07-01,W,total,1591561,False
2003-07-02,W,total,1576989,False
2003-07-03,W,total,1773812,False
2003-07-04,U,total,819478,True
2003-07-05,A,total,912914,False
2003-07-06,U,total,659044,False
2003-07-07,W,total,1422208,False
2003-07-08,W,total,1425908,False
2003-07-09,W,total,1470909,False
2003-07-10,W,total,1507664,False
2003-07-11,W,total,1523102,False
2003-07-12,A,total,946270,False
2003-07-13,U,total,678630,False
2003-07-14,W,total,1516396,False
2003-07-15,W,total,1492508,False
2003-07-16,W,total,1513557,False
2003-07-17,W,total,1441397,False
2003-07-18,W,total,1492560,False
2003-07-19,A,total,944015,False
2003-07-20,U,total,627857,False
2003-07-21,W,total,1461582,False
2003-07-22,W,total,1480306,False
2003-07-23,W,total,1528810,False
2003-07-24,W,total,1518668,False
2003-07-25,W,total,1495160,False
2003-07-26,A,total,897321,False
2003-07-27,U,total,589740,False
2003-07-28,W,total,1412105,True
2003-07-29,W,total,1519244,False
2003-07-30,W,total,1496798,False
2003-07-31,W,total,1506970,False
2003-08-01,W,total,1517803,False
2003-08-02,A,total,1078691,False
2003-08-03,U,total,632645,False
2003-08-04,W,total,1505432,False
2003-08-05,W,total,1518669,False
2003-08-06,W,total,1465010,False
2003-08-07,W,total,1507187,False
2003-08-08,W,total,1487428,False
2003-08-09,A,total,1009694,False
2003-08-10,U,total,663640,False
2003-08-11,W,total,1373497,True
2003-08-12,W,total,1459756,False
2003-08-13,W,total,1489651,False
2003-08-14,W,total,1450143,False
2003-08-15,W,total,1475691,False
2003-08-16,A,total,990902,False
2003-08-17,U,total,753438,True
2003-08-18,W,total,1381133,False
2003-08-19,W,total,1431021,False
2003-08-20,W,total,1405467,False
2003-08-21,W,total,1383143,False
2003-08-22,W,total,1443726,False
2003-08-23,A,total,898545,False
2003-08-24,U,total,635490,False
2003-08-25,W,total,1411662,False
2003-08-26,W,total,1409914,False
2003-08-27,W,total,1441260,False
2003-08-28,W,total,1436488,False
2003-08-29,W,total,1507275,False
2003-08-30,A,total,961564,False
2003-08-31,U,total,639465,False
2003-09-01,U,total,526068,False
2003-09-02,W,total,1674842,False
2003-09-03,W,total,1710293,False
2003-09-04,W,total,1692385,False
2003-09-05,W,total,1679702,False
2003-09-06,A,total,959360,False
2003-09-07,U,total,644358,False
2003-09-08,W,total,1651612,False
2003-09-09,W,total,1662760,False
2003-09-10,W,total,1665133,False
2003-09-11,W,total,1657928,False
2003-09-12,W,total,1652468,False
2003-09-13,A,total,951924,False
2003-09-14,U,total,621658,False
2003-09-15,W,total,1669208,False
2003-09-16,W,total,1697557,False
2003-09-17,W,total,1686976,False
2003-09-18,W,total,1670766,False
2003-09-19,W,total,1662385,False
2003-09-20,A,total,957310,False
2003-09-21,U,total,652415,False
2003-09-22,W,total,1630532,False
2003-09-23,W,total,1678812,False
2003-09-24,W,total,1617572,False
2003-09-25,W,total,1654721,False
2003-09-26,W,total,1583162,True
2003-09-27,A,total,950325,False
2003-09-28,U,total,614029,False
2003-09-29,W,total,1638777,False
2003-09-30,W,total,1638119,False
2003-10-01,W,total,1695923,False
2003-10-02,W,total,1657867,False
2003-10-03,W,total,1667308,False
2003-10-04,A,total,1034682,False
2003-10-05,U,total,665137,False
2003-10-06,W,total,1636737,False
2003-10-07,W,total,1751776,False
2003-10-08,W,total,1719382,False
2003-10-09,W,total,1661914,False
2003-10-10,W,total,1693583,False
2003-10-11,A,total,995166,False
2003-10-12,U,total,763112,True
2003-10-13,W,total,1327988,True
2003-10-14,W,total,1619804,False
2003-10-15,W,total,1738522,False
2003-10-16,W,total,1664080,False
2003-10-17,W,total,1674982,False
2003-10-18,A,total,995837,False
2003-10-19,U,total,663954,False
2003-10-20,W,total,1709341,False
2003-10-21,W,total,1603229,False
2003-10-22,W,total,1644345,False
2003-10-23,W,total,1652526,False
2003-10-24,W,total,1648362,False
2003-10-25,A,total,948316,False
2003-10-26,U,total,627733,False
2003-10-27,W,total,1610955,False
2003-10-28,W,total,1609819,False
2003-10-29,W,total,1624732,False
2003-10-30,W,total,1658748,False
2003-10-31,W,total,1624745,False
2003-11-01,A,total,916593,False
2003-11-02,U,total,612967,False
2003-11-03,W,total,1622587,False
2003-11-04,W,total,1634284,False
2003-11-05,W,total,1654261,False
2003-11-06,W,total,1660100,False
2003-11-07,W,total,1527620,False
2003-11-08,A,total,887145,False
2003-11-09,U,total,605789,False
2003-11-10,W,total,1587385,False
2003-11-11,W,total,1331910,True
2003-11-12,W,total,1605361,False
2003-11-13,W,total,1517688,False
2003-11-14,W,total,1597032,False
2003-11-15,A,total,901597,False
2003-11-16,U,total,605217,False
2003-11-17,W,total,1615387,False
2003-11-18,W,total,1489525,False
2003-11-19,W,total,1643097,False
2003-11-20,W,total,1644404,False
2003-11-21,W,total,1630270,False
2003-11-22,A,total,970098,False
2003-11-23,U,total,555441,False
2003-11-24,W,total,1481801,False
2003-11-25,W,total,1548669,False
2003-11-26,W,total,1509813,False
2003-11-27,U,total,445720,True
2003-11-28,W,total,902060,True
2003-11-29,A,total,750045,False
2003-11-30,U,total,596562,False
2003-12-01,W,total,1599996,False
2003-12-02,W,total,1590262,False
2003-12-03,W,total,1616556,False
2003-12-04,W,total,1572878,False
2003-12-05,W,total,1575248,False
2003-12-06,A,total,914298,False
2003-12-07,U,total,608722,False
2003-12-08,W,total,1561788,False
2003-12-09,W,total,1553542,False
2003-12-10,W,total,1542745,False
2003-12-11,W,total,1527794,False
2003-12-12,W,total,1488373,False
2003-12-13,A,total,850329,False
2003-12-14,U,total,578989,False
2003-12-15,W,total,1504773,False
2003-12-16,W,total,1503146,False
2003-12-17,W,total,1499301,False
2003-12-18,W,total,1485543,False
2003-12-19,W,total,1482035,False
2003-12-20,A,total,853992,False
2003-12-21,U,total,634647,False
2003-12-22,W,total,1305315,False
2003-12-23,W,total,1257069,False
2003-12-24,W,total,943716,True
2003-12-25,U,total,348365,False
2003-12-26,W,total,926761,True
2003-12-27,A,total,740022,False
2003-12-28,U,total,537476,False
2003-12-29,W,total,1194473,False
2003-12-30,W,total,1199671,False
2003-12-31,W,total,1109300,False
2004-01-01,U,total,474350,False
2004-01-02,W,total,1175902,False
2004-01-03,A,total,810566,False
2004-01-04,U,total,466491,False
2004-01-05,W,total,1443117,False
2004-01-06,W,total,1304554,False
2004-01-07,W,total,1387310,False
2004-01-08,W,total,1460841,False
2004-01-09,W,total,1489636,False
2004-01-10,A,total,788156,False
2004-01-11,U,total,548690,False
2004-01-12,W,total,1570976,False
2004-01-13,W,total,1574147,False
2004-01-14,W,total,1547805,False
2004-01-15,W,total,1553136,False
2004-01-16,W,total,1547868,False
2004-01-17,A,total,812973,False
2004-01-18,U,total,520643,False
2004-01-19,W,total,911571,True
2004-01-20,W,total,1512049,False
2004-01-21,W,total,1525914,False
2004-01-22,W,total,1396494,False
2004-01-23,W,total,1454100,False
2004-01-24,A,total,785371,False
2004-01-25,U,total,520944,False
2004-01-26,W,total,1491567,False
2004-01-27,W,total,1493849,False
2004-01-28,W,total,1453032,False
2004-01-29,W,total,1409353,False
2004-01-30,W,total,1257072,True
2004-01-31,A,total,778180,False
2004-02-01,U,total,526284,False
2004-02-02,W,total,1481500,False
2004-02-03,W,total,1548976,False
2004-02-04,W,total,1528751,False
2004-02-05,W,total,1518124,False
2004-02-06,W,total,1510523,False
2004-02-07,A,total,835093,False
2004-02-08,U,total,555207,False
2004-02-09,W,total,1526885,False
2004-02-10,W,total,1541195,False
2004-02-11,W,total,1553573,False
2004-02-12,W,total,1333855,True
2004-02-13,W,total,1539938,False
2004-02-14,A,total,912562,False
2004-02-15,U,total,560492,False
2004-02-16,W,total,1125593,True
2004-02-17,W,total,1563334,False
2004-02-18,W,total,1551096,False
2004-02-19,W,total,1572604,False
2004-02-20,W,total,1514137,False
2004-02-21,A,total,874330,False
2004-02-22,U,total,589703,False
2004-02-23,W,total,1532309,False
2004-02-24,W,total,1545946,False
2004-02-25,W,total,1563875,False
2004-02-26,W,total,1571373,False
2004-02-27,W,total,1570703,False
2004-02-28,A,total,918260,False
2004-02-29,U,total,621287,False
2004-03-01,W,total,1362772,True
2004-03-02,W,total,1590298,False
2004-03-03,W,total,1601736,False
2004-03-04,W,total,1521022,False
2004-03-05,W,total,1514983,False
2004-03-06,A,total,898353,False
2004-03-07,U,total,557155,False
2004-03-08,W,total,1555607,False
2004-03-09,W,total,1562979,False
2004-03-10,W,total,1575266,False
2004-03-11,W,total,1516496,False
2004-03-12,W,total,1522492,False
2004-03-13,A,total,930648,False
2004-03-14,U,total,576978,False
2004-03-15,W,total,1533358,False
2004-03-16,W,total,1524712,False
2004-03-17,W,total,1522109,False
2004-03-18,W,total,1522606,False
2004-03-19,W,total,1581403,True
2004-03-20,A,total,918508,False
2004-03-21,U,total,554905,False
2004-03-22,W,total,1501040,False
2004-03-23,W,total,1546147,False
2004-03-24,W,total,1483682,False
2004-03-25,W,total,1525884,False
2004-03-26,W,total,1415886,False
2004-03-27,A,total,886395,False
2004-03-28,U,total,592427,False
2004-03-29,W,total,1523032,False
2004-03-30,W,total,1529334,False
2004-03-31,W,total,1522789,False
2004-04-01,W,total,1593595,False
2004-04-02,W,total,1601759,False
2004-04-03,A,total,938416,False
2004-04-04,U,total,606240,False
2004-04-05,W,total,1543103,False
2004-04-06,W,total,1562654,False
2004-04-07,W,total,1567286,False
2004-04-08,W,total,1556153,False
2004-04-09,W,total,1289393,False
2004-04-10,A,total,831039,False
2004-04-11,U,total,534949,False
2004-04-12,W,total,1370322,False
2004-04-13,W,total,1403340,False
2004-04-14,W,total,1453248,False
2004-04-15,W,total,1465523,False
2004-04-16,W,total,1461468,False
2004-04-17,A,total,927614,False
2004-04-18,U,total,651331,False
2004-04-19,W,total,1543711,False
2004-04-20,W,total,1527031,False
2004-04-21,W,total,1540113,False
2004-04-22,W,total,1501421,False
2004-04-23,W,total,1593697,False
2004-04-24,A,total,884997,False
2004-04-25,U,total,591463,False
2004-04-26,W,total,1538611,False
2004-04-27,W,total,1573272,False
2004-04-28,W,total,1499733,False
2004-04-29,W,total,1490188,False
2004-04-30,W,total,1568871,False
2004-05-01,A,total,859540,False
2004-05-02,U,total,620503,False
2004-05-03,W,total,1609079,False
2004-05-04,W,total,1641933,False
2004-05-05,W,total,1642113,False
2004-05-06,W,total,1608774,False
2004-05-07,W,total,1551620,False
2004-05-08,A,total,944761,False
2004-05-09,U,total,662754,False
2004-05-10,W,total,1498164,False
2004-05-11,W,total,1549421,False
2004-05-12,W,total,1521306,False
2004-05-13,W,total,1508974,False
2004-05-14,W,total,1465922,False
2004-05-15,A,total,923137,False
2004-05-16,U,total,633352,False
2004-05-17,W,total,1528854,False
2004-05-18,W,total,1557561,False
2004-05-19,W,total,1624871,False
2004-05-20,W,total,1575946,False
2004-05-21,W,total,1538234,False
2004-05-22,A,total,888320,False
2004-05-23,U,total,622473,False
2004-05-24,W,total,1536697,False
2004-05-25,W,total,1554552,False
2004-05-26,W,total,1553951,False
2004-05-27,W,total,1544612,False
2004-05-28,W,total,1552456,False
2004-05-29,A,total,845027,False
2004-05-30,U,total,512617,False
2004-05-31,U,total,562687,False
2004-06-01,W,total,1593401,False
2004-06-02,W,total,1600421,False
2004-06-03,W,total,1634818,False
2004-06-04,W,total,1650865,False
2004-06-05,A,total,1015152,False
2004-06-06,U,total,681612,False
2004-06-07,W,total,1578431,False
2004-06-08,W,total,1613039,False
2004-06-09,W,total,1584317,False
2004-06-10,W,total,1541988,False
2004-06-11,W,total,1535797,False
2004-06-12,A,total,974034,False
2004-06-13,U,total,655963,False
2004-06-14,W,total,1517419,False
2004-06-15,W,total,1564448,False
2004-06-16,W,total,1533131,False
2004-06-17,W,total,1523568,False
2004-06-18,W,total,1546302,False
2004-06-19,A,total,958322,False
2004-06-20,U,total,662636,False
2004-06-21,W,total,1323791,True
2004-06-22,W,total,1557039,False
2004-06-23,W,total,1437011,False
2004-06-24,W,total,1399877,False
2004-06-25,W,total,1523633,False
2004-06-26,A,total,986424,False
2004-06-27,U,total,755520,False
2004-06-28,W,total,1425942,False
2004-06-29,W,total,1555009,False
2004-06-30,W,total,1546740,False
2004-07-01,W,total,1599600,False
2004-07-02,W,total,1585019,False
2004-07-03,A,total,1005966,False
2004-07-04,U,total,771146,False
2004-07-05,U,total,650341,False
2004-07-06,W,total,1433857,False
2004-07-07,W,total,1453562,False
2004-07-08,W,total,1489657,False
2004-07-09,W,total,1429554,False
2004-07-10,A,total,899333,False
2004-07-11,U,total,646840,False
2004-07-12,W,total,1448471,False
2004-07-13,W,total,1494492,False
2004-07-14,W,total,1487750,False
2004-07-15,W,total,1528056,False
2004-07-16,W,total,1509414,False
2004-07-17,A,total,987517,False
2004-07-18,U,total,711384,False
2004-07-19,W,total,1492491,False
2004-07-20,W,total,1503303,False
2004-07-21,W,total,1448532,False
2004-07-22,W,total,1456310,False
2004-07-23,W,total,1503236,False
2004-07-24,A,total,905520,False
2004-07-25,U,total,676157,False
2004-07-26,W,total,1417488,False
2004-07-27,W,total,1475299,False
2004-07-28,W,total,1465476,False
2004-07-29,W,total,1455728,False
2004-07-30,W,total,1517941,False
2004-07-31,A,total,1023738,False
2004-08-01,U,total,706648,False
2004-08-02,W,total,1426768,False
2004-08-03,W,total,1504181,False
2004-08-04,W,total,1424399,False
2004-08-05,W,total,1490747,False
2004-08-06,W,total,1494923,False
2004-08-07,A,total,928220,False
2004-08-08,U,total,668171,False
2004-08-09,W,total,1410352,False
2004-08-10,W,total,1444736,False
2004-08-11,W,total,1429178,False
2004-08-12,W,total,1422655,False
2004-08-13,W,total,1479239,False
2004-08-14,A,total,1019446,False
2004-08-15,U,total,668384,False
2004-08-16,W,total,1368273,False
2004-08-17,W,total,1395053,False
2004-08-18,W,total,1395987,False
2004-08-19,W,total,1422569,False
2004-08-20,W,total,1437059,False
2004-08-21,A,total,1021283,False
2004-08-22,U,total,747225,False
2004-08-23,W,total,1424057,False
2004-08-24,W,total,1386714,False
2004-08-25,W,total,1401740,False
2004-08-26,W,total,1447850,False
2004-08-27,W,total,1484418,False
2004-08-28,A,total,846333,False
2004-08-29,U,total,650898,False
2004-08-30,W,total,1452402,False
2004-08-31,W,total,1486553,False
2004-09-01,W,total,1571065,False
2004-09-02,W,total,1552922,False
2004-09-03,W,total,1564379,False
2004-09-04,A,total,980242,False
2004-09-05,U,total,723571,False
2004-09-06,U,total,641319,False
2004-09-07,W,total,1676739,False
2004-09-08,W,total,1688658,False
2004-09-09,W,total,1674095,False
2004-09-10,W,total,1705097,False
2004-09-11,A,total,993242,False
2004-09-12,U,total,706675,False
2004-09-13,W,total,1679310,False
2004-09-14,W,total,1694941,False
2004-09-15,W,total,1664629,False
2004-09-16,W,total,1651092,False
2004-09-17,W,total,1672291,False
2004-09-18,A,total,977288,False
2004-09-19,U,total,672627,False
2004-09-20,W,total,1656813,False
2004-09-21,W,total,1682361,False
2004-09-22,W,total,1662250,False
2004-09-23,W,total,1683331,False
2004-09-24,W,total,1658310,False
2004-09-25,A,total,950523,False
2004-09-26,U,total,651158,False
2004-09-27,W,total,1664435,False
2004-09-28,W,total,1684559,False
2004-09-29,W,total,1677687,False
2004-09-30,W,total,1680879,False
2004-10-01,W,total,1747807,False
2004-10-02,A,total,1046115,False
2004-10-03,U,total,702760,False
2004-10-04,W,total,1695160,False
2004-10-05,W,total,1693224,False
2004-10-06,W,total,1683180,False
2004-10-07,W,total,1705554,False
2004-10-08,W,total,1627306,False
2004-10-09,A,total,1020158,False
2004-10-10,U,total,772341,False
2004-10-11,W,total,1331340,True
2004-10-12,W,total,1685891,False
2004-10-13,W,total,1675388,False
2004-10-14,W,total,1673989,False
2004-10-15,W,total,1665359,False
2004-10-16,A,total,953292,False
2004-10-17,U,total,688138,False
2004-10-18,W,total,1606190,False
2004-10-19,W,total,1645222,False
2004-10-20,W,total,1647159,False
2004-10-21,W,total,1689657,False
2004-10-22,W,total,1671602,False
2004-10-23,A,total,909846,False
2004-10-24,U,total,664195,False
2004-10-25,W,total,1639402,False
2004-10-26,W,total,1643520,False
2004-10-27,W,total,1663685,False
2004-10-28,W,total,1663088,False
2004-10-29,W,total,1656310,False
2004-10-30,A,total,912223,False
2004-10-31,U,total,659933,False
2004-11-01,W,total,1541472,True
2004-11-02,W,total,1490563,True
2004-11-03,W,total,1701360,False
2004-11-04,W,total,1642545,False
2004-11-05,W,total,1692890,False
2004-11-06,A,total,978854,False
2004-11-07,U,total,649601,False
2004-11-08,W,total,1649729,False
2004-11-09,W,total,1665077,False
2004-11-10,W,total,1678444,False
2004-11-11,W,total,1361786,True
2004-11-12,W,total,1531534,False
2004-11-13,A,total,957093,False
2004-11-14,U,total,634847,False
2004-11-15,W,total,1618755,False
2004-11-16,W,total,1649408,False
2004-11-17,W,total,1638719,False
2004-11-18,W,total,1561706,False
2004-11-19,W,total,1644025,False
2004-11-20,A,total,999044,False
2004-11-21,U,total,657040,False
2004-11-22,W,total,1624151,False
2004-11-23,W,total,1635937,False
2004-11-24,W,total,1386602,True
2004-11-25,U,total,435354,True
2004-11-26,W,total,936658,True
2004-11-27,A,total,718856,False
2004-11-28,U,total,591480,False
2004-11-29,W,total,1550635,False
2004-11-30,W,total,1571329,False
2004-12-01,W,total,1646967,False
2004-12-02,W,total,1631544,False
2004-12-03,W,total,1675426,False
2004-12-04,A,total,973362,False
2004-12-05,U,total,656985,False
2004-12-06,W,total,1587992,False
2004-12-07,W,total,1535433,False
2004-12-08,W,total,1622248,False
2004-12-09,W,total,1614293,False
2004-12-10,W,total,1609194,False
2004-12-11,A,total,921531,False
2004-12-12,U,total,594267,False
2004-12-13,W,total,1485788,False
2004-12-14,W,total,1508090,False
2004-12-15,W,total,1559352,False
2004-12-16,W,total,1555578,False
2004-12-17,W,total,1551606,False
2004-12-18,A,total,889334,False
2004-12-19,U,total,501664,False
2004-12-20,W,total,1215424,False
2004-12-21,W,total,1292548,False
2004-12-22,W,total,1198797,False
2004-12-23,W,total,1079406,False
2004-12-24,W,total,617430,True
2004-12-25,U,total,301904,True
2004-12-26,U,total,479420,False
2004-12-27,W,total,1037373,False
2004-12-28,W,total,1137031,False
2004-12-29,W,total,1183468,False
2004-12-30,W,total,1196494,False
2004-12-31,W,total,998011,False
2005-01-01,U,total,530407,False
2005-01-02,U,total,557184,False
2005-01-03,W,total,1407191,False
2005-01-04,W,total,1532361,False
2005-01-05,W,total,1409924,False
2005-01-06,W,total,1417033,False
2005-01-07,W,total,1470043,False
2005-01-08,A,total,794926,False
2005-01-09,U,total,536596,False
2005-01-10,W,total,1564411,False
2005-01-11,W,total,1545306,False
2005-01-12,W,total,1561766,False
2005-01-13,W,total,1514305,False
2005-01-14,W,total,1446931,False
2005-01-15,A,total,731279,False
2005-01-16,U,total,484029,False
2005-01-17,W,total,888694,True
2005-01-18,W,total,1477650,False
2005-01-19,W,total,1530689,False
2005-01-20,W,total,1526860,False
2005-01-21,W,total,1560468,False
2005-01-22,A,total,685319,False
2005-01-23,U,total,533180,False
2005-01-24,W,total,1537517,False
2005-01-25,W,total,1587521,False
2005-01-26,W,total,1528449,False
2005-01-27,W,total,1542461,False
2005-01-28,W,total,1412335,False
2005-01-29,A,total,836601,False
2005-01-30,U,total,574841,False
2005-01-31,W,total,1575481,False
2005-02-01,W,total,1649598,False
2005-02-02,W,total,1646096,False
2005-02-03,W,total,1669230,False
2005-02-04,W,total,1658482,False
2005-02-05,A,total,982373,False
2005-02-06,U,total,609558,False
2005-02-07,W,total,1565715,False
2005-02-08,W,total,1599041,False
2005-02-09,W,total,1585235,False
2005-02-10,W,total,1608800,False
2005-02-11,W,total,1566111,False
2005-02-12,A,total,981669,False
2005-02-13,U,total,578744,False
2005-02-14,W,total,1612601,False
2005-02-15,W,total,1570997,False
2005-02-16,W,total,1605153,False
2005-02-17,W,total,1575472,False
2005-02-18,W,total,1566658,False
2005-02-19,A,total,928005,False
2005-02-20,U,total,557942,False
2005-02-21,W,total,1169415,True
2005-02-22,W,total,1603394,False
2005-02-23,W,total,1598030,False
2005-02-24,W,total,1581775,False
2005-02-25,W,total,1592879,False
2005-02-26,A,total,907733,False
2005-02-27,U,total,587690,False
2005-02-28,W,total,1522377,False
2005-03-01,W,total,1604714,False
2005-03-02,W,total,1571929,False
2005-03-03,W,total,1630610,False
2005-03-04,W,total,1616867,False
2005-03-05,A,total,929164,False
2005-03-06,U,total,669802,False
2005-03-07,W,total,1348144,True
2005-03-08,W,total,1607866,False
2005-03-09,W,total,1594366,False
2005-03-10,W,total,1527358,False
2005-03-11,W,total,1582343,False
2005-03-12,A,total,899759,False
2005-03-13,U,total,598449,False
2005-03-14,W,total,1563057,False
2005-03-15,W,total,1623780,False
2005-03-16,W,total,1618930,False
2005-03-17,W,total,1595300,False
2005-03-18,W,total,1610668,False
2005-03-19,A,total,923676,False
2005-03-20,U,total,624741,False
2005-03-21,W,total,1393504,False
2005-03-22,W,total,1415912,False
2005-03-23,W,total,1382426,False
2005-03-24,W,total,1392509,False
2005-03-25,W,total,1173238,False
2005-03-26,A,total,817075,False
2005-03-27,U,total,564310,False
2005-03-28,W,total,1536805,False
2005-03-29,W,total,1600206,False
2005-03-30,W,total,1522638,False
2005-03-31,W,total,1555982,False
2005-04-01,W,total,1651875,False
2005-04-02,A,total,985529,False
2005-04-03,U,total,669901,False
2005-04-04,W,total,1643751,False
2005-04-05,W,total,1660602,False
2005-04-06,W,total,1616276,False
2005-04-07,W,total,1613880,False
2005-04-08,W,total,1676962,False
2005-04-09,A,total,992667,False
2005-04-10,U,total,683983,False
2005-04-11,W,total,1629367,False
2005-04-12,W,total,1535881,False
2005-04-13,W,total,1646969,False
2005-04-14,W,total,1642810,False
2005-04-15,W,total,1555839,False
2005-04-16,A,total,969458,False
2005-04-17,U,total,653955,False
2005-04-18,W,total,1624922,False
2005-04-19,W,total,1633479,False
2005-04-20,W,total,1563876,False
2005-04-21,W,total,1555754,False
2005-04-22,W,total,1514921,False
2005-04-23,A,total,838135,False
2005-04-24,U,total,622221,False
2005-04-25,W,total,1614515,False
2005-04-26,W,total,1622210,False
2005-04-27,W,total,1553304,False
2005-04-28,W,total,1549589,False
2005-04-29,W,total,1644980,False
2005-04-30,A,total,950377,False
2005-05-01,U,total,621653,False
2005-05-02,W,total,1585498,False
2005-05-03,W,total,1655891,False
2005-05-04,W,total,1648973,False
2005-05-05,W,total,1666196,False
2005-05-06,W,total,1653304,False
2005-05-07,A,total,954551,False
2005-05-08,U,total,684404,False
2005-05-09,W,total,1554186,False
2005-05-10,W,total,1668235,False
2005-05-11,W,total,1500568,False
2005-05-12,W,total,1581683,False
2005-05-13,W,total,1577870,False
2005-05-14,A,total,940362,False
2005-05-15,U,total,618716,False
2005-05-16,W,total,1604497,False
2005-05-17,W,total,1620923,False
2005-05-18,W,total,1608255,False
2005-05-19,W,total,1544681,False
2005-05-20,W,total,1654561,False
2005-05-21,A,total,1000816,False
2005-05-22,U,total,685137,False
2005-05-23,W,total,1610603,False
2005-05-24,W,total,1653038,False
2005-05-25,W,total,1631137,False
2005-05-26,W,total,1627436,False
2005-05-27,W,total,1603115,False
2005-05-28,A,total,940400,False
2005-05-29,U,total,677409,False
2005-05-30,U,total,635777,False
2005-05-31,W,total,1560369,False
2005-06-01,W,total,1655026,False
2005-06-02,W,total,1619241,False
2005-06-03,W,total,1665867,False
2005-06-04,A,total,943947,False
2005-06-05,U,total,685326,False
2005-06-06,W,total,1631601,False
2005-06-07,W,total,1631902,False
2005-06-08,W,total,1616693,False
2005-06-09,W,total,1622856,False
2005-06-10,W,total,1652574,False
2005-06-11,A,total,1060955,False
2005-06-12,U,total,734408,False
2005-06-13,W,total,1601895,False
2005-06-14,W,total,1591877,False
2005-06-15,W,total,1579055,False
2005-06-16,W,total,1535286,False
2005-06-17,W,total,1609908,False
2005-06-18,A,total,982523,False
2005-06-19,U,total,703504,False
2005-06-20,W,total,1472040,False
2005-06-21,W,total,1496117,False
2005-06-22,W,total,1498395,False
2005-06-23,W,total,1481990,False
2005-06-24,W,total,1513226,False
2005-06-25,A,total,1028640,False
2005-06-26,U,total,811073,True
2005-06-27,W,total,1459569,False
2005-06-28,W,total,1502828,False
2005-06-29,W,total,1509857,False
2005-06-30,W,total,1525921,False
2005-07-01,W,total,1607890,False
2005-07-02,A,total,1150123,False
2005-07-03,U,total,1076775,True
2005-07-04,U,total,700994,False
2005-07-05,W,total,1483630,False
2005-07-06,W,total,1516767,False
2005-07-07,W,total,1507755,False
2005-07-08,W,total,1541547,False
2005-07-09,A,total,954573,False
2005-07-10,U,total,684331,False
2005-07-11,W,total,1486288,False
2005-07-12,W,total,1494420,False
2005-07-13,W,total,1519412,False
2005-07-14,W,total,1570791,False
2005-07-15,W,total,1568436,False
2005-07-16,A,total,1038755,False
2005-07-17,U,total,714655,False
2005-07-18,W,total,1485180,False
2005-07-19,W,total,1545711,False
2005-07-20,W,total,1485917,False
2005-07-21,W,total,1531443,False
2005-07-22,W,total,1559977,False
2005-07-23,A,total,965905,False
2005-07-24,U,total,649533,False
2005-07-25,W,total,1431122,False
2005-07-26,W,total,1464321,False
2005-07-27,W,total,1558451,False
2005-07-28,W,total,1550095,False
2005-07-29,W,total,1546792,False
2005-07-30,A,total,1025964,False
2005-07-31,U,total,707823,False
2005-08-01,W,total,1528636,False
2005-08-02,W,total,1539556,False
2005-08-03,W,total,1549791,False
2005-08-04,W,total,1538683,False
2005-08-05,W,total,1569100,False
2005-08-06,A,total,1006089,False
2005-08-07,U,total,718988,False
2005-08-08,W,total,1501307,False
2005-08-09,W,total,1523941,False
2005-08-10,W,total,1519206,False
2005-08-11,W,total,1448363,False
2005-08-12,W,total,1536173,False
2005-08-13,A,total,958918,False
2005-08-14,U,total,685989,False
2005-08-15,W,total,1466656,False
2005-08-16,W,total,1493555,False
2005-08-17,W,total,1499658,False
2005-08-18,W,total,1416554,False
2005-08-19,W,total,1536831,False
2005-08-20,A,total,1020933,False
2005-08-21,U,total,804033,False
2005-08-22,W,total,1494993,False
2005-08-23,W,total,1524415,False
2005-08-24,W,total,1525596,False
2005-08-25,W,total,1498363,False
2005-08-26,W,total,1541578,False
2005-08-27,A,total,997141,False
2005-08-28,U,total,718734,False
2005-08-29,W,total,1534350,False
2005-08-30,W,total,1556744,False
2005-08-31,W,total,1559709,False
2005-09-01,W,total,1663226,True
2005-09-02,W,total,1648068,False
2005-09-03,A,total,1076629,False
2005-09-04,U,total,827972,False
2005-09-05,U,total,743581,False
2005-09-06,W,total,1742057,False
2005-09-07,W,total,1754888,False
2005-09-08,W,total,1761943,False
2005-09-09,W,total,1765562,False
2005-09-10,A,total,1042154,False
2005-09-11,U,total,717645,False
2005-09-12,W,total,1763661,False
2005-09-13,W,total,1772116,False
2005-09-14,W,total,1760330,False
2005-09-15,W,total,1772427,False
2005-09-16,W,total,1750874,False
2005-09-17,A,total,1081745,False
2005-09-18,U,total,766917,False
2005-09-19,W,total,1691558,True
2005-09-20,W,total,1777009,False
2005-09-21,W,total,1771253,False
2005-09-22,W,total,1718456,False
2005-09-23,W,total,1768443,False
2005-09-24,A,total,1023068,False
2005-09-25,U,total,706096,False
2005-09-26,W,total,1701752,False
2005-09-27,W,total,1778687,False
2005-09-28,W,total,1687590,False
2005-09-29,W,total,1734276,False
2005-09-30,W,total,1788297,False
2005-10-01,A,total,1081330,False
2005-10-02,U,total,697110,False
2005-10-03,W,total,1776630,False
2005-10-04,W,total,1777461,False
2005-10-05,W,total,1789266,False
2005-10-06,W,total,1764494,False
2005-10-07,W,total,1700940,False
2005-10-08,A,total,1016454,False
2005-10-09,U,total,799580,False
2005-10-10,W,total,1373585,True
2005-10-11,W,total,1763356,False
2005-10-12,W,total,1739320,False
2005-10-13,W,total,1734603,False
2005-10-14,W,total,1774400,False
2005-10-15,A,total,1047313,False
2005-10-16,U,total,725230,False
2005-10-17,W,total,1700418,False
2005-10-18,W,total,1740324,False
2005-10-19,W,total,1723142,False
2005-10-20,W,total,1734015,False
2005-10-21,W,total,1738349,False
2005-10-22,A,total,1010001,False
2005-10-23,U,total,698839,False
2005-10-24,W,total,1633227,False
2005-10-25,W,total,1688189,False
2005-10-26,W,total,1703439,False
2005-10-27,W,total,1709373,False
2005-10-28,W,total,1784750,False
2005-10-29,A,total,1024705,False
2005-10-30,U,total,687529,False
2005-10-31,W,total,1637675,False
2005-11-01,W,total,1773536,False
2005-11-02,W,total,1745242,False
2005-11-03,W,total,1787522,False
2005-11-04,W,total,1648024,False
2005-11-05,A,total,976539,False
2005-11-06,U,total,664862,False
2005-11-07,W,total,1708950,False
2005-11-08,W,total,1641001,False
2005-11-09,W,total,1690170,False
2005-11-10,W,total,1722060,False
2005-11-11,W,total,1450054,True
2005-11-12,A,total,977974,False
2005-11-13,U,total,664118,False
2005-11-14,W,total,1659095,False
2005-11-15,W,total,1646630,False
2005-11-16,W,total,1586477,False
2005-11-17,W,total,1618595,False
2005-11-18,W,total,1632901,False
2005-11-19,A,total,1038987,False
2005-11-20,U,total,667874,False
2005-11-21,W,total,1651404,False
2005-11-22,W,total,1650101,False
2005-11-23,W,total,1541056,False
2005-11-24,U,total,415220,True
2005-11-25,W,total,877822,True
2005-11-26,A,total,811134,False
2005-11-27,U,total,593380,True
2005-11-28,W,total,1575056,False
2005-11-29,W,total,1585964,False
2005-11-30,W,total,1599116,False
2005-12-01,W,total,1640113,False
2005-12-02,W,total,1638872,False
2005-12-03,A,total,946853,False
2005-12-04,U,total,627600,False
2005-12-05,W,total,1550991,False
2005-12-06,W,total,1538950,False
2005-12-07,W,total,1513576,False
2005-12-08,W,total,1552089,False
2005-12-09,W,total,1552639,False
2005-12-10,A,total,876965,False
2005-12-11,U,total,608413,False
2005-12-12,W,total,1578496,False
2005-12-13,W,total,1597117,False
2005-12-14,W,total,1588963,False
2005-12-15,W,total,1593990,False
2005-12-16,W,total,1558308,False
2005-12-17,A,total,902808,False
2005-12-18,U,total,593710,False
2005-12-19,W,total,1396747,False
2005-12-20,W,total,1429740,False
2005-12-21,W,total,1471801,False
2005-12-22,W,total,1456560,False
2005-12-23,W,total,1357376,False
2005-12-24,A,total,679882,True
2005-12-25,U,total,368876,True
2005-12-26,U,total,662461,False
2005-12-27,W,total,1193029,False
2005-12-28,W,total,1174430,False
2005-12-29,W,total,1219269,False
2005-12-30,W,total,1234247,False
2005-12-31,A,total,833685,False
2006-01-01,U,total,490417,False
2006-01-02,U,total,576193,False
2006-01-03,W,total,1312512,False
2006-01-04,W,total,1302843,False
2006-01-05,W,total,1316845,False
2006-01-06,W,total,1339946,False
2006-01-07,A,total,798775,False
2006-01-08,U,total,567618,False
2006-01-09,W,total,1506104,False
2006-01-10,W,total,1538726,False
2006-01-11,W,total,1529994,False
2006-01-12,W,total,1572177,False
2006-01-13,W,total,1472371,False
2006-01-14,A,total,868194,False
2006-01-15,U,total,604724,False
2006-01-16,W,total,1005334,True
2006-01-17,W,total,1568082,False
2006-01-18,W,total,1575666,False
2006-01-19,W,total,1617130,False
2006-01-20,W,total,1560114,False
2006-01-21,A,total,851118,False
2006-01-22,U,total,579738,False
2006-01-23,W,total,1603280,False
2006-01-24,W,total,1607097,False
2006-01-25,W,total,1615434,False
2006-01-26,W,total,1631450,False
2006-01-27,W,total,1497843,False
2006-01-28,A,total,882712,False
2006-01-29,U,total,603222,False
2006-01-30,W,total,1581522,False
2006-01-31,W,total,1629989,False
2006-02-01,W,total,1677088,False
2006-02-02,W,total,1668219,False
2006-02-03,W,total,1647741,False
2006-02-04,A,total,904807,False
2006-02-05,U,total,602453,False
2006-02-06,W,total,1598154,False
2006-02-07,W,total,1640070,False
2006-02-08,W,total,1607129,False
2006-02-09,W,total,1619983,False
2006-02-10,W,total,1627422,False
2006-02-11,A,total,929004,False
2006-02-12,U,total,627066,False
2006-02-13,W,total,1345743,True
2006-02-14,W,total,1688805,False
2006-02-15,W,total,1614117,False
2006-02-16,W,total,1543535,False
2006-02-17,W,total,1546723,False
2006-02-18,A,total,716227,True
2006-02-19,U,total,531723,False
2006-02-20,W,total,1135147,True
2006-02-21,W,total,1617048,False
2006-02-22,W,total,1628758,False
2006-02-23,W,total,1626159,False
2006-02-24,W,total,1603024,False
2006-02-25,A,total,894655,False
2006-02-26,U,total,597630,False
2006-02-27,W,total,1562240,False
2006-02-28,W,total,1610432,False
2006-03-01,W,total,1647794,False
2006-03-02,W,total,1607162,False
2006-03-03,W,total,1641935,False
2006-03-04,A,total,931653,False
2006-03-05,U,total,571824,False
2006-03-06,W,total,1344615,True
2006-03-07,W,total,1632652,False
2006-03-08,W,total,1606269,False
2006-03-09,W,total,1606904,False
2006-03-10,W,total,1736823,False
2006-03-11,A,total,1000324,False
2006-03-12,U,total,634425,False
2006-03-13,W,total,1578336,False
2006-03-14,W,total,1630829,False
2006-03-15,W,total,1638500,False
2006-03-16,W,total,1583926,False
2006-03-17,W,total,1623495,False
2006-03-18,A,total,951011,False
2006-03-19,U,total,639427,False
2006-03-20,W,total,1550117,False
2006-03-21,W,total,1529239,False
2006-03-22,W,total,1588169,False
2006-03-23,W,total,1588942,False
2006-03-24,W,total,1576367,False
2006-03-25,A,total,943614,False
2006-03-26,U,total,668511,False
2006-03-27,W,total,1563694,False
2006-03-28,W,total,1600833,False
2006-03-29,W,total,1624448,False
2006-03-30,W,total,1597528,False
2006-03-31,W,total,1669203,False
2006-04-01,A,total,968794,False
2006-04-02,U,total,646243,False
2006-04-03,W,total,1601563,False
2006-04-04,W,total,1703191,False
2006-04-05,W,total,1674256,False
2006-04-06,W,total,1634073,False
2006-04-07,W,total,1515679,False
2006-04-08,A,total,967824,False
2006-04-09,U,total,685180,False
2006-04-10,W,total,1481762,False
2006-04-11,W,total,1513403,False
2006-04-12,W,total,1505098,False
2006-04-13,W,total,1505943,False
2006-04-14,W,total,1356305,False
2006-04-15,A,total,916096,False
2006-04-16,U,total,506750,False
2006-04-17,W,total,1588048,False
2006-04-18,W,total,1647274,False
2006-04-19,W,total,1636514,False
2006-04-20,W,total,1580180,False
2006-04-21,W,total,1658935,False
2006-04-22,A,total,964710,False
2006-04-23,U,total,664132,False
2006-04-24,W,total,1641271,False
2006-04-25,W,total,1589163,False
2006-04-26,W,total,1602570,False
2006-04-27,W,total,1599068,False
2006-04-28,W,total,1675521,False
2006-04-29,A,total,917282,False
2006-04-30,U,total,569409,False
2006-05-01,W,total,1736839,False
2006-05-02,W,total,1710179,False
2006-05-03,W,total,1724186,False
2006-05-04,W,total,1713101,False
2006-05-05,W,total,1675755,False
2006-05-06,A,total,1006295,False
2006-05-07,U,total,697450,False
2006-05-08,W,total,1634609,False
2006-05-09,W,total,1654511,False
2006-05-10,W,total,1656284,False
2006-05-11,W,total,1547793,False
2006-05-12,W,total,1597861,False
2006-05-13,A,total,928437,False
2006-05-14,U,total,661513,False
2006-05-15,W,total,1563695,False
2006-05-16,W,total,1643420,False
2006-05-17,W,total,1604835,False
2006-05-18,W,total,1640304,False
2006-05-19,W,total,1645439,False
2006-05-20,A,total,984933,False
2006-05-21,U,total,682710,False
2006-05-22,W,total,1626382,False
2006-05-23,W,total,1660941,False
2006-05-24,W,total,1583362,False
2006-05-25,W,total,1617927,False
2006-05-26,W,total,1646067,False
2006-05-27,A,total,1005404,False
2006-05-28,U,total,744475,False
2006-05-29,U,total,626416,False
2006-05-30,W,total,1578221,False
2006-05-31,W,total,1615111,False
2006-06-01,W,total,1666238,False
2006-06-02,W,total,1679584,False
2006-06-03,A,total,1040360,False
2006-06-04,U,total,732238,False
2006-06-05,W,total,1630687,False
2006-06-06,W,total,1661145,False
2006-06-07,W,total,1678270,False
2006-06-08,W,total,1687081,False
2006-06-09,W,total,1640590,False
2006-06-10,A,total,923229,False
2006-06-11,U,total,692394,False
2006-06-12,W,total,1584426,False
2006-06-13,W,total,1626462,False
2006-06-14,W,total,1607207,False
2006-06-15,W,total,1566744,False
2006-06-16,W,total,1634076,False
2006-06-17,A,total,1000807,False
2006-06-18,U,total,672254,False
2006-06-19,W,total,1489631,False
2006-06-20,W,total,1526567,False
2006-06-21,W,total,1488970,False
2006-06-22,W,total,1505040,False
2006-06-23,W,total,1544607,False
2006-06-24,A,total,979761,False
2006-06-25,U,total,709798,False
2006-06-26,W,total,1479741,False
2006-06-27,W,total,1529069,False
2006-06-28,W,total,1536307,False
2006-06-29,W,total,1566936,False
2006-06-30,W,total,1666189,False
2006-07-01,A,total,1060613,False
2006-07-02,U,total,783985,False
2006-07-03,W,total,1486209,False
2006-07-04,U,total,800598,False
2006-07-05,W,total,1562758,False
2006-07-06,W,total,1603721,False
2006-07-07,W,total,1631487,False
2006-07-08,A,total,1048875,False
2006-07-09,U,total,756607,False
2006-07-10,W,total,1519058,False
2006-07-11,W,total,1478762,False
2006-07-12,W,total,1541482,False
2006-07-13,W,total,1566980,False
2006-07-14,W,total,1559408,False
2006-07-15,A,total,1015162,False
2006-07-16,U,total,726451,False
2006-07-17,W,total,1513455,False
2006-07-18,W,total,1602715,False
2006-07-19,W,total,1599595,False
2006-07-20,W,total,1471352,False
2006-07-21,W,total,1608069,False
2006-07-22,A,total,1033780,False
2006-07-23,U,total,731070,False
2006-07-24,W,total,1539909,False
2006-07-25,W,total,1569583,False
2006-07-26,W,total,1539027,False
2006-07-27,W,total,1558380,False
2006-07-28,W,total,1573933,False
2006-07-29,A,total,1016280,False
2006-07-30,U,total,707296,False
2006-07-31,W,total,1440000,False
2006-08-01,W,total,1514014,False
2006-08-02,W,total,1500545,False
2006-08-03,W,total,1567077,False
2006-08-04,W,total,1674056,False
2006-08-05,A,total,1117531,False
2006-08-06,U,total,809274,False
2006-08-07,W,total,1538341,False
2006-08-08,W,total,1563683,False
2006-08-09,W,total,1550699,False
2006-08-10,W,total,1471003,False
2006-08-11,W,total,1547361,False
2006-08-12,A,total,1044320,False
2006-08-13,U,total,702000,False
2006-08-14,W,total,1453289,False
2006-08-15,W,total,1506586,False
2006-08-16,W,total,1499734,False
2006-08-17,W,total,1502952,False
2006-08-18,W,total,1508293,False
2006-08-19,A,total,997052,False
2006-08-20,U,total,802884,False
2006-08-21,W,total,1492558,False
2006-08-22,W,total,1525618,False
2006-08-23,W,total,1524243,False
2006-08-24,W,total,1449211,False
2006-08-25,W,total,1541378,False
2006-08-26,A,total,953992,False
2006-08-27,U,total,693258,False
2006-08-28,W,total,1380323,True
2006-08-29,W,total,1529833,False
2006-08-30,W,total,1563804,False
2006-08-31,W,total,1571539,False
2006-09-01,W,total,1640746,False
2006-09-02,A,total,1074490,False
2006-09-03,U,total,809281,False
2006-09-04,U,total,661738,False
2006-09-05,W,total,1736704,False
2006-09-06,W,total,1776284,False
2006-09-07,W,total,1770152,False
2006-09-08,W,total,1694651,False
2006-09-09,A,total,995209,False
2006-09-10,U,total,624818,False
2006-09-11,W,total,1637967,False
2006-09-12,W,total,1725576,False
2006-09-13,W,total,1686366,False
2006-09-14,W,total,1773959,False
2006-09-15,W,total,1790393,False
2006-09-16,A,total,1073386,False
2006-09-17,U,total,728148,False
2006-09-18,W,total,1726460,False
2006-09-19,W,total,1732015,False
2006-09-20,W,total,1753667,False
2006-09-21,W,total,1740663,False
2006-09-22,W,total,1662004,False
2006-09-23,A,total,934448,False
2006-09-24,U,total,679923,False
2006-09-25,W,total,1707520,False
2006-09-26,W,total,1750366,False
2006-09-27,W,total,1725839,False
2006-09-28,W,total,1720167,False
2006-09-29,W,total,1757397,False
2006-09-30,A,total,1031186,False
2006-10-01,U,total,758991,False
2006-10-02,W,total,1617834,False
2006-10-03,W,total,1746155,False
2006-10-04,W,total,1702321,False
2006-10-05,W,total,1759133,False
2006-10-06,W,total,1747033,False
2006-10-07,A,total,1015197,False
2006-10-08,U,total,736247,False
2006-10-09,W,total,1378819,True
2006-10-10,W,total,1739496,False
2006-10-11,W,total,1706763,False
2006-10-12,W,total,1675508,False
2006-10-13,W,total,1695380,False
2006-10-14,A,total,1008653,False
2006-10-15,U,total,680142,False
2006-10-16,W,total,1679481,False
2006-10-17,W,total,1713614,False
2006-10-18,W,total,1722956,False
2006-10-19,W,total,1725456,False
2006-10-20,W,total,1737733,False
2006-10-21,A,total,1034952,False
2006-10-22,U,total,765664,False
2006-10-23,W,total,1678039,False
2006-10-24,W,total,1719021,False
2006-10-25,W,total,1721400,False
2006-10-26,W,total,1653560,False
2006-10-27,W,total,1671194,False
2006-10-28,A,total,986934,False
2006-10-29,U,total,700448,False
2006-10-30,W,total,1694034,False
2006-10-31,W,total,1660835,False
2006-11-01,W,total,1727026,False
2006-11-02,W,total,1683100,False
2006-11-03,W,total,1613997,False
2006-11-04,A,total,965910,False
2006-11-05,U,total,702503,False
2006-11-06,W,total,1680192,False
2006-11-07,W,total,1684643,False
2006-11-08,W,total,1721821,False
2006-11-09,W,total,1669379,False
2006-11-10,W,total,1546390,False
2006-11-11,A,total,968164,False
2006-11-12,U,total,669347,False
2006-11-13,W,total,1650572,False
2006-11-14,W,total,1716302,False
2006-11-15,W,total,1701643,False
2006-11-16,W,total,1656841,False
2006-11-17,W,total,1683201,False
2006-11-18,A,total,1023639,False
2006-11-19,U,total,660238,False
2006-11-20,W,total,1660997,False
2006-11-21,W,total,1674200,False
2006-11-22,W,total,1597535,False
2006-11-23,U,total,500364,True
2006-11-24,W,total,1021928,True
2006-11-25,A,total,867525,False
2006-11-26,U,total,635553,False
2006-11-27,W,total,1640990,False
2006-11-28,W,total,1678494,False
2006-11-29,W,total,1610736,False
2006-11-30,W,total,1635195,False
2006-12-01,W,total,1542090,False
2006-12-02,A,total,933646,False
2006-12-03,U,total,600180,False
2006-12-04,W,total,1568213,False
2006-12-05,W,total,1613098,False
2006-12-06,W,total,1645177,False
2006-12-07,W,total,1525692,False
2006-12-08,W,total,1578739,False
2006-12-09,A,total,934440,False
2006-12-10,U,total,643294,False
2006-12-11,W,total,1605286,False
2006-12-12,W,total,1604465,False
2006-12-13,W,total,1660843,False
2006-12-14,W,total,1634371,False
2006-12-15,W,total,1634816,False
2006-12-16,A,total,988974,False
2006-12-17,U,total,684712,False
2006-12-18,W,total,1582429,False
2006-12-19,W,total,1616123,False
2006-12-20,W,total,1561274,False
2006-12-21,W,total,1488977,False
2006-12-22,W,total,1435574,False
2006-12-23,A,total,855962,False
2006-12-24,U,total,567773,False
2006-12-25,U,total,355224,True
2006-12-26,W,total,1030257,True
2006-12-27,W,total,1193622,False
2006-12-28,W,total,1245592,False
2006-12-29,W,total,1316371,False
2006-12-30,A,total,899982,False
2006-12-31,U,total,705410,False
2007-01-01,U,total,545995,False
2007-01-02,W,total,1224646,False
2007-01-03,W,total,1432970,False
2007-01-04,W,total,1363888,False
2007-01-05,W,total,1432070,False
2007-01-06,A,total,885870,False
2007-01-07,U,total,592814,False
2007-01-08,W,total,1570811,False
2007-01-09,W,total,1577323,False
2007-01-10,W,total,1567761,False
2007-01-11,W,total,1569412,False
2007-01-12,W,total,1576847,False
2007-01-13,A,total,870874,False
2007-01-14,U,total,586719,False
2007-01-15,W,total,994239,True
2007-01-16,W,total,1598227,False
2007-01-17,W,total,1596422,False
2007-01-18,W,total,1602816,False
2007-01-19,W,total,1595963,False
2007-01-20,A,total,893147,False
2007-01-21,U,total,578926,False
2007-01-22,W,total,1618827,False
2007-01-23,W,total,1641638,False
2007-01-24,W,total,1636119,False
2007-01-25,W,total,1618349,False
2007-01-26,W,total,1502441,False
2007-01-27,A,total,892857,False
2007-01-28,U,total,544371,False
2007-01-29,W,total,1540028,False
2007-01-30,W,total,1556346,False
2007-01-31,W,total,1542198,False
2007-02-01,W,total,1624302,False
2007-02-02,W,total,1543053,False
2007-02-03,A,total,701955,True
2007-02-04,U,total,429222,False
2007-02-05,W,total,1262247,True
2007-02-06,W,total,1415335,False
2007-02-07,W,total,1526206,False
2007-02-08,W,total,1540105,False
2007-02-09,W,total,1526453,False
2007-02-10,A,total,838132,False
2007-02-11,U,total,570921,False
2007-02-12,W,total,1324057,True
2007-02-13,W,total,1412568,False
2007-02-14,W,total,1481243,False
2007-02-15,W,total,1538003,False
2007-02-16,W,total,1517639,False
2007-02-17,A,total,869414,False
2007-02-18,U,total,621315,False
2007-02-19,W,total,1203272,True
2007-02-20,W,total,1657000,False
2007-02-21,W,total,1667853,False
2007-02-22,W,total,1650077,False
2007-02-23,W,total,1617512,False
2007-02-24,A,total,847338,False
2007-02-25,U,total,527460,False
2007-02-26,W,total,1551105,False
2007-02-27,W,total,1608159,False
2007-02-28,W,total,1615206,False
2007-03-01,W,total,1607309,False
2007-03-02,W,total,1558282,True
2007-03-03,A,total,886929,False
2007-03-04,U,total,615027,False
2007-03-05,W,total,1419628,True
2007-03-06,W,total,1616344,False
2007-03-07,W,total,1611327,False
2007-03-08,W,total,1645067,False
2007-03-09,W,total,1638037,False
2007-03-10,A,total,988405,False
2007-03-11,U,total,673118,False
2007-03-12,W,total,1622601,False
2007-03-13,W,total,1701629,False
2007-03-14,W,total,1641415,False
2007-03-15,W,total,1647037,False
2007-03-16,W,total,1658706,False
2007-03-17,A,total,1054802,False
2007-03-18,U,total,656476,False
2007-03-19,W,total,1615177,False
2007-03-20,W,total,1652095,False
2007-03-21,W,total,1567771,False
2007-03-22,W,total,1645896,False
2007-03-23,W,total,1599482,False
2007-03-24,A,total,946236,False
2007-03-25,U,total,709328,False
2007-03-26,W,total,1616085,False
2007-03-27,W,total,1616576,False
2007-03-28,W,total,1589819,False
2007-03-29,W,total,1640529,False
2007-03-30,W,total,1658989,False
2007-03-31,A,total,931110,False
2007-04-01,U,total,647795,False
2007-04-02,W,total,1511596,False
2007-04-03,W,total,1497149,False
2007-04-04,W,total,1440808,False
2007-04-05,W,total,1470116,False
2007-04-06,W,total,1330916,False
2007-04-07,A,total,827888,False
2007-04-08,U,total,563922,False
2007-04-09,W,total,1603191,False
2007-04-10,W,total,1678866,False
2007-04-11,W,total,1507618,False
2007-04-12,W,total,1633483,False
2007-04-13,W,total,1568229,False
2007-04-14,A,total,968630,False
2007-04-15,U,total,698373,False
2007-04-16,W,total,1679617,False
2007-04-17,W,total,1690039,False
2007-04-18,W,total,1648749,False
2007-04-19,W,total,1605442,False
2007-04-20,W,total,1697276,False
2007-04-21,A,total,1043740,False
2007-04-22,U,total,745895,False
2007-04-23,W,total,1638964,False
2007-04-24,W,total,1685543,False
2007-04-25,W,total,1532141,False
2007-04-26,W,total,1559887,False
2007-04-27,W,total,1635418,False
2007-04-28,A,total,977733,False
2007-04-29,U,total,705464,False
2007-04-30,W,total,1630388,False
2007-05-01,W,total,1777106,False
2007-05-02,W,total,1685013,False
2007-05-03,W,total,1734208,False
2007-05-04,W,total,1724467,False
2007-05-05,A,total,1025581,False
2007-05-06,U,total,737682,False
2007-05-07,W,total,1669911,False
2007-05-08,W,total,1727955,False
2007-05-09,W,total,1706644,False
2007-05-10,W,total,1720803,False
2007-05-11,W,total,1718939,False
2007-05-12,A,total,989030,False
2007-05-13,U,total,670565,False
2007-05-14,W,total,1604356,False
2007-05-15,W,total,1604010,False
2007-05-16,W,total,1653301,False
2007-05-17,W,total,1670149,False
2007-05-18,W,total,1688044,False
2007-05-19,A,total,1028026,False
2007-05-20,U,total,655470,False
2007-05-21,W,total,1654230,False
2007-05-22,W,total,1671748,False
2007-05-23,W,total,1651431,False
2007-05-24,W,total,1626603,False
2007-05-25,W,total,1606252,False
2007-05-26,A,total,864409,False
2007-05-27,U,total,722469,False
2007-05-28,U,total,670191,False
2007-05-29,W,total,1647397,False
2007-05-30,W,total,1693147,False
2007-05-31,W,total,1609984,False
2007-06-01,W,total,1734099,False
2007-06-02,A,total,1047879,False
2007-06-03,U,total,725004,False
2007-06-04,W,total,1599867,False
2007-06-05,W,total,1710887,False
2007-06-06,W,total,1688731,False
2007-06-07,W,total,1697659,False
2007-06-08,W,total,1679334,False
2007-06-09,A,total,1064228,False
2007-06-10,U,total,758273,False
2007-06-11,W,total,1645168,False
2007-06-12,W,total,1676289,False
2007-06-13,W,total,1610380,False
2007-06-14,W,total,1597089,False
2007-06-15,W,total,1689961,False
2007-06-16,A,total,996909,False
2007-06-17,U,total,722093,False
2007-06-18,W,total,1488592,False
2007-06-19,W,total,1573305,False
2007-06-20,W,total,1578379,False
2007-06-21,W,total,1568578,False
2007-06-22,W,total,1538738,False
2007-06-23,A,total,913242,False
2007-06-24,U,total,798026,False
2007-06-25,W,total,1541790,False
2007-06-26,W,total,1511307,False
2007-06-27,W,total,1532778,False
2007-06-28,W,total,1547913,False
2007-06-29,W,total,1677556,False
2007-06-30,A,total,1127817,False
2007-07-01,U,total,849749,False
2007-07-02,W,total,1599208,False
2007-07-03,W,total,1896766,True
2007-07-04,U,total,836677,False
2007-07-05,W,total,1589024,False
2007-07-06,W,total,1652716,False
2007-07-07,A,total,1038943,False
2007-07-08,U,total,731739,False
2007-07-09,W,total,1484709,False
2007-07-10,W,total,1549775,False
2007-07-11,W,total,1603650,False
2007-07-12,W,total,1593642,False
2007-07-13,W,total,1632652,False
2007-07-14,A,total,1071100,False
2007-07-15,U,total,778956,False
2007-07-16,W,total,1566924,False
2007-07-17,W,total,1582486,False
2007-07-18,W,total,1594556,False
2007-07-19,W,total,1583829,False
2007-07-20,W,total,1615199,False
2007-07-21,A,total,1051801,False
2007-07-22,U,total,747144,False
2007-07-23,W,total,1551257,False
2007-07-24,W,total,1559929,False
2007-07-25,W,total,1565936,False
2007-07-26,W,total,1543626,False
2007-07-27,W,total,1549104,False
2007-07-28,A,total,1021923,False
2007-07-29,U,total,730635,False
2007-07-30,W,total,1538196,False
2007-07-31,W,total,1583616,False
2007-08-01,W,total,1618406,False
2007-08-02,W,total,1595813,False
2007-08-03,W,total,1669115,False
2007-08-04,A,total,1068493,False
2007-08-05,U,total,790014,False
2007-08-06,W,total,1500125,False
2007-08-07,W,total,1540243,False
2007-08-08,W,total,1509720,False
2007-08-09,W,total,1532001,False
2007-08-10,W,total,1560101,False
2007-08-11,A,total,1089209,False
2007-08-12,U,total,735230,False
2007-08-13,W,total,1475645,False
2007-08-14,W,total,1510791,False
2007-08-15,W,total,1509579,False
2007-08-16,W,total,1530932,False
2007-08-17,W,total,1570200,False
2007-08-18,A,total,981411,False
2007-08-19,U,total,625807,True
2007-08-20,W,total,1466689,False
2007-08-21,W,total,1528065,False
2007-08-22,W,total,1531062,False
2007-08-23,W,total,1427537,False
2007-08-24,W,total,1492033,False
2007-08-25,A,total,1023043,False
2007-08-26,U,total,765973,False
2007-08-27,W,total,1561672,False
2007-08-28,W,total,1634771,False
2007-08-29,W,total,1602063,False
2007-08-30,W,total,1635135,False
2007-08-31,W,total,1687093,False
2007-09-01,A,total,1110332,False
2007-09-02,U,total,835647,True
2007-09-03,U,total,736652,False
2007-09-04,W,total,1762227,False
2007-09-05,W,total,1787396,False
2007-09-06,W,total,1758164,False
2007-09-07,W,total,1712771,False
2007-09-08,A,total,1074532,False
2007-09-09,U,total,751174,False
2007-09-10,W,total,1748830,False
2007-09-11,W,total,1788555,False
2007-09-12,W,total,1770776,False
2007-09-13,W,total,1738406,False
2007-09-14,W,total,1739526,False
2007-09-15,A,total,1021530,False
2007-09-16,U,total,728393,False
2007-09-17,W,total,1755739,False
2007-09-18,W,total,1793523,False
2007-09-19,W,total,1791671,False
2007-09-20,W,total,1767887,False
2007-09-21,W,total,1775274,False
2007-09-22,A,total,1040121,False
2007-09-23,U,total,750557,False
2007-09-24,W,total,1715149,False
2007-09-25,W,total,1729922,False
2007-09-26,W,total,1669712,False
2007-09-27,W,total,1769158,False
2007-09-28,W,total,1761043,False
2007-09-29,A,total,1037455,False
2007-09-30,U,total,703021,False
2007-10-01,W,total,1741260,False
2007-10-02,W,total,1799395,False
2007-10-03,W,total,1820034,False
2007-10-04,W,total,1804274,False
2007-10-05,W,total,1789774,False
2007-10-06,A,total,1124183,False
2007-10-07,U,total,844900,True
2007-10-08,W,total,1420709,True
2007-10-09,W,total,1792469,False
2007-10-10,W,total,1741497,False
2007-10-11,W,total,1755372,False
2007-10-12,W,total,1751482,False
2007-10-13,A,total,996345,False
2007-10-14,U,total,687644,False
2007-10-15,W,total,1738754,False
2007-10-16,W,total,1749896,False
2007-10-17,W,total,1764907,False
2007-10-18,W,total,1723370,False
2007-10-19,W,total,1628970,True
2007-10-20,A,total,1084360,False
2007-10-21,U,total,743663,False
2007-10-22,W,total,1704602,False
2007-10-23,W,total,1751665,False
2007-10-24,W,total,1743784,False
2007-10-25,W,total,1745104,False
2007-10-26,W,total,1721060,False
2007-10-27,A,total,1009353,False
2007-10-28,U,total,706013,False
2007-10-29,W,total,1689231,False
2007-10-30,W,total,1742853,False
2007-10-31,W,total,1682698,False
2007-11-01,W,total,1764635,False
2007-11-02,W,total,1659574,False
2007-11-03,A,total,1049997,False
2007-11-04,U,total,715400,False
2007-11-05,W,total,1719583,False
2007-11-06,W,total,1718582,False
2007-11-07,W,total,1653856,False
2007-11-08,W,total,1722144,False
2007-11-09,W,total,1696631,False
2007-11-10,A,total,1023117,False
2007-11-11,U,total,679035,False
2007-11-12,W,total,1394933,True
2007-11-13,W,total,1755924,False
2007-11-14,W,total,1726279,False
2007-11-15,W,total,1709866,False
2007-11-16,W,total,1709327,False
2007-11-17,A,total,1025393,False
2007-11-18,U,total,676584,False
2007-11-19,W,total,1673705,False
2007-11-20,W,total,1693769,False
2007-11-21,W,total,1511785,True
2007-11-22,U,total,452337,True
2007-11-23,W,total,975259,True
2007-11-24,A,total,827196,False
2007-11-25,U,total,617258,False
2007-11-26,W,total,1621958,False
2007-11-27,W,total,1674469,False
2007-11-28,W,total,1657715,False
2007-11-29,W,total,1641128,False
2007-11-30,W,total,1696222,False
2007-12-01,A,total,913842,False
2007-12-02,U,total,643077,False
2007-12-03,W,total,1670117,False
2007-12-04,W,total,1707664,False
2007-12-05,W,total,1648069,False
2007-12-06,W,total,1649546,False
2007-12-07,W,total,1566507,False
2007-12-08,A,total,962962,False
2007-12-09,U,total,639333,False
2007-12-10,W,total,1633692,False
2007-12-11,W,total,1607673,False
2007-12-12,W,total,1667255,False
2007-12-13,W,total,1655775,False
2007-12-14,W,total,1656670,False
2007-12-15,A,total,923662,False
2007-12-16,U,total,627832,False
2007-12-17,W,total,1532409,False
2007-12-18,W,total,1592129,False
2007-12-19,W,total,1615538,False
2007-12-20,W,total,1594754,False
2007-12-21,W,total,1577957,False
2007-12-22,A,total,904034,False
2007-12-23,U,total,532455,False
2007-12-24,W,total,783825,True
2007-12-25,U,total,361281,True
2007-12-26,W,total,1107330,False
2007-12-27,W,total,1236445,False
2007-12-28,W,total,1211637,False
2007-12-29,A,total,824817,False
2007-12-30,U,total,644216,False
2007-12-31,W,total,1075190,False
2008-01-01,U,total,469814,True
2008-01-02,W,total,1170390,False
2008-01-03,W,total,1301442,False
2008-01-04,W,total,1388634,False
2008-01-05,A,total,849103,False
2008-01-06,U,total,622776,False
2008-01-07,W,total,1576577,False
2008-01-08,W,total,1583229,False
2008-01-09,W,total,1627704,False
2008-01-10,W,total,1600887,False
2008-01-11,W,total,1624796,False
2008-01-12,A,total,903934,False
2008-01-13,U,total,594025,False
2008-01-14,W,total,1603615,False
2008-01-15,W,total,1629641,False
2008-01-16,W,total,1668077,False
2008-01-17,W,total,1618431,False
2008-01-18,W,total,1545291,False
2008-01-19,A,total,646125,True
2008-01-20,U,total,460046,False
2008-01-21,W,total,994640,True
2008-01-22,W,total,1607717,False
2008-01-23,W,total,1580031,False
2008-01-24,W,total,1499277,False
2008-01-25,W,total,1425039,False
2008-01-26,A,total,866064,False
2008-01-27,U,total,626758,False
2008-01-28,W,total,1649104,False
2008-01-29,W,total,1639157,False
2008-01-30,W,total,1462671,False
2008-01-31,W,total,1587861,False
2008-02-01,W,total,1504685,False
2008-02-02,A,total,948351,False
2008-02-03,U,total,633104,False
2008-02-04,W,total,1613016,False
2008-02-05,W,total,1691269,False
2008-02-06,W,total,1534619,False
2008-02-07,W,total,1661885,False
2008-02-08,W,total,1654805,False
2008-02-09,A,total,947163,False
2008-02-10,U,total,476460,True
2008-02-11,W,total,1378512,False
2008-02-12,W,total,1373374,False
2008-02-13,W,total,1669749,False
2008-02-14,W,total,1715230,False
2008-02-15,W,total,1654490,False
2008-02-16,A,total,986749,False
2008-02-17,U,total,630704,False
2008-02-18,W,total,1172584,True
2008-02-19,W,total,1563622,False
2008-02-20,W,total,1563399,False
2008-02-21,W,total,1616766,False
2008-02-22,W,total,1632489,False
2008-02-23,A,total,974149,False
2008-02-24,U,total,661682,False
2008-02-25,W,total,1606053,False
2008-02-26,W,total,1576126,False
2008-02-27,W,total,1636464,False
2008-02-28,W,total,1648994,False
2008-02-29,W,total,1668003,False
2008-03-01,A,total,990927,False
2008-03-02,U,total,695191,False
2008-03-03,W,total,1447552,True
2008-03-04,W,total,1673156,False
2008-03-05,W,total,1679687,False
2008-03-06,W,total,1679780,False
2008-03-07,W,total,1635835,False
2008-03-08,A,total,884985,False
2008-03-09,U,total,631311,False
2008-03-10,W,total,1631638,False
2008-03-11,W,total,1696782,False
2008-03-12,W,total,1708319,False
2008-03-13,W,total,1712037,False
2008-03-14,W,total,1724914,False
2008-03-15,A,total,1052898,False
2008-03-16,U,total,691186,False
2008-03-17,W,total,1482385,False
2008-03-18,W,total,1503225,False
2008-03-19,W,total,1554622,False
2008-03-20,W,total,1556008,False
2008-03-21,W,total,1261156,False
2008-03-22,A,total,878540,False
2008-03-23,U,total,593924,False
2008-03-24,W,total,1572030,False
2008-03-25,W,total,1633318,False
2008-03-26,W,total,1653616,False
2008-03-27,W,total,1574702,False
2008-03-28,W,total,1657964,False
2008-03-29,A,total,1007115,False
2008-03-30,U,total,676440,False
2008-03-31,W,total,1631083,False
2008-04-01,W,total,1752394,False
2008-04-02,W,total,1780464,False
2008-04-03,W,total,1776313,False
2008-04-04,W,total,1769041,False
2008-04-05,A,total,1121514,False
2008-04-06,U,total,772991,False
2008-04-07,W,total,1722794,False
2008-04-08,W,total,1691887,False
2008-04-09,W,total,1739281,False
2008-04-10,W,total,1615371,False
2008-04-11,W,total,1628623,False
2008-04-12,A,total,966777,False
2008-04-13,U,total,695301,False
2008-04-14,W,total,1724239,False
2008-04-15,W,total,1776536,False
2008-04-16,W,total,1725489,False
2008-04-17,W,total,1757260,False
2008-04-18,W,total,1749472,False
2008-04-19,A,total,1027202,False
2008-04-20,U,total,786225,False
2008-04-21,W,total,1739753,False
2008-04-22,W,total,1757152,False
2008-04-23,W,total,1705389,False
2008-04-24,W,total,1670677,False
2008-04-25,W,total,1684312,False
2008-04-26,A,total,1018241,False
2008-04-27,U,total,707467,False
2008-04-28,W,total,1616449,False
2008-04-29,W,total,1743964,False
2008-04-30,W,total,1767216,False
2008-05-01,W,total,1810122,False
2008-05-02,W,total,1723682,False
2008-05-03,A,total,1060567,False
2008-05-04,U,total,782461,False
2008-05-05,W,total,1745041,False
2008-05-06,W,total,1774200,False
2008-05-07,W,total,1676734,False
2008-05-08,W,total,1767397,False
2008-05-09,W,total,1776900,False
2008-05-10,A,total,1069266,False
2008-05-11,U,total,603439,True
2008-05-12,W,total,1700977,False
2008-05-13,W,total,1745300,False
2008-05-14,W,total,1734493,False
2008-05-15,W,total,1754744,False
2008-05-16,W,total,1778873,False
2008-05-17,A,total,1099932,False
2008-05-18,U,total,766793,False
2008-05-19,W,total,1691712,False
2008-05-20,W,total,1720380,False
2008-05-21,W,total,1756330,False
2008-05-22,W,total,1747013,False
2008-05-23,W,total,1697139,False
2008-05-24,A,total,1064279,False
2008-05-25,U,total,787609,False
2008-05-26,U,total,735718,False
2008-05-27,W,total,1652775,False
2008-05-28,W,total,1753301,False
2008-05-29,W,total,1744232,False
2008-05-30,W,total,1717368,False
2008-05-31,A,total,1163272,False
2008-06-01,U,total,845436,False
2008-06-02,W,total,1736580,False
2008-06-03,W,total,1716913,False
2008-06-04,W,total,1770596,False
2008-06-05,W,total,1777824,False
2008-06-06,W,total,1749082,False
2008-06-07,A,total,1066931,False
2008-06-08,U,total,776023,False
2008-06-09,W,total,1663409,False
2008-06-10,W,total,1803566,False
2008-06-11,W,total,1797636,False
2008-06-12,W,total,1707426,False
2008-06-13,W,total,1739458,False
2008-06-14,A,total,1153361,False
2008-06-15,U,total,731933,False
2008-06-16,W,total,1613609,False
2008-06-17,W,total,1676703,False
2008-06-18,W,total,1698098,False
2008-06-19,W,total,1697569,False
2008-06-20,W,total,1658882,False
2008-06-21,A,total,1140711,False
2008-06-22,U,total,813987,False
2008-06-23,W,total,1645618,False
2008-06-24,W,total,1712859,False
2008-06-25,W,total,1668905,False
2008-06-26,W,total,1737827,False
2008-06-27,W,total,1713242,False
2008-06-28,A,total,1213261,False
2008-06-29,U,total,917608,False
2008-06-30,W,total,1716926,False
2008-07-01,W,total,1792456,False
2008-07-02,W,total,1719404,False
2008-07-03,W,total,2049519,True
2008-07-04,U,total,1028144,False
2008-07-05,A,total,1085503,False
2008-07-06,U,total,844883,False
2008-07-07,W,total,1599267,False
2008-07-08,W,total,1719003,False
2008-07-09,W,total,1779700,False
2008-07-10,W,total,1703864,False
2008-07-11,W,total,1741518,False
2008-07-12,A,total,1080279,False
2008-07-13,U,total,844801,False
2008-07-14,W,total,1695813,False
2008-07-15,W,total,1744072,False
2008-07-16,W,total,1714282,False
2008-07-17,W,total,1726834,False
2008-07-18,W,total,1715118,False
2008-07-19,A,total,1018802,False
2008-07-20,U,total,831181,False
2008-07-21,W,total,1659799,False
2008-07-22,W,total,1743582,False
2008-07-23,W,total,1755384,False
2008-07-24,W,total,1758701,False
2008-07-25,W,total,1715607,False
2008-07-26,A,total,1180676,False
2008-07-27,U,total,811633,False
2008-07-28,W,total,1619146,False
2008-07-29,W,total,1668823,False
2008-07-30,W,total,1651364,False
2008-07-31,W,total,1629053,False
2008-08-01,W,total,1848475,False
2008-08-02,A,total,1267454,False
2008-08-03,U,total,952356,False
2008-08-04,W,total,1565536,False
2008-08-05,W,total,1670763,False
2008-08-06,W,total,1704596,False
2008-08-07,W,total,1708233,False
2008-08-08,W,total,1754270,False
2008-08-09,A,total,1202326,False
2008-08-10,U,total,857558,False
2008-08-11,W,total,1593700,False
2008-08-12,W,total,1622168,False
2008-08-13,W,total,1601267,False
2008-08-14,W,total,1631720,False
2008-08-15,W,total,1689344,False
2008-08-16,A,total,1163131,False
2008-08-17,U,total,857257,False
2008-08-18,W,total,1595833,False
2008-08-19,W,total,1675053,False
2008-08-20,W,total,1690788,False
2008-08-21,W,total,1686190,False
2008-08-22,W,total,1686529,False
2008-08-23,A,total,1137886,False
2008-08-24,U,total,842499,False
2008-08-25,W,total,1644313,False
2008-08-26,W,total,1704211,False
2008-08-27,W,total,1691322,False
2008-08-28,W,total,1700889,False
2008-08-29,W,total,1762303,False
2008-08-30,A,total,1162135,False
2008-08-31,U,total,882889,False
2008-09-01,U,total,794206,False
2008-09-02,W,total,1813213,False
2008-09-03,W,total,1877259,False
2008-09-04,W,total,1679123,False
2008-09-05,W,total,1870301,False
2008-09-06,A,total,1194781,False
2008-09-07,U,total,803662,False
2008-09-08,W,total,1709826,False
2008-09-09,W,total,1889657,False
2008-09-10,W,total,1886968,False
2008-09-11,W,total,1876296,False
2008-09-12,W,total,1821055,False
2008-09-13,A,total,914784,True
2008-09-14,U,total,630509,False
2008-09-15,W,total,1832745,False
2008-09-16,W,total,1899970,False
2008-09-17,W,total,1913446,False
2008-09-18,W,total,1909073,False
2008-09-19,W,total,1918527,False
2008-09-20,A,total,1239386,False
2008-09-21,U,total,869411,False
2008-09-22,W,total,1830842,False
2008-09-23,W,total,1870602,False
2008-09-24,W,total,1862292,False
2008-09-25,W,total,1882321,False
2008-09-26,W,total,1798656,False
2008-09-27,A,total,1163062,False
2008-09-28,U,total,789029,False
2008-09-29,W,total,1745628,False
2008-09-30,W,total,1843462,False
2008-10-01,W,total,1922280,False
2008-10-02,W,total,1911656,False
2008-10-03,W,total,1918959,False
2008-10-04,A,total,1165824,False
2008-10-05,U,total,783550,False
2008-10-06,W,total,1864902,False
2008-10-07,W,total,1822317,False
2008-10-08,W,total,1835260,False
2008-10-09,W,total,1864668,False
2008-10-10,W,total,1885895,False
2008-10-11,A,total,1194982,False
2008-10-12,U,total,931527,False
2008-10-13,W,total,1509331,True
2008-10-14,W,total,1870206,False
2008-10-15,W,total,1810096,False
2008-10-16,W,total,1882316,False
2008-10-17,W,total,1872402,False
2008-10-18,A,total,1192939,False
2008-10-19,U,total,834095,False
2008-10-20,W,total,1766769,False
2008-10-21,W,total,1859449,False
2008-10-22,W,total,1849165,False
2008-10-23,W,total,1848256,False
2008-10-24,W,total,1711530,False
2008-10-25,A,total,1110239,False
2008-10-26,U,total,761641,False
2008-10-27,W,total,1763216,False
2008-10-28,W,total,1819829,False
2008-10-29,W,total,1820283,False
2008-10-30,W,total,1852188,False
2008-10-31,W,total,1844662,False
2008-11-01,A,total,1119891,False
2008-11-02,U,total,803727,False
2008-11-03,W,total,1869165,False
2008-11-04,W,total,1938738,False
2008-11-05,W,total,1872181,False
2008-11-06,W,total,1793582,False
2008-11-07,W,total,1719479,False
2008-11-08,A,total,1073692,False
2008-11-09,U,total,742161,False
2008-11-10,W,total,1656882,False
2008-11-11,W,total,1490955,False
2008-11-12,W,total,1761062,False
2008-11-13,W,total,1758961,False
2008-11-14,W,total,1816992,False
2008-11-15,A,total,1063047,False
2008-11-16,U,total,704374,False
2008-11-17,W,total,1732747,False
2008-11-18,W,total,1760156,False
2008-11-19,W,total,1785432,False
2008-11-20,W,total,1756034,False
2008-11-21,W,total,1745493,False
2008-11-22,A,total,1115297,False
2008-11-23,U,total,720626,False
2008-11-24,W,total,1699009,False
2008-11-25,W,total,1741499,False
2008-11-26,W,total,1632356,False
2008-11-27,U,total,539529,False
2008-11-28,W,total,1031830,True
2008-11-29,A,total,916488,False
2008-11-30,U,total,602467,False
2008-12-01,W,total,1695911,False
2008-12-02,W,total,1747749,False
2008-12-03,W,total,1773637,False
2008-12-04,W,total,1714812,False
2008-12-05,W,total,1656403,False
2008-12-06,A,total,943869,False
2008-12-07,U,total,648194,False
2008-12-08,W,total,1657651,False
2008-12-09,W,total,1620682,False
2008-12-10,W,total,1681854,False
2008-12-11,W,total,1712537,False
2008-12-12,W,total,1642648,False
2008-12-13,A,total,976738,False
2008-12-14,U,total,688064,False
2008-12-15,W,total,1464384,False
2008-12-16,W,total,1539664,False
2008-12-17,W,total,1598394,False
2008-12-18,W,total,1614233,False
2008-12-19,W,total,1490338,False
2008-12-20,A,total,925369,False
2008-12-21,U,total,452096,False
2008-12-22,W,total,1178013,False
2008-12-23,W,total,1244263,False
2008-12-24,W,total,965990,False
2008-12-25,U,total,352049,True
2008-12-26,W,total,885449,False
2008-12-27,A,total,764660,False
2008-12-28,U,total,617231,False
2008-12-29,W,total,1316501,False
2008-12-30,W,total,1344182,False
2008-12-31,W,total,1223824,False
2009-01-01,U,total,577369,False
2009-01-02,W,total,1209241,False
2009-01-03,A,total,874140,False
2009-01-04,U,total,615278,False
2009-01-05,W,total,1603662,False
2009-01-06,W,total,1606498,False
2009-01-07,W,total,1598339,False
2009-01-08,W,total,1607455,False
2009-01-09,W,total,1610293,False
2009-01-10,A,total,826563,False
2009-01-11,U,total,609751,False
2009-01-12,W,total,1639595,False
2009-01-13,W,total,1567454,False
2009-01-14,W,total,1526194,False
2009-01-15,W,total,1287896,False
2009-01-16,W,total,1364316,False
2009-01-17,A,total,856037,False
2009-01-18,U,total,622227,False
2009-01-19,W,total,1074802,True
2009-01-20,W,total,1642780,False
2009-01-21,W,total,1716073,False
2009-01-22,W,total,1740397,False
2009-01-23,W,total,1602428,False
2009-01-24,A,total,877601,False
2009-01-25,U,total,591754,False
2009-01-26,W,total,1658318,False
2009-01-27,W,total,1697451,False
2009-01-28,W,total,1697174,False
2009-01-29,W,total,1689040,False
2009-01-30,W,total,1687475,False
2009-01-31,A,total,1008537,False
2009-02-01,U,total,702044,False
2009-02-02,W,total,1691095,False
2009-02-03,W,total,1695308,False
2009-02-04,W,total,1657477,False
2009-02-05,W,total,1708323,False
2009-02-06,W,total,1729436,False
2009-02-07,A,total,1110161,False
2009-02-08,U,total,714331,False
2009-02-09,W,total,1695849,False
2009-02-10,W,total,1787465,False
2009-02-11,W,total,1639396,False
2009-02-12,W,total,1564169,False
2009-02-13,W,total,1651929,False
2009-02-14,A,total,1099352,False
2009-02-15,U,total,728546,False
2009-02-16,W,total,1251489,True
2009-02-17,W,total,1741404,False
2009-02-18,W,total,1668319,False
2009-02-19,W,total,1644392,False
2009-02-20,W,total,1665218,False
2009-02-21,A,total,907791,False
2009-02-22,U,total,654405,False
2009-02-23,W,total,1650322,False
2009-02-24,W,total,1715159,False
2009-02-25,W,total,1732770,False
2009-02-26,W,total,1605939,False
2009-02-27,W,total,1677222,False
2009-02-28,A,total,988441,False
2009-03-01,U,total,604788,False
2009-03-02,W,total,1436797,True
2009-03-03,W,total,1738221,False
2009-03-04,W,total,1746748,False
2009-03-05,W,total,1764474,False
2009-03-06,W,total,1760174,False
2009-03-07,A,total,884512,False
2009-03-08,U,total,580467,False
2009-03-09,W,total,1711458,False
2009-03-10,W,total,1662296,False
2009-03-11,W,total,1708701,False
2009-03-12,W,total,1685714,False
2009-03-13,W,total,1731600,False
2009-03-14,A,total,1171246,False
2009-03-15,U,total,771899,False
2009-03-16,W,total,1688248,False
2009-03-17,W,total,1793988,False
2009-03-18,W,total,1704455,False
2009-03-19,W,total,1729974,False
2009-03-20,W,total,1707722,False
2009-03-21,A,total,1061645,False
2009-03-22,U,total,732239,False
2009-03-23,W,total,1605893,False
2009-03-24,W,total,1639679,False
2009-03-25,W,total,1677538,False
2009-03-26,W,total,1687457,False
2009-03-27,W,total,1583781,False
2009-03-28,A,total,913884,False
2009-03-29,U,total,590257,False
2009-03-30,W,total,1673460,False
2009-03-31,W,total,1636506,False
2009-04-01,W,total,1762075,False
2009-04-02,W,total,1667210,False
2009-04-03,W,total,1748223,False
2009-04-04,A,total,1086947,False
2009-04-05,U,total,631085,False
2009-04-06,W,total,1472058,False
2009-04-07,W,total,1584908,False
2009-04-08,W,total,1606495,False
2009-04-09,W,total,1590500,False
2009-04-10,W,total,1428237,False
2009-04-11,A,total,991348,False
2009-04-12,U,total,652163,False
2009-04-13,W,total,1556942,False
2009-04-14,W,total,1671552,False
2009-04-15,W,total,1756114,False
2009-04-16,W,total,1775247,False
2009-04-17,W,total,1782926,False
2009-04-18,A,total,1111585,False
2009-04-19,U,total,642186,False
2009-04-20,W,total,1636711,False
2009-04-21,W,total,1689892,False
2009-04-22,W,total,1720352,False
2009-04-23,W,total,1728265,False
2009-04-24,W,total,1764164,False
2009-04-25,A,total,971037,False
2009-04-26,U,total,674032,False
2009-04-27,W,total,1605757,False
2009-04-28,W,total,1693250,False
2009-04-29,W,total,1694522,False
2009-04-30,W,total,1659862,False
2009-05-01,W,total,1793847,False
2009-05-02,A,total,1164253,False
2009-05-03,U,total,819125,False
2009-05-04,W,total,1749134,False
2009-05-05,W,total,1772666,False
2009-05-06,W,total,1691131,False
2009-05-07,W,total,1746896,False
2009-05-08,W,total,1742679,False
2009-05-09,A,total,1017859,False
2009-05-10,U,total,724135,False
2009-05-11,W,total,1639482,False
2009-05-12,W,total,1746119,False
2009-05-13,W,total,1619781,False
2009-05-14,W,total,1764853,False
2009-05-15,W,total,1636096,False
2009-05-16,A,total,1152878,False
2009-05-17,U,total,805230,False
2009-05-18,W,total,1669029,False
2009-05-19,W,total,1723086,False
2009-05-20,W,total,1749743,False
2009-05-21,W,total,1734255,False
2009-05-22,W,total,1689670,False
2009-05-23,A,total,1067777,False
2009-05-24,U,total,800140,False
2009-05-25,U,total,667660,False
2009-05-26,W,total,1633047,False
2009-05-27,W,total,1675228,False
2009-05-28,W,total,1702143,False
2009-05-29,W,total,1742108,False
2009-05-30,A,total,1081279,False
2009-05-31,U,total,800988,False
2009-06-01,W,total,1631065,False
2009-06-02,W,total,1671608,False
2009-06-03,W,total,1751260,False
2009-06-04,W,total,1744317,False
2009-06-05,W,total,1731083,False
2009-06-06,A,total,1045158,False
2009-06-07,U,total,754027,False
2009-06-08,W,total,1636705,False
2009-06-09,W,total,1663269,False
2009-06-10,W,total,1666327,False
2009-06-11,W,total,1508580,False
2009-06-12,W,total,1790700,False
2009-06-13,A,total,1049576,False
2009-06-14,U,total,892253,False
2009-06-15,W,total,1605715,False
2009-06-16,W,total,1558919,False
2009-06-17,W,total,1649596,False
2009-06-18,W,total,1655703,False
2009-06-19,W,total,1490594,False
2009-06-20,A,total,1180779,False
2009-06-21,U,total,807292,False
2009-06-22,W,total,1580274,False
2009-06-23,W,total,1622884,False
2009-06-24,W,total,1579983,False
2009-06-25,W,total,1628966,False
2009-06-26,W,total,1693569,False
2009-06-27,A,total,1162597,False
2009-06-28,U,total,986747,False
2009-06-29,W,total,1610780,False
2009-06-30,W,total,1611211,False
2009-07-01,W,total,1683699,False
2009-07-02,W,total,1734738,False
2009-07-03,U,total,1503056,True
2009-07-04,A,total,935319,False
2009-07-05,U,total,872217,False
2009-07-06,W,total,1610112,False
2009-07-07,W,total,1648122,False
2009-07-08,W,total,1621276,False
2009-07-09,W,total,1676467,False
2009-07-10,W,total,1611042,False
2009-07-11,A,total,1155770,False
2009-07-12,U,total,861327,False
2009-07-13,W,total,1614445,False
2009-07-14,W,total,1619966,False
2009-07-15,W,total,1634623,False
2009-07-16,W,total,1673595,False
2009-07-17,W,total,1622378,False
2009-07-18,A,total,1132727,False
2009-07-19,U,total,805455,False
2009-07-20,W,total,1607809,False
2009-07-21,W,total,1670567,False
2009-07-22,W,total,1628285,False
2009-07-23,W,total,1633837,False
2009-07-24,W,total,1655255,False
2009-07-25,A,total,1161031,False
2009-07-26,U,total,825008,False
2009-07-27,W,total,1588294,False
2009-07-28,W,total,1623781,False
2009-07-29,W,total,1631692,False
2009-07-30,W,total,1606961,False
2009-07-31,W,total,1672640,False
2009-08-01,A,total,1109576,False
2009-08-02,U,total,866681,False
2009-08-03,W,total,1558135,False
2009-08-04,W,total,1612280,False
2009-08-05,W,total,1618292,False
2009-08-06,W,total,1632687,False
2009-08-07,W,total,1595860,False
2009-08-08,A,total,1218107,False
2009-08-09,U,total,876392,False
2009-08-10,W,total,1544054,False
2009-08-11,W,total,1623140,False
2009-08-12,W,total,1618867,False
2009-08-13,W,total,1621137,False
2009-08-14,W,total,1652330,False
2009-08-15,A,total,1195112,False
2009-08-16,U,total,811797,False
2009-08-17,W,total,1448977,True
2009-08-18,W,total,1585107,False
2009-08-19,W,total,1542247,False
2009-08-20,W,total,1552710,False
2009-08-21,W,total,1579785,False
2009-08-22,A,total,1106859,False
2009-08-23,U,total,800652,False
2009-08-24,W,total,1600344,False
2009-08-25,W,total,1674260,False
2009-08-26,W,total,1573418,False
2009-08-27,W,total,1598763,False
2009-08-28,W,total,1648608,False
2009-08-29,A,total,1114263,False
2009-08-30,U,total,808170,False
2009-08-31,W,total,1634335,False
2009-09-01,W,total,1735535,False
2009-09-02,W,total,1715382,False
2009-09-03,W,total,1777558,False
2009-09-04,W,total,1699155,False
2009-09-05,A,total,1129418,False
2009-09-06,U,total,842255,False
2009-09-07,U,total,762572,False
2009-09-08,W,total,1713802,False
2009-09-09,W,total,1808898,False
2009-09-10,W,total,1813828,False
2009-09-11,W,total,1857675,False
2009-09-12,A,total,1210485,False
2009-09-13,U,total,873250,False
2009-09-14,W,total,1816126,False
2009-09-15,W,total,1844198,False
2009-09-16,W,total,1841778,False
2009-09-17,W,total,1857642,False
2009-09-18,W,total,1811858,False
2009-09-19,A,total,1137060,False
2009-09-20,U,total,773407,False
2009-09-21,W,total,1768504,False
2009-09-22,W,total,1807230,False
2009-09-23,W,total,1821266,False
2009-09-24,W,total,1811421,False
2009-09-25,W,total,1707232,True
2009-09-26,A,total,1129405,False
2009-09-27,U,total,789256,False
2009-09-28,W,total,1684829,True
2009-09-29,W,total,1772329,False
2009-09-30,W,total,1815535,False
2009-10-01,W,total,1807002,False
2009-10-02,W,total,1805330,False
2009-10-03,A,total,1130874,False
2009-10-04,U,total,823809,False
2009-10-05,W,total,1801694,False
2009-10-06,W,total,1764722,False
2009-10-07,W,total,1825485,False
2009-10-08,W,total,1777505,False
2009-10-09,W,total,1713548,False
2009-10-10,A,total,1110168,False
2009-10-11,U,total,864582,False
2009-10-12,W,total,1421856,True
2009-10-13,W,total,1809006,False
2009-10-14,W,total,1780278,False
2009-10-15,W,total,1765172,False
2009-10-16,W,total,1776706,False
2009-10-17,A,total,1113483,False
2009-10-18,U,total,791837,False
2009-10-19,W,total,1791859,False
2009-10-20,W,total,1804953,False
2009-10-21,W,total,1825773,False
2009-10-22,W,total,1760483,False
2009-10-23,W,total,1596168,True
2009-10-24,A,total,1067561,False
2009-10-25,U,total,749931,False
2009-10-26,W,total,1718998,False
2009-10-27,W,total,1805067,False
2009-10-28,W,total,1790751,False
2009-10-29,W,total,1811997,False
2009-10-30,W,total,1715867,False
2009-10-31,A,total,1105168,False
2009-11-01,U,total,785478,False
2009-11-02,W,total,1780977,False
2009-11-03,W,total,1833698,False
2009-11-04,W,total,1800740,False
2009-11-05,W,total,1825636,False
2009-11-06,W,total,1699031,False
2009-11-07,A,total,1142877,False
2009-11-08,U,total,809629,False
2009-11-09,W,total,1749703,False
2009-11-10,W,total,1777730,False
2009-11-11,W,total,1528779,True
2009-11-12,W,total,1807365,False
2009-11-13,W,total,1786136,False
2009-11-14,A,total,1105158,False
2009-11-15,U,total,734709,False
2009-11-16,W,total,1730216,False
2009-11-17,W,total,1738357,False
2009-11-18,W,total,1720097,False
2009-11-19,W,total,1703218,False
2009-11-20,W,total,1798035,False
2009-11-21,A,total,1185648,False
2009-11-22,U,total,782716,False
2009-11-23,W,total,1738985,False
2009-11-24,W,total,1720111,False
2009-11-25,W,total,1609870,False
2009-11-26,U,total,518043,False
2009-11-27,W,total,1025438,True
2009-11-28,A,total,930461,False
2009-11-29,U,total,637573,False
2009-11-30,W,total,1698951,False
2009-12-01,W,total,1813253,False
2009-12-02,W,total,1768517,False
2009-12-03,W,total,1784879,False
2009-12-04,W,total,1625962,False
2009-12-05,A,total,1056920,False
2009-12-06,U,total,737894,False
2009-12-07,W,total,1677753,False
2009-12-08,W,total,1692334,False
2009-12-09,W,total,1634509,False
2009-12-10,W,total,1474013,True
2009-12-11,W,total,1608487,False
2009-12-12,A,total,1024569,False
2009-12-13,U,total,723293,False
2009-12-14,W,total,1619393,False
2009-12-15,W,total,1608215,False
2009-12-16,W,total,1583702,False
2009-12-17,W,total,1620845,False
2009-12-18,W,total,1629213,False
2009-12-19,A,total,962087,False
2009-12-20,U,total,699089,False
2009-12-21,W,total,1396944,False
2009-12-22,W,total,1365239,False
2009-12-23,W,total,1277696,False
2009-12-24,W,total,887707,False
2009-12-25,U,total,370892,False
2009-12-26,A,total,701444,True
2009-12-27,U,total,575710,False
2009-12-28,W,total,1209886,False
2009-12-29,W,total,1242887,False
2009-12-30,W,total,1260780,False
2009-12-31,W,total,1212179,False
2010-01-01,U,total,565384,False
2010-01-02,A,total,748666,True
2010-01-03,U,total,555706,False
2010-01-04,W,total,1508163,False
2010-01-05,W,total,1559904,False
2010-01-06,W,total,1579473,False
2010-01-07,W,total,1518432,False
2010-01-08,W,total,1535096,False
2010-01-09,A,total,861151,False
2010-01-10,U,total,589273,False
2010-01-11,W,total,1593790,False
2010-01-12,W,total,1638704,False
2010-01-13,W,total,1664270,False
2010-01-14,W,total,1678225,False
2010-01-15,W,total,1677327,False
2010-01-16,A,total,965197,False
2010-01-17,U,total,689636,False
2010-01-18,W,total,1089055,True
2010-01-19,W,total,1745020,False
2010-01-20,W,total,1727145,False
2010-01-21,W,total,1696830,False
2010-01-22,W,total,1704315,False
2010-01-23,A,total,991250,False
2010-01-24,U,total,656734,False
2010-01-25,W,total,1685664,False
2010-01-26,W,total,1690887,False
2010-01-27,W,total,1670978,False
2010-01-28,W,total,1650202,False
2010-01-29,W,total,1529417,False
2010-01-30,A,total,994145,False
2010-01-31,U,total,687277,False
2010-02-01,W,total,1739469,False
2010-02-02,W,total,1714647,False
2010-02-03,W,total,1775546,False
2010-02-04,W,total,1756824,False
2010-02-05,W,total,1689207,False
2010-02-06,A,total,970925,False
2010-02-07,U,total,665858,False
2010-02-08,W,total,1643703,False
2010-02-09,W,total,1559814,False
2010-02-10,W,total,1584842,False
2010-02-11,W,total,1579254,False
2010-02-12,W,total,1495158,False
2010-02-13,A,total,1027564,False
2010-02-14,U,total,796633,True
2010-02-15,W,total,1205977,False
2010-02-16,W,total,1694366,False
2010-02-17,W,total,1692296,False
2010-02-18,W,total,1700119,False
2010-02-19,W,total,1688910,False
2010-02-20,A,total,1004652,False
2010-02-21,U,total,674774,False
2010-02-22,W,total,1587498,False
2010-02-23,W,total,1674823,False
2010-02-24,W,total,1656625,False
2010-02-25,W,total,1669179,False
2010-02-26,W,total,1648900,False
2010-02-27,A,total,976346,False
2010-02-28,U,total,678021,False
2010-03-01,W,total,1500679,True
2010-03-02,W,total,1699207,False
2010-03-03,W,total,1736635,False
2010-03-04,W,total,1732411,False
2010-03-05,W,total,1700601,False
2010-03-06,A,total,1062219,False
2010-03-07,U,total,676029,False
2010-03-08,W,total,1665081,False
2010-03-09,W,total,1690434,False
2010-03-10,W,total,1700910,False
2010-03-11,W,total,1659271,False
2010-03-12,W,total,1676783,False
2010-03-13,A,total,1037314,False
2010-03-14,U,total,702532,False
2010-03-15,W,total,1645352,False
2010-03-16,W,total,1715748,False
2010-03-17,W,total,1733307,False
2010-03-18,W,total,1726850,False
2010-03-19,W,total,1686749,False
2010-03-20,A,total,830834,False
2010-03-21,U,total,676909,False
2010-03-22,W,total,1598566,False
2010-03-23,W,total,1651138,False
2010-03-24,W,total,1620687,False
2010-03-25,W,total,1578861,False
2010-03-26,W,total,1603758,False
2010-03-27,A,total,981318,False
2010-03-28,U,total,674491,False
2010-03-29,W,total,1453791,False
2010-03-30,W,total,1509868,False
2010-03-31,W,total,1547256,False
2010-04-01,W,total,1623327,False
2010-04-02,W,total,1482182,False
2010-04-03,A,total,924808,False
2010-04-04,U,total,635304,False
2010-04-05,W,total,1633055,False
2010-04-06,W,total,1649704,False
2010-04-07,W,total,1607421,False
2010-04-08,W,total,1672450,False
2010-04-09,W,total,1628507,False
2010-04-10,A,total,1103611,False
2010-04-11,U,total,729693,False
2010-04-12,W,total,1697836,False
2010-04-13,W,total,1711125,False
2010-04-14,W,total,1758006,False
2010-04-15,W,total,1768291,False
2010-04-16,W,total,1712937,False
2010-04-17,A,total,1082257,False
2010-04-18,U,total,753386,False
2010-04-19,W,total,1669453,False
2010-04-20,W,total,1709109,False
2010-04-21,W,total,1693290,False
2010-04-22,W,total,1660088,False
2010-04-23,W,total,1667646,False
2010-04-24,A,total,974265,False
2010-04-25,U,total,652117,False
2010-04-26,W,total,1696799,False
2010-04-27,W,total,1719930,False
2010-04-28,W,total,1677306,False
2010-04-29,W,total,1668484,False
2010-04-30,W,total,1739330,False
2010-05-01,A,total,1124401,False
2010-05-02,U,total,773387,False
2010-05-03,W,total,1724996,False
2010-05-04,W,total,1735241,False
2010-05-05,W,total,1725765,False
2010-05-06,W,total,1720651,False
2010-05-07,W,total,1610242,False
2010-05-08,A,total,987088,False
2010-05-09,U,total,721892,False
2010-05-10,W,total,1663061,False
2010-05-11,W,total,1617257,False
2010-05-12,W,total,1670769,False
2010-05-13,W,total,1620091,False
2010-05-14,W,total,1731236,False
2010-05-15,A,total,1061588,False
2010-05-16,U,total,763600,False
2010-05-17,W,total,1594325,False
2010-05-18,W,total,1646223,False
2010-05-19,W,total,1677857,False
2010-05-20,W,total,1649792,False
2010-05-21,W,total,1605975,False
2010-05-22,A,total,1060224,False
2010-05-23,U,total,813381,False
2010-05-24,W,total,1625217,False
2010-05-25,W,total,1695434,False
2010-05-26,W,total,1693220,False
2010-05-27,W,total,1693601,False
2010-05-28,W,total,1689163,False
2010-05-29,A,total,1101663,False
2010-05-30,U,total,848118,False
2010-05-31,U,total,591423,False
2010-06-01,W,total,1694028,False
2010-06-02,W,total,1653156,False
2010-06-03,W,total,1731107,False
2010-06-04,W,total,1692400,False
2010-06-05,A,total,987372,False
2010-06-06,U,total,763849,False
2010-06-07,W,total,1681087,False
2010-06-08,W,total,1584021,False
2010-06-09,W,total,1740260,False
2010-06-10,W,total,1727128,False
2010-06-11,W,total,1824403,False
2010-06-12,A,total,1045192,False
2010-06-13,U,total,800344,False
2010-06-14,W,total,1618369,False
2010-06-15,W,total,1635029,False
2010-06-16,W,total,1727639,False
2010-06-17,W,total,1674038,False
2010-06-18,W,total,1634507,False
2010-06-19,A,total,1145714,False
2010-06-20,U,total,767150,False
2010-06-21,W,total,1494734,False
2010-06-22,W,total,1583368,False
2010-06-23,W,total,1448260,False
2010-06-24,W,total,1622786,False
2010-06-25,W,total,1692165,False
2010-06-26,A,total,1114713,False
2010-06-27,U,total,881639,False
2010-06-28,W,total,1609922,False
2010-06-29,W,total,1636483,False
2010-06-30,W,total,1665133,False
2010-07-01,W,total,1799184,False
2010-07-02,W,total,1677181,False
2010-07-03,A,total,1186559,False
2010-07-04,U,total,948839,False
2010-07-05,U,total,829140,False
2010-07-06,W,total,1543689,False
2010-07-07,W,total,1568090,False
2010-07-08,W,total,1578888,False
2010-07-09,W,total,1606775,False
2010-07-10,A,total,1044097,False
2010-07-11,U,total,746511,False
2010-07-12,W,total,1561859,False
2010-07-13,W,total,1609290,False
2010-07-14,W,total,1609026,False
2010-07-15,W,total,1650099,False
2010-07-16,W,total,1682377,False
2010-07-17,A,total,1172630,False
2010-07-18,U,total,832103,False
2010-07-19,W,total,1608198,False
2010-07-20,W,total,1630951,False
2010-07-21,W,total,1657197,False
2010-07-22,W,total,1597584,False
2010-07-23,W,total,1556231,False
2010-07-24,A,total,987729,False
2010-07-25,U,total,824084,False
2010-07-26,W,total,1574221,False
2010-07-27,W,total,1605712,False
2010-07-28,W,total,1575677,False
2010-07-29,W,total,1618623,False
2010-07-30,W,total,1626919,False
2010-07-31,A,total,1108045,False
2010-08-01,U,total,840188,False
2010-08-02,W,total,1574307,False
2010-08-03,W,total,1595311,False
2010-08-04,W,total,1543352,False
2010-08-05,W,total,1647474,False
2010-08-06,W,total,1739119,True
2010-08-07,A,total,1219707,False
2010-08-08,U,total,879467,False
2010-08-09,W,total,1550291,False
2010-08-10,W,total,1571878,False
2010-08-11,W,total,1563709,False
2010-08-12,W,total,1575017,False
2010-08-13,W,total,1584295,False
2010-08-14,A,total,1148524,False
2010-08-15,U,total,866998,False
2010-08-16,W,total,1555961,False
2010-08-17,W,total,1568908,False
2010-08-18,W,total,1612168,False
2010-08-19,W,total,1629138,False
2010-08-20,W,total,1617389,False
2010-08-21,A,total,1125283,False
2010-08-22,U,total,806764,False
2010-08-23,W,total,1592226,False
2010-08-24,W,total,1637023,False
2010-08-25,W,total,1663360,False
2010-08-26,W,total,1672872,False
2010-08-27,W,total,1691987,False
2010-08-28,A,total,1137453,False
2010-08-29,U,total,806103,False
2010-08-30,W,total,1633423,False
2010-08-31,W,total,1673736,False
2010-09-01,W,total,1711433,False
2010-09-02,W,total,1644591,False
2010-09-03,W,total,1717503,False
2010-09-04,A,total,1146750,False
2010-09-05,U,total,896583,False
2010-09-06,U,total,772576,False
2010-09-07,W,total,1790800,False
2010-09-08,W,total,1823116,False
2010-09-09,W,total,1782767,False
2010-09-10,W,total,1808837,False
2010-09-11,A,total,1058778,False
2010-09-12,U,total,822660,False
2010-09-13,W,total,1787052,False
2010-09-14,W,total,1816715,False
2010-09-15,W,total,1834457,False
2010-09-16,W,total,1781743,False
2010-09-17,W,total,1848311,False
2010-09-18,A,total,1060662,False
2010-09-19,U,total,799102,False
2010-09-20,W,total,1753208,False
2010-09-21,W,total,1818567,False
2010-09-22,W,total,1789776,False
2010-09-23,W,total,1834849,False
2010-09-24,W,total,1716218,False
2010-09-25,A,total,1133474,False
2010-09-26,U,total,770681,False
2010-09-27,W,total,1755823,False
2010-09-28,W,total,1781942,False
2010-09-29,W,total,1779760,False
2010-09-30,W,total,1789296,False
2010-10-01,W,total,1838101,False
2010-10-02,A,total,1044156,False
2010-10-03,U,total,759509,False
2010-10-04,W,total,1759466,False
2010-10-05,W,total,1789090,False
2010-10-06,W,total,1787488,False
2010-10-07,W,total,1801465,False
2010-10-08,W,total,1813610,False
2010-10-09,A,total,1186399,False
2010-10-10,U,total,942271,False
2010-10-11,W,total,1452283,True
2010-10-12,W,total,1804058,False
2010-10-13,W,total,1751282,False
2010-10-14,W,total,1811200,False
2010-10-15,W,total,1821255,False
2010-10-16,A,total,1152199,False
2010-10-17,U,total,808224,False
2010-10-18,W,total,1756530,False
2010-10-19,W,total,1787599,False
2010-10-20,W,total,1795075,False
2010-10-21,W,total,1800269,False
2010-10-22,W,total,1715030,False
2010-10-23,A,total,1076618,False
2010-10-24,U,total,763084,False
2010-10-25,W,total,1741386,False
2010-10-26,W,total,1639360,True
2010-10-27,W,total,1790876,False
2010-10-28,W,total,1758328,False
2010-10-29,W,total,1753203,False
2010-10-30,A,total,1100557,False
2010-10-31,U,total,773067,False
2010-11-01,W,total,1753129,False
2010-11-02,W,total,1764285,False
2010-11-03,W,total,1793298,False
2010-11-04,W,total,1767663,False
2010-11-05,W,total,1758155,False
2010-11-06,A,total,1097172,False
2010-11-07,U,total,759711,False
2010-11-08,W,total,1756084,False
2010-11-09,W,total,1779964,False
2010-11-10,W,total,1794546,False
2010-11-11,W,total,1543089,True
2010-11-12,W,total,1666426,False
2010-11-13,A,total,1037871,False
2010-11-14,U,total,790423,False
2010-11-15,W,total,1717551,False
2010-11-16,W,total,1762143,False
2010-11-17,W,total,1750118,False
2010-11-18,W,total,1696830,False
2010-11-19,W,total,1754193,False
2010-11-20,A,total,1185894,False
2010-11-21,U,total,732979,False
2010-11-22,W,total,1624500,False
2010-11-23,W,total,1705223,False
2010-11-24,W,total,1520912,False
2010-11-25,U,total,508014,True
2010-11-26,W,total,926938,True
2010-11-27,A,total,858028,False
2010-11-28,U,total,672607,False
2010-11-29,W,total,1632419,False
2010-11-30,W,total,1643154,False
2010-12-01,W,total,1677917,False
2010-12-02,W,total,1697113,False
2010-12-03,W,total,1676738,False
2010-12-04,A,total,994239,False
2010-12-05,U,total,683989,False
2010-12-06,W,total,1586330,False
2010-12-07,W,total,1606482,False
2010-12-08,W,total,1630991,False
2010-12-09,W,total,1625164,False
2010-12-10,W,total,1669624,False
2010-12-11,A,total,961612,False
2010-12-12,U,total,579727,False
2010-12-13,W,total,1427903,False
2010-12-14,W,total,1512279,False
2010-12-15,W,total,1563042,False
2010-12-16,W,total,1564252,False
2010-12-17,W,total,1575568,False
2010-12-18,A,total,941296,False
2010-12-19,U,total,673315,False
2010-12-20,W,total,1364794,False
2010-12-21,W,total,1360448,False
2010-12-22,W,total,1345468,False
2010-12-23,W,total,1229347,False
2010-12-24,W,total,774814,True
2010-12-25,U,total,361527,True
2010-12-26,U,total,561494,False
2010-12-27,W,total,1109563,False
2010-12-28,W,total,1208911,False
2010-12-29,W,total,1244271,False
2010-12-30,W,total,1279258,False
2010-12-31,W,total,1000827,False
2011-01-01,U,total,582626,False
2011-01-02,U,total,590051,False
2011-01-03,W,total,1506805,False
2011-01-04,W,total,1567289,False
2011-01-05,W,total,1574739,False
2011-01-06,W,total,1564764,False
2011-01-07,W,total,1549257,False
2011-01-08,A,total,874345,False
2011-01-09,U,total,618123,False
2011-01-10,W,total,1606300,False
2011-01-11,W,total,1578446,False
2011-01-12,W,total,1617541,False
2011-01-13,W,total,1630960,False
2011-01-14,W,total,1640504,False
2011-01-15,A,total,923290,False
2011-01-16,U,total,646911,False
2011-01-17,W,total,1036561,True
2011-01-18,W,total,1669382,False
2011-01-19,W,total,1685388,False
2011-01-20,W,total,1649723,False
2011-01-21,W,total,1451564,False
2011-01-22,A,total,853365,False
2011-01-23,U,total,629093,False
2011-01-24,W,total,1626728,False
2011-01-25,W,total,1686413,False
2011-01-26,W,total,1696596,False
2011-01-27,W,total,1679758,False
2011-01-28,W,total,1586379,False
2011-01-29,A,total,998608,False
2011-01-30,U,total,661236,False
2011-01-31,W,total,1672291,False
2011-02-01,W,total,1455208,False
2011-02-02,W,total,428521,True
2011-02-03,W,total,1312900,True
2011-02-04,W,total,1648756,False
2011-02-05,A,total,1016205,False
2011-02-06,U,total,675313,False
2011-02-07,W,total,1690103,False
2011-02-08,W,total,1683829,False
2011-02-09,W,total,1618336,False
2011-02-10,W,total,1617561,False
2011-02-11,W,total,1624758,False
2011-02-12,A,total,1078313,False
2011-02-13,U,total,777429,True
2011-02-14,W,total,1773083,False
2011-02-15,W,total,1743953,False
2011-02-16,W,total,1759679,False
2011-02-17,W,total,1765614,False
2011-02-18,W,total,1764156,False
2011-02-19,A,total,1106497,False
2011-02-20,U,total,647249,False
2011-02-21,W,total,1210951,True
2011-02-22,W,total,1696728,False
2011-02-23,W,total,1727321,False
2011-02-24,W,total,1739234,False
2011-02-25,W,total,1706683,False
2011-02-26,A,total,994876,False
2011-02-27,U,total,698236,False
2011-02-28,W,total,1689544,False
2011-03-01,W,total,1774226,False
2011-03-02,W,total,1741081,False
2011-03-03,W,total,1767740,False
2011-03-04,W,total,1700784,False
2011-03-05,A,total,956935,False
2011-03-06,U,total,703982,False
2011-03-07,W,total,1530893,True
2011-03-08,W,total,1764812,False
2011-03-09,W,total,1711998,False
2011-03-10,W,total,1727310,False
2011-03-11,W,total,1755615,False
2011-03-12,A,total,1131385,False
2011-03-13,U,total,713452,False
2011-03-14,W,total,1705948,False
2011-03-15,W,total,1724859,False
2011-03-16,W,total,1782535,False
2011-03-17,W,total,1769890,False
2011-03-18,W,total,1734467,False
2011-03-19,A,total,1088010,False
2011-03-20,U,total,660675,False
2011-03-21,W,total,1670594,False
2011-03-22,W,total,1617711,False
2011-03-23,W,total,1667791,False
2011-03-24,W,total,1656425,False
2011-03-25,W,total,1657199,False
2011-03-26,A,total,991245,False
2011-03-27,U,total,697900,False
2011-03-28,W,total,1679406,False
2011-03-29,W,total,1707656,False
2011-03-30,W,total,1715259,False
2011-03-31,W,total,1668131,False
2011-04-01,W,total,1673104,False
2011-04-02,A,total,1145940,False
2011-04-03,U,total,755345,False
2011-04-04,W,total,1717664,False
2011-04-05,W,total,1787778,False
2011-04-06,W,total,1758022,False
2011-04-07,W,total,1702770,False
2011-04-08,W,total,1708142,False
2011-04-09,A,total,1137350,False
2011-04-10,U,total,842272,False
2011-04-11,W,total,1696062,False
2011-04-12,W,total,1753792,False
2011-04-13,W,total,1761506,False
2011-04-14,W,total,1737166,False
2011-04-15,W,total,1657967,False
2011-04-16,A,total,985306,False
2011-04-17,U,total,758317,False
2011-04-18,W,total,1516587,False
2011-04-19,W,total,1489855,False
2011-04-20,W,total,1579568,False
2011-04-21,W,total,1604960,False
2011-04-22,W,total,1350767,False
2011-04-23,A,total,1065995,False
2011-04-24,U,total,690208,False
2011-04-25,W,total,1655882,False
2011-04-26,W,total,1726696,False
2011-04-27,W,total,1672213,False
2011-04-28,W,total,1682911,False
2011-04-29,W,total,1822024,False
2011-04-30,A,total,1130262,False
2011-05-01,U,total,795577,False
2011-05-02,W,total,1734627,False
2011-05-03,W,total,1771585,False
2011-05-04,W,total,1787200,False
2011-05-05,W,total,1765562,False
2011-05-06,W,total,1787690,False
2011-05-07,A,total,1086123,False
2011-05-08,U,total,800020,False
2011-05-09,W,total,1676952,False
2011-05-10,W,total,1785024,False
2011-05-11,W,total,1746392,False
2011-05-12,W,total,1766056,False
2011-05-13,W,total,1734662,False
2011-05-14,A,total,987240,False
2011-05-15,U,total,665692,False
2011-05-16,W,total,1685208,False
2011-05-17,W,total,1707374,False
2011-05-18,W,total,1685223,False
2011-05-19,W,total,1720125,False
2011-05-20,W,total,1738361,False
2011-05-21,A,total,1046661,False
2011-05-22,U,total,781902,False
2011-05-23,W,total,1680116,False
2011-05-24,W,total,1739355,False
2011-05-25,W,total,1608567,False
2011-05-26,W,total,1648283,False
2011-05-27,W,total,1700823,False
2011-05-28,A,total,1007441,False
2011-05-29,U,total,698415,False
2011-05-30,U,total,900657,False
2011-05-31,W,total,1660883,False
2011-06-01,W,total,1805861,False
2011-06-02,W,total,1744760,False
2011-06-03,W,total,1838657,False
2011-06-04,A,total,1126403,False
2011-06-05,U,total,853812,False
2011-06-06,W,total,1749732,False
2011-06-07,W,total,1751166,False
2011-06-08,W,total,1759397,False
2011-06-09,W,total,1603427,False
2011-06-10,W,total,1690344,False
2011-06-11,A,total,1092341,False
2011-06-12,U,total,881447,False
2011-06-13,W,total,1732750,False
2011-06-14,W,total,1749588,False
2011-06-15,W,total,1635774,False
2011-06-16,W,total,1702884,False
2011-06-17,W,total,1826342,False
2011-06-18,A,total,1170647,False
2011-06-19,U,total,831447,False
2011-06-20,W,total,1530203,False
2011-06-21,W,total,1627159,False
2011-06-22,W,total,1601641,False
2011-06-23,W,total,1610607,False
2011-06-24,W,total,1638308,False
2011-06-25,A,total,1184086,False
2011-06-26,U,total,1074829,True
2011-06-27,W,total,1617771,False
2011-06-28,W,total,1742418,False
2011-06-29,W,total,1720950,False
2011-06-30,W,total,1701508,False
2011-07-01,W,total,1663510,False
2011-07-02,A,total,1216570,False
2011-07-03,U,total,988820,False
2011-07-04,U,total,878091,False
2011-07-05,W,total,1628210,False
2011-07-06,W,total,1672754,False
2011-07-07,W,total,1678348,False
2011-07-08,W,total,1712616,False
2011-07-09,A,total,1175599,False
2011-07-10,U,total,843014,False
2011-07-11,W,total,1554331,False
2011-07-12,W,total,1649816,False
2011-07-13,W,total,1680673,False
2011-07-14,W,total,1709770,False
2011-07-15,W,total,1727819,False
2011-07-16,A,total,1183880,False
2011-07-17,U,total,877761,False
2011-07-18,W,total,1620243,False
2011-07-19,W,total,1660061,False
2011-07-20,W,total,1619992,False
2011-07-21,W,total,1594708,False
2011-07-22,W,total,1591346,False
2011-07-23,A,total,1120193,False
2011-07-24,U,total,786447,False
2011-07-25,W,total,1630938,False
2011-07-26,W,total,1666867,False
2011-07-27,W,total,1624611,False
2011-07-28,W,total,1605892,False
2011-07-29,W,total,1653586,False
2011-07-30,A,total,1150355,False
2011-07-31,U,total,863800,False
2011-08-01,W,total,1658984,False
2011-08-02,W,total,1603798,False
2011-08-03,W,total,1700011,False
2011-08-04,W,total,1699041,False
2011-08-05,W,total,1790106,True
2011-08-06,A,total,1252028,False
2011-08-07,U,total,906309,False
2011-08-08,W,total,1605019,False
2011-08-09,W,total,1672030,False
2011-08-10,W,total,1684079,False
2011-08-11,W,total,1666652,False
2011-08-12,W,total,1665291,False
2011-08-13,A,total,1085252,False
2011-08-14,U,total,828964,False
2011-08-15,W,total,1605156,False
2011-08-16,W,total,1633250,False
2011-08-17,W,total,1636778,False
2011-08-18,W,total,1658560,False
2011-08-19,W,total,1733406,False
2011-08-20,A,total,1095537,False
2011-08-21,U,total,956696,False
2011-08-22,W,total,1672940,False
2011-08-23,W,total,1603148,False
2011-08-24,W,total,1728093,False
2011-08-25,W,total,1748602,False
2011-08-26,W,total,1708178,False
2011-08-27,A,total,1154610,False
2011-08-28,U,total,827324,False
2011-08-29,W,total,1700766,False
2011-08-30,W,total,1711449,False
2011-08-31,W,total,1739905,False
2011-09-01,W,total,1786890,False
2011-09-02,W,total,1743822,False
2011-09-03,A,total,1128774,False
2011-09-04,U,total,962034,False
2011-09-05,U,total,827948,False
2011-09-06,W,total,1863443,False
2011-09-07,W,total,1852926,False
2011-09-08,W,total,1829185,False
2011-09-09,W,total,1804478,False
2011-09-10,A,total,1151754,False
2011-09-11,U,total,840053,False
2011-09-12,W,total,1833787,False
2011-09-13,W,total,1876619,False
2011-09-14,W,total,1836708,False
2011-09-15,W,total,1858764,False
2011-09-16,W,total,1836386,False
2011-09-17,A,total,1196051,False
2011-09-18,U,total,761486,False
2011-09-19,W,total,1815153,False
2011-09-20,W,total,1882338,False
2011-09-21,W,total,1870984,False
2011-09-22,W,total,1846614,False
2011-09-23,W,total,1764839,False
2011-09-24,A,total,1121894,False
2011-09-25,U,total,781941,False
2011-09-26,W,total,1761415,False
2011-09-27,W,total,1810964,False
2011-09-28,W,total,1812277,False
2011-09-29,W,total,1805387,False
2011-09-30,W,total,1823669,False
2011-10-01,A,total,1182672,False
2011-10-02,U,total,830929,False
2011-10-03,W,total,1842710,False
2011-10-04,W,total,1857907,False
2011-10-05,W,total,1857442,False
2011-10-06,W,total,1860104,False
2011-10-07,W,total,1858167,False
2011-10-08,A,total,1215481,False
2011-10-09,U,total,982763,True
2011-10-10,W,total,1526701,True
2011-10-11,W,total,1843737,False
2011-10-12,W,total,1845163,False
2011-10-13,W,total,1784583,False
2011-10-14,W,total,1841927,False
2011-10-15,A,total,1195300,False
2011-10-16,U,total,808795,False
2011-10-17,W,total,1813447,False
2011-10-18,W,total,1814520,False
2011-10-19,W,total,1726862,True
2011-10-20,W,total,1782957,False
2011-10-21,W,total,1855829,False
2011-10-22,A,total,1175839,False
2011-10-23,U,total,818133,False
2011-10-24,W,total,1801653,False
2011-10-25,W,total,1824842,False
2011-10-26,W,total,1812003,False
2011-10-27,W,total,1832659,False
2011-10-28,W,total,1752029,False
2011-10-29,A,total,1134626,False
2011-10-30,U,total,751846,False
2011-10-31,W,total,1761578,False
2011-11-01,W,total,1861634,False
2011-11-02,W,total,1842214,False
2011-11-03,W,total,1767296,False
2011-11-04,W,total,1879321,False
2011-11-05,A,total,1199758,False
2011-11-06,U,total,808783,False
2011-11-07,W,total,1810084,False
2011-11-08,W,total,1751737,False
2011-11-09,W,total,1795886,False
2011-11-10,W,total,1726104,False
2011-11-11,W,total,1560772,False
2011-11-12,A,total,1134576,False
2011-11-13,U,total,802329,False
2011-11-14,W,total,1789451,False
2011-11-15,W,total,1849900,False
2011-11-16,W,total,1801230,False
2011-11-17,W,total,1751533,False
2011-11-18,W,total,1709076,False
2011-11-19,A,total,1187917,False
2011-11-20,U,total,785187,False
2011-11-21,W,total,1765672,False
2011-11-22,W,total,1701494,False
2011-11-23,W,total,1672843,False
2011-11-24,U,total,576123,True
2011-11-25,W,total,1087699,True
2011-11-26,A,total,936682,False
2011-11-27,U,total,671502,False
2011-11-28,W,total,1720155,False
2011-11-29,W,total,1699668,False
2011-11-30,W,total,1773494,False
2011-12-01,W,total,1836532,False
2011-12-02,W,total,1853165,False
2011-12-03,A,total,1123424,False
2011-12-04,U,total,781627,False
2011-12-05,W,total,1750447,False
2011-12-06,W,total,1747352,False
2011-12-07,W,total,1751354,False
2011-12-08,W,total,1745036,False
2011-12-09,W,total,1732800,False
2011-12-10,A,total,1039845,False
2011-12-11,U,total,749392,False
2011-12-12,W,total,1661340,True
2011-12-13,W,total,1694372,False
2011-12-14,W,total,1615101,True
2011-12-15,W,total,1695425,False
2011-12-16,W,total,1710120,False
2011-12-17,A,total,1051815,False
2011-12-18,U,total,780866,False
2011-12-19,W,total,1622466,False
2011-12-20,W,total,1608159,False
2011-12-21,W,total,1597534,False
2011-12-22,W,total,1516528,False
2011-12-23,W,total,1394613,False
2011-12-24,A,total,772025,True
2011-12-25,U,total,418136,True
2011-12-26,U,total,761602,False
2011-12-27,W,total,1220243,False
2011-12-28,W,total,1283202,False
2011-12-29,W,total,1321399,False
2011-12-30,W,total,1290703,False
2011-12-31,A,total,991464,False
2012-01-01,U,total,615614,False
2012-01-02,U,total,727159,False
2012-01-03,W,total,1411016,False
2012-01-04,W,total,1465382,False
2012-01-05,W,total,1494139,False
2012-01-06,W,total,1536825,False
2012-01-07,A,total,974289,False
2012-01-08,U,total,686711,False
2012-01-09,W,total,1651241,False
2012-01-10,W,total,1718135,False
2012-01-11,W,total,1746044,False
2012-01-12,W,total,1665876,False
2012-01-13,W,total,1633455,False
2012-01-14,A,total,935108,False
2012-01-15,U,total,679671,False
2012-01-16,W,total,1099309,True
2012-01-17,W,total,1742379,False
2012-01-18,W,total,1739545,False
2012-01-19,W,total,1694437,False
2012-01-20,W,total,1572561,False
2012-01-21,A,total,946570,False
2012-01-22,U,total,666405,False
2012-01-23,W,total,1720878,False
2012-01-24,W,total,1782081,False
2012-01-25,W,total,1786015,False
2012-01-26,W,total,1791941,False
2012-01-27,W,total,1689518,False
2012-01-28,A,total,1040915,False
2012-01-29,U,total,709529,False
2012-01-30,W,total,1727354,False
2012-01-31,W,total,1791041,False
2012-02-01,W,total,1847673,False
2012-02-02,W,total,1820934,False
2012-02-03,W,total,1729287,False
2012-02-04,A,total,1080037,False
2012-02-05,U,total,751797,False
2012-02-06,W,total,1738083,False
2012-02-07,W,total,1762916,False
2012-02-08,W,total,1807597,False
2012-02-09,W,total,1807844,False
2012-02-10,W,total,1697802,False
2012-02-11,A,total,990795,False
2012-02-12,U,total,715716,False
2012-02-13,W,total,1535915,True
2012-02-14,W,total,1815732,False
2012-02-15,W,total,1778288,False
2012-02-16,W,total,1795081,False
2012-02-17,W,total,1789959,False
2012-02-18,A,total,1120891,False
2012-02-19,U,total,797859,False
2012-02-20,W,total,1304893,True
2012-02-21,W,total,1762200,False
2012-02-22,W,total,1784310,False
2012-02-23,W,total,1768626,False
2012-02-24,W,total,1701774,False
2012-02-25,A,total,1047783,False
2012-02-26,U,total,746921,False
2012-02-27,W,total,1727391,False
2012-02-28,W,total,1759930,False
2012-02-29,W,total,1791854,False
2012-03-01,W,total,1814740,False
2012-03-02,W,total,1737093,False
2012-03-03,A,total,1041223,False
2012-03-04,U,total,733454,False
2012-03-05,W,total,1565665,False
2012-03-06,W,total,1828654,False
2012-03-07,W,total,1797468,False
2012-03-08,W,total,1784428,False
2012-03-09,W,total,1756147,False
2012-03-10,A,total,1125837,False
2012-03-11,U,total,798903,False
2012-03-12,W,total,1731550,False
2012-03-13,W,total,1816779,False
2012-03-14,W,total,1850222,False
2012-03-15,W,total,1824744,False
2012-03-16,W,total,1818863,False
2012-03-17,A,total,1463925,True
2012-03-18,U,total,863254,False
2012-03-19,W,total,1722868,False
2012-03-20,W,total,1761847,False
2012-03-21,W,total,1773631,False
2012-03-22,W,total,1733531,False
2012-03-23,W,total,1630990,False
2012-03-24,A,total,1071482,False
2012-03-25,U,total,826051,False
2012-03-26,W,total,1697521,False
2012-03-27,W,total,1747213,False
2012-03-28,W,total,1765184,False
2012-03-29,W,total,1748418,False
2012-03-30,W,total,1710664,False
2012-03-31,A,total,1087062,False
2012-04-01,U,total,799332,False
2012-04-02,W,total,1631606,False
2012-04-03,W,total,1693465,False
2012-04-04,W,total,1679673,False
2012-04-05,W,total,1683666,False
2012-04-06,W,total,1503743,False
2012-04-07,A,total,1072301,False
2012-04-08,U,total,719016,False
2012-04-09,W,total,1737433,False
2012-04-10,W,total,1790613,False
2012-04-11,W,total,1814697,False
2012-04-12,W,total,1825239,False
2012-04-13,W,total,1699968,False
2012-04-14,A,total,1115043,False
2012-04-15,U,total,763031,False
2012-04-16,W,total,1709931,False
2012-04-17,W,total,1801673,False
2012-04-18,W,total,1768161,False
2012-04-19,W,total,1732632,False
2012-04-20,W,total,1731734,False
2012-04-21,A,total,1127779,False
2012-04-22,U,total,781410,False
2012-04-23,W,total,1771211,False
2012-04-24,W,total,1753786,False
2012-04-25,W,total,1719668,False
2012-04-26,W,total,1804807,False
2012-04-27,W,total,1772186,False
2012-04-28,A,total,1017931,False
2012-04-29,U,total,767682,False
2012-04-30,W,total,1680830,False
2012-05-01,W,total,1816579,False
2012-05-02,W,total,1815256,False
2012-05-03,W,total,1852648,False
2012-05-04,W,total,1832412,False
2012-05-05,A,total,1164427,False
2012-05-06,U,total,777847,False
2012-05-07,W,total,1731844,False
2012-05-08,W,total,1824876,False
2012-05-09,W,total,1793914,False
2012-05-10,W,total,1780209,False
2012-05-11,W,total,1788011,False
2012-05-12,A,total,1038385,False
2012-05-13,U,total,776775,False
2012-05-14,W,total,1683505,False
2012-05-15,W,total,1744310,False
2012-05-16,W,total,1747888,False
2012-05-17,W,total,1761042,False
2012-05-18,W,total,1674298,True
2012-05-19,A,total,1112458,False
2012-05-20,U,total,819805,False
2012-05-21,W,total,1452772,True
2012-05-22,W,total,1735854,False
2012-05-23,W,total,1758292,False
2012-05-24,W,total,1772112,False
2012-05-25,W,total,1741711,False
2012-05-26,A,total,1105377,False
2012-05-27,U,total,895660,False
2012-05-28,U,total,826571,False
2012-05-29,W,total,1731725,False
2012-05-30,W,total,1744679,False
2012-05-31,W,total,1625315,True
2012-06-01,W,total,1785675,False
2012-06-02,A,total,1188328,False
2012-06-03,U,total,866962,False
2012-06-04,W,total,1761347,False
2012-06-05,W,total,1797891,False
2012-06-06,W,total,1787327,False
2012-06-07,W,total,1800432,False
2012-06-08,W,total,1826609,False
2012-06-09,A,total,1273984,False
2012-06-10,U,total,913815,False
2012-06-11,W,total,1712309,False
2012-06-12,W,total,1776586,False
2012-06-13,W,total,1765460,False
2012-06-14,W,total,1742863,False
2012-06-15,W,total,1799939,False
2012-06-16,A,total,1186895,False
2012-06-17,U,total,869680,False
2012-06-18,W,total,1610725,False
2012-06-19,W,total,1660889,False
2012-06-20,W,total,1689152,False
2012-06-21,W,total,1660050,False
2012-06-22,W,total,1713518,False
2012-06-23,A,total,1168668,False
2012-06-24,U,total,1043613,False
2012-06-25,W,total,1658967,False
2012-06-26,W,total,1699377,False
2012-06-27,W,total,1708994,False
2012-06-28,W,total,1582887,False
2012-06-29,W,total,1659628,False
2012-06-30,A,total,1168832,False
2012-07-01,U,total,824754,False
2012-07-02,W,total,1606189,False
2012-07-03,W,total,1686383,False
2012-07-04,U,total,895318,False
2012-07-05,W,total,1462213,False
2012-07-06,W,total,1504621,False
2012-07-07,A,total,1068298,False
2012-07-08,U,total,832091,False
2012-07-09,W,total,1631827,False
2012-07-10,W,total,1671989,False
2012-07-11,W,total,1733881,False
2012-07-12,W,total,1743133,False
2012-07-13,W,total,1700112,False
2012-07-14,A,total,1201692,False
2012-07-15,U,total,954762,False
2012-07-16,W,total,1631124,False
2012-07-17,W,total,1638646,False
2012-07-18,W,total,1685331,False
2012-07-19,W,total,1667434,False
2012-07-20,W,total,1683893,False
2012-07-21,A,total,1149387,False
2012-07-22,U,total,834370,False
2012-07-23,W,total,1611005,False
2012-07-24,W,total,1604283,False
2012-07-25,W,total,1654672,False
2012-07-26,W,total,1665862,False
2012-07-27,W,total,1706009,False
2012-07-28,A,total,1203289,False
2012-07-29,U,total,862947,False
2012-07-30,W,total,1613066,False
2012-07-31,W,total,1646899,False
2012-08-01,W,total,1739744,False
2012-08-02,W,total,1692989,False
2012-08-03,W,total,1825921,False
2012-08-04,A,total,1180401,False
2012-08-05,U,total,975495,False
2012-08-06,W,total,1648473,False
2012-08-07,W,total,1650479,False
2012-08-08,W,total,1652666,False
2012-08-09,W,total,1643331,False
2012-08-10,W,total,1702392,False
2012-08-11,A,total,1159727,False
2012-08-12,U,total,875006,False
2012-08-13,W,total,1538228,False
2012-08-14,W,total,1672661,False
2012-08-15,W,total,1706218,False
2012-08-16,W,total,1583982,False
2012-08-17,W,total,1720051,False
2012-08-18,A,total,1225360,False
2012-08-19,U,total,908078,False
2012-08-20,W,total,1626566,False
2012-08-21,W,total,1714646,False
2012-08-22,W,total,1734731,False
2012-08-23,W,total,1727370,False
2012-08-24,W,total,1753400,False
2012-08-25,A,total,1181995,False
2012-08-26,U,total,751800,False
2012-08-27,W,total,1731178,False
2012-08-28,W,total,1775397,False
2012-08-29,W,total,1776707,False
2012-08-30,W,total,1775536,False
2012-08-31,W,total,1839036,False
2012-09-01,A,total,1169315,False
2012-09-02,U,total,948553,False
2012-09-03,U,total,876467,False
2012-09-04,W,total,1858217,False
2012-09-05,W,total,1860727,False
2012-09-06,W,total,1893887,False
2012-09-07,W,total,1855636,False
2012-09-08,A,total,1245318,False
2012-09-09,U,total,862458,False
2012-09-10,W,total,1767743,False
2012-09-11,W,total,1815703,False
2012-09-12,W,total,1809921,False
2012-09-13,W,total,1784461,False
2012-09-14,W,total,1812082,False
2012-09-15,A,total,1240699,False
2012-09-16,U,total,866947,False
2012-09-17,W,total,1721598,False
2012-09-18,W,total,1784069,False
2012-09-19,W,total,1895450,False
2012-09-20,W,total,1901403,False
2012-09-21,W,total,1848090,False
2012-09-22,A,total,1176947,False
2012-09-23,U,total,867462,False
2012-09-24,W,total,1844827,False
2012-09-25,W,total,1881040,False
2012-09-26,W,total,1875286,False
2012-09-27,W,total,1893140,False
2012-09-28,W,total,1884089,False
2012-09-29,A,total,1228623,False
2012-09-30,U,total,852987,False
2012-10-01,W,total,1901044,False
2012-10-02,W,total,1914976,False
2012-10-03,W,total,1926454,False
2012-10-04,W,total,1909088,False
2012-10-05,W,total,1877923,False
2012-10-06,A,total,1192776,False
2012-10-07,U,total,962707,True
2012-10-08,W,total,1690962,True
2012-10-09,W,total,1884092,False
2012-10-10,W,total,1878014,False
2012-10-11,W,total,1892749,False
2012-10-12,W,total,1863593,False
2012-10-13,A,total,1051452,False
2012-10-14,U,total,770898,True
2012-10-15,W,total,1848233,False
2012-10-16,W,total,1874922,False
2012-10-17,W,total,1849655,False
2012-10-18,W,total,1866740,False
2012-10-19,W,total,1853754,False
2012-10-20,A,total,1208919,False
2012-10-21,U,total,848370,False
2012-10-22,W,total,1772339,False
2012-10-23,W,total,1827445,False
2012-10-24,W,total,1886332,False
2012-10-25,W,total,1825857,False
2012-10-26,W,total,1836343,False
2012-10-27,A,total,1155656,False
2012-10-28,U,total,795984,False
2012-10-29,W,total,1794163,False
2012-10-30,W,total,1777555,False
2012-10-31,W,total,1823032,False
2012-11-01,W,total,1887858,False
2012-11-02,W,total,1880520,False
2012-11-03,A,total,1138508,False
2012-11-04,U,total,833471,False
2012-11-05,W,total,1836392,False
2012-11-06,W,total,1819894,False
2012-11-07,W,total,1835831,False
2012-11-08,W,total,1857461,False
2012-11-09,W,total,1864020,False
2012-11-10,A,total,1122690,False
2012-11-11,U,total,832758,False
2012-11-12,W,total,1490402,True
2012-11-13,W,total,1765902,False
2012-11-14,W,total,1835000,False
2012-11-15,W,total,1844991,False
2012-11-16,W,total,1848412,False
2012-11-17,A,total,1243197,False
2012-11-18,U,total,808949,False
2012-11-19,W,total,1806346,False
2012-11-20,W,total,1822091,False
2012-11-21,W,total,1695869,False
2012-11-22,U,total,619448,False
2012-11-23,W,total,1002877,True
2012-11-24,A,total,854614,False
2012-11-25,U,total,722063,False
2012-11-26,W,total,1723886,False
2012-11-27,W,total,1751780,False
2012-11-28,W,total,1780935,False
2012-11-29,W,total,1780886,False
2012-11-30,W,total,1852135,False
2012-12-01,A,total,1178932,False
2012-12-02,U,total,835056,False
2012-12-03,W,total,1811361,False
2012-12-04,W,total,1815010,False
2012-12-05,W,total,1809068,False
2012-12-06,W,total,1781692,False
2012-12-07,W,total,1803505,False
2012-12-08,A,total,1109516,False
2012-12-09,U,total,713954,False
2012-12-10,W,total,1663237,False
2012-12-11,W,total,1706229,False
2012-12-12,W,total,1720424,False
2012-12-13,W,total,1726836,False
2012-12-14,W,total,1772182,False
2012-12-15,A,total,1022581,False
2012-12-16,U,total,784640,False
2012-12-17,W,total,1637248,False
2012-12-18,W,total,1644363,False
2012-12-19,W,total,1657774,False
2012-12-20,W,total,1536728,False
2012-12-21,W,total,1505429,False
2012-12-22,A,total,953135,False
2012-12-23,U,total,768131,False
2012-12-24,W,total,858943,True
2012-12-25,U,total,385775,False
2012-12-26,W,total,1044654,False
2012-12-27,W,total,1224777,False
2012-12-28,W,total,1300262,False
2012-12-29,A,total,908200,False
2012-12-30,U,total,696630,False
2012-12-31,W,total,1163600,False
2013-01-01,U,total,614811,False
2013-01-02,W,total,1318137,False
2013-01-03,W,total,1477848,False
2013-01-04,W,total,1510886,False
2013-01-05,A,total,905686,False
2013-01-06,U,total,664727,False
2013-01-07,W,total,1623512,False
2013-01-08,W,total,1663085,False
2013-01-09,W,total,1687270,False
2013-01-10,W,total,1658148,False
2013-01-11,W,total,1700776,False
2013-01-12,A,total,1000848,False
2013-01-13,U,total,645503,False
2013-01-14,W,total,1666930,False
2013-01-15,W,total,1724291,False
2013-01-16,W,total,1726814,False
2013-01-17,W,total,1734181,False
2013-01-18,W,total,1716752,False
2013-01-19,A,total,1010381,False
2013-01-20,U,total,647991,False
2013-01-21,W,total,971510,True
2013-01-22,W,total,1519911,False
2013-01-23,W,total,1649490,False
2013-01-24,W,total,1666786,False
2013-01-25,W,total,1628795,False
2013-01-26,A,total,954086,False
2013-01-27,U,total,621921,False
2013-01-28,W,total,1718549,False
2013-01-29,W,total,1738073,False
2013-01-30,W,total,1732545,False
2013-01-31,W,total,1669031,False
2013-02-01,W,total,1538419,False
2013-02-02,A,total,932579,False
2013-02-03,U,total,667575,False
2013-02-04,W,total,1694364,False
2013-02-05,W,total,1754566,False
2013-02-06,W,total,1775079,False
2013-02-07,W,total,1716722,False
2013-02-08,W,total,1718105,False
2013-02-09,A,total,1037344,False
2013-02-10,U,total,671331,False
2013-02-11,W,total,1702555,False
2013-02-12,W,total,1588431,False
2013-02-13,W,total,1824625,False
2013-02-14,W,total,1813182,False
2013-02-15,W,total,1745174,False
2013-02-16,A,total,1011188,False
2013-02-17,U,total,763390,False
2013-02-18,W,total,1397197,True
2013-02-19,W,total,1670733,False
2013-02-20,W,total,1715650,False
2013-02-21,W,total,1751198,False
2013-02-22,W,total,1661178,False
2013-02-23,A,total,1000856,False
2013-02-24,U,total,707402,False
2013-02-25,W,total,1750372,False
2013-02-26,W,total,1625259,False
2013-02-27,W,total,1737326,False
2013-02-28,W,total,1752538,False
2013-03-01,W,total,1757282,False
2013-03-02,A,total,1049497,False
2013-03-03,U,total,741872,False
2013-03-04,W,total,1730925,False
2013-03-05,W,total,1577996,True
2013-03-06,W,total,1704860,False
2013-03-07,W,total,1764406,False
2013-03-08,W,total,1764042,False
2013-03-09,A,total,1023902,False
2013-03-10,U,total,702884,False
2013-03-11,W,total,1723774,False
2013-03-12,W,total,1756563,False
2013-03-13,W,total,1783203,False
2013-03-14,W,total,1788513,False
2013-03-15,W,total,1774510,False
2013-03-16,A,total,1237308,True
2013-03-17,U,total,771977,False
2013-03-18,W,total,1687500,False
2013-03-19,W,total,1713681,False
2013-03-20,W,total,1702080,False
2013-03-21,W,total,1729615,False
2013-03-22,W,total,1724714,False
2013-03-23,A,total,1034616,False
2013-03-24,U,total,690216,False
2013-03-25,W,total,1458843,True
2013-03-26,W,total,1531207,False
2013-03-27,W,total,1550778,False
2013-03-28,W,total,1572973,False
2013-03-29,W,total,1451467,False
2013-03-30,A,total,989960,False
2013-03-31,U,total,670135,False
2013-04-01,W,total,1688515,False
2013-04-02,W,total,1721650,False
2013-04-03,W,total,1780938,False
2013-04-04,W,total,1774343,False
2013-04-05,W,total,1742858,False
2013-04-06,A,total,1070769,False
2013-04-07,U,total,797803,False
2013-04-08,W,total,1714762,False
2013-04-09,W,total,1740164,False
2013-04-10,W,total,1678369,False
2013-04-11,W,total,1735419,False
2013-04-12,W,total,1748471,False
2013-04-13,A,total,1062901,False
2013-04-14,U,total,802079,False
2013-04-15,W,total,1710522,False
2013-04-16,W,total,1768240,False
2013-04-17,W,total,1626506,False
2013-04-18,W,total,1505415,False
2013-04-19,W,total,1678283,False
2013-04-20,A,total,1063468,False
2013-04-21,U,total,755011,False
2013-04-22,W,total,1732704,False
2013-04-23,W,total,1638093,False
2013-04-24,W,total,1689164,False
2013-04-25,W,total,1763599,False
2013-04-26,W,total,1750075,False
2013-04-27,A,total,1114736,False
2013-04-28,U,total,776298,False
2013-04-29,W,total,1726931,False
2013-04-30,W,total,1768018,False
2013-05-01,W,total,1839737,False
2013-05-02,W,total,1780917,False
2013-05-03,W,total,1753913,False
2013-05-04,A,total,1120342,False
2013-05-05,U,total,821659,False
2013-05-06,W,total,1747510,False
2013-05-07,W,total,1780428,False
2013-05-08,W,total,1795362,False
2013-05-09,W,total,1724945,False
2013-05-10,W,total,1698427,False
2013-05-11,A,total,1039048,False
2013-05-12,U,total,728824,False
2013-05-13,W,total,1674862,False
2013-05-14,W,total,1756846,False
2013-05-15,W,total,1753699,False
2013-05-16,W,total,1728599,False
2013-05-17,W,total,1723922,False
2013-05-18,A,total,1118978,False
2013-05-19,U,total,849061,False
2013-05-20,W,total,1689880,False
2013-05-21,W,total,1702471,False
2013-05-22,W,total,1669878,False
2013-05-23,W,total,1680760,False
2013-05-24,W,total,1687457,False
2013-05-25,A,total,970556,False
2013-05-26,U,total,796572,False
2013-05-27,U,total,701907,False
2013-05-28,W,total,1654909,False
2013-05-29,W,total,1729854,False
2013-05-30,W,total,1713924,False
2013-05-31,W,total,1763970,False
2013-06-01,A,total,1076240,False
2013-06-02,U,total,773554,False
2013-06-03,W,total,1761626,False
2013-06-04,W,total,1760657,False
2013-06-05,W,total,1741647,False
2013-06-06,W,total,1758495,False
2013-06-07,W,total,1798397,False
2013-06-08,A,total,1199244,False
2013-06-09,U,total,867506,False
2013-06-10,W,total,1724752,False
2013-06-11,W,total,1779680,False
2013-06-12,W,total,1688305,False
2013-06-13,W,total,1793977,False
2013-06-14,W,total,1781493,False
2013-06-15,A,total,1077485,False
2013-06-16,U,total,849465,False
2013-06-17,W,total,1661941,False
2013-06-18,W,total,1676627,False
2013-06-19,W,total,1708700,False
2013-06-20,W,total,1698891,False
2013-06-21,W,total,1642933,False
2013-06-22,A,total,1122507,False
2013-06-23,U,total,873781,False
2013-06-24,W,total,1620157,False
2013-06-25,W,total,1582854,False
2013-06-26,W,total,1557201,False
2013-06-27,W,total,1636669,False
2013-06-28,W,total,1793453,False
2013-06-29,A,total,1084020,False
2013-06-30,U,total,1031780,False
2013-07-01,W,total,1627314,False
2013-07-02,W,total,1589303,False
2013-07-03,W,total,1639293,False
2013-07-04,U,total,932598,False
2013-07-05,W,total,1398938,False
2013-07-06,A,total,1083141,False
2013-07-07,U,total,821656,False
2013-07-08,W,total,1528087,False
2013-07-09,W,total,1636990,False
2013-07-10,W,total,1717950,False
2013-07-11,W,total,1746490,False
2013-07-12,W,total,1731487,False
2013-07-13,A,total,1228316,False
2013-07-14,U,total,900525,False
2013-07-15,W,total,1588017,False
2013-07-16,W,total,1620177,False
2013-07-17,W,total,1629648,False
2013-07-18,W,total,1624633,False
2013-07-19,W,total,1673780,False
2013-07-20,A,total,1193191,False
2013-07-21,U,total,880506,False
2013-07-22,W,total,1612802,False
2013-07-23,W,total,1640215,False
2013-07-24,W,total,1641323,False
2013-07-25,W,total,1635136,False
2013-07-26,W,total,1578794,False
2013-07-27,A,total,1076132,False
2013-07-28,U,total,826867,False
2013-07-29,W,total,1588569,False
2013-07-30,W,total,1607819,False
2013-07-31,W,total,1606340,False
2013-08-01,W,total,1704594,False
2013-08-02,W,total,1713107,True
2013-08-03,A,total,1242331,False
2013-08-04,U,total,937409,False
2013-08-05,W,total,1573754,False
2013-08-06,W,total,1613024,False
2013-08-07,W,total,1593060,False
2013-08-08,W,total,1614995,False
2013-08-09,W,total,1617577,False
2013-08-10,A,total,1135776,False
2013-08-11,U,total,824148,False
2013-08-12,W,total,1533688,False
2013-08-13,W,total,1595807,False
2013-08-14,W,total,1600404,False
2013-08-15,W,total,1583130,False
2013-08-16,W,total,1620699,False
2013-08-17,A,total,1140202,False
2013-08-18,U,total,856717,False
2013-08-19,W,total,1531650,False
2013-08-20,W,total,1593841,False
2013-08-21,W,total,1598930,False
2013-08-22,W,total,1552845,False
2013-08-23,W,total,1648903,False
2013-08-24,A,total,1097857,False
2013-08-25,U,total,817195,False
2013-08-26,W,total,1716576,False
2013-08-27,W,total,1754489,False
2013-08-28,W,total,1751595,False
2013-08-29,W,total,1807696,False
2013-08-30,W,total,1766537,False
2013-08-31,A,total,1058850,False
2013-09-01,U,total,917418,False
2013-09-02,U,total,799155,False
2013-09-03,W,total,1850999,False
2013-09-04,W,total,1847778,False
2013-09-05,W,total,1823103,False
2013-09-06,W,total,1854400,False
2013-09-07,A,total,1144958,False
2013-09-08,U,total,830885,False
2013-09-09,W,total,1805088,False
2013-09-10,W,total,1796718,False
2013-09-11,W,total,1831248,False
2013-09-12,W,total,1862481,False
2013-09-13,W,total,1839834,False
2013-09-14,A,total,1136878,False
2013-09-15,U,total,755386,False
2013-09-16,W,total,1809710,False
2013-09-17,W,total,1837448,False
2013-09-18,W,total,1806714,False
2013-09-19,W,total,1792093,False
2013-09-20,W,total,1834665,False
2013-09-21,A,total,1155692,False
2013-09-22,U,total,813680,False
2013-09-23,W,total,1807220,False
2013-09-24,W,total,1847200,False
2013-09-25,W,total,1866616,False
2013-09-26,W,total,1860832,False
2013-09-27,W,total,1832271,False
2013-09-28,A,total,1142446,False
2013-09-29,U,total,799695,False
2013-09-30,W,total,1772809,False
2013-10-01,W,total,1860378,False
2013-10-02,W,total,1831664,False
2013-10-03,W,total,1849517,False
2013-10-04,W,total,1819307,False
2013-10-05,A,total,1063612,False
2013-10-06,U,total,819753,False
2013-10-07,W,total,1782217,False
2013-10-08,W,total,1825175,False
2013-10-09,W,total,1831396,False
2013-10-10,W,total,1844829,False
2013-10-11,W,total,1826102,False
2013-10-12,A,total,1094571,False
2013-10-13,U,total,961913,True
2013-10-14,W,total,1514820,True
2013-10-15,W,total,1770699,False
2013-10-16,W,total,1796816,False
2013-10-17,W,total,1815038,False
2013-10-18,W,total,1809849,False
2013-10-19,A,total,1097872,False
2013-10-20,U,total,784464,False
2013-10-21,W,total,1750958,False
2013-10-22,W,total,1733599,False
2013-10-23,W,total,1790733,False
2013-10-24,W,total,1818067,False
2013-10-25,W,total,1784078,False
2013-10-26,A,total,1070248,False
2013-10-27,U,total,759684,False
2013-10-28,W,total,1751618,False
2013-10-29,W,total,1767076,False
2013-10-30,W,total,1759085,False
2013-10-31,W,total,1742629,False
2013-11-01,W,total,1721507,False
2013-11-02,A,total,1076290,False
2013-11-03,U,total,814773,False
2013-11-04,W,total,1766471,False
2013-11-05,W,total,1778060,False
2013-11-06,W,total,1757982,False
2013-11-07,W,total,1786861,False
2013-11-08,W,total,1782536,False
2013-11-09,A,total,1096509,False
2013-11-10,U,total,797912,False
2013-11-11,W,total,1399645,True
2013-11-12,W,total,1654790,True
2013-11-13,W,total,1751283,False
2013-11-14,W,total,1774509,False
2013-11-15,W,total,1776295,False
2013-11-16,A,total,1038595,False
2013-11-17,U,total,660453,False
2013-11-18,W,total,1723413,False
2013-11-19,W,total,1762694,False
2013-11-20,W,total,1762236,False
2013-11-21,W,total,1766450,False
2013-11-22,W,total,1752614,False
2013-11-23,A,total,1048943,False
2013-11-24,U,total,674817,False
2013-11-25,W,total,1641025,False
2013-11-26,W,total,1681213,False
2013-11-27,W,total,1441786,False
2013-11-28,U,total,554312,False
2013-11-29,W,total,1074544,True
2013-11-30,A,total,1013178,False
2013-12-01,U,total,704442,False
2013-12-02,W,total,1712259,False
2013-12-03,W,total,1783761,False
2013-12-04,W,total,1800610,False
2013-12-05,W,total,1739846,False
2013-12-06,W,total,1699899,False
2013-12-07,A,total,979215,False
2013-12-08,U,total,679756,False
2013-12-09,W,total,1650087,False
2013-12-10,W,total,1610678,False
2013-12-11,W,total,1624784,False
2013-12-12,W,total,1587330,False
2013-12-13,W,total,1691354,False
2013-12-14,A,total,982183,False
2013-12-15,U,total,674917,False
2013-12-16,W,total,1554584,False
2013-12-17,W,total,1600608,False
2013-12-18,W,total,1620586,False
2013-12-19,W,total,1603467,False
2013-12-20,W,total,1591321,False
2013-12-21,A,total,935242,False
2013-12-22,U,total,685457,False
2013-12-23,W,total,1236510,True
2013-12-24,W,total,815873,True
2013-12-25,U,total,363078,True
2013-12-26,W,total,995622,True
2013-12-27,W,total,1191650,False
2013-12-28,A,total,911223,False
2013-12-29,U,total,627779,False
2013-12-30,W,total,1142767,False
2013-12-31,W,total,1161309,False
2014-01-01,U,total,585098,False
2014-01-02,W,total,1170498,False
2014-01-03,W,total,1289552,False
2014-01-04,A,total,830745,False
2014-01-05,U,total,505649,True
2014-01-06,W,total,580617,True
2014-01-07,W,total,958491,False
2014-01-08,W,total,1493729,False
2014-01-09,W,total,1588251,False
2014-01-10,W,total,1597891,False
2014-01-11,A,total,950906,False
2014-01-12,U,total,699694,False
2014-01-13,W,total,1711228,False
2014-01-14,W,total,1685294,False
2014-01-15,W,total,1702190,False
2014-01-16,W,total,1693141,False
2014-01-17,W,total,1652377,False
2014-01-18,A,total,899904,False
2014-01-19,U,total,688896,False
2014-01-20,W,total,1102147,False
2014-01-21,W,total,1589611,False
2014-01-22,W,total,1610041,False
2014-01-23,W,total,1540808,False
2014-01-24,W,total,1443335,False
2014-01-25,A,total,886955,False
2014-01-26,U,total,617976,False
2014-01-27,W,total,974515,True
2014-01-28,W,total,1005384,True
2014-01-29,W,total,1623524,False
2014-01-30,W,total,1654326,False
2014-01-31,W,total,1684651,False
2014-02-01,A,total,903950,False
2014-02-02,U,total,677864,False
2014-02-03,W,total,1660953,False
2014-02-04,W,total,1706398,False
2014-02-05,W,total,1582723,False
2014-02-06,W,total,1642075,False
2014-02-07,W,total,1598530,False
2014-02-08,A,total,930132,False
2014-02-09,U,total,687210,False
2014-02-10,W,total,1605272,False
2014-02-11,W,total,1667366,False
2014-02-12,W,total,1555394,False
2014-02-13,W,total,1759341,False
2014-02-14,W,total,1739494,False
2014-02-15,A,total,1016267,False
2014-02-16,U,total,725545,False
2014-02-17,W,total,1290270,True
2014-02-18,W,total,1724330,False
2014-02-19,W,total,1758297,False
2014-02-20,W,total,1653154,False
2014-02-21,W,total,1693629,False
2014-02-22,A,total,1023347,False
2014-02-23,U,total,707359,False
2014-02-24,W,total,1664969,False
2014-02-25,W,total,1686215,False
2014-02-26,W,total,1613201,False
2014-02-27,W,total,1604752,False
2014-02-28,W,total,1682216,False
2014-03-01,A,total,1008170,False
2014-03-02,U,total,675702,False
2014-03-03,W,total,1610466,True
2014-03-04,W,total,1714834,False
2014-03-05,W,total,1688149,False
2014-03-06,W,total,1738267,False
2014-03-07,W,total,1727917,False
2014-03-08,A,total,1000651,False
2014-03-09,U,total,733333,False
2014-03-10,W,total,1726510,False
2014-03-11,W,total,1731726,False
2014-03-12,W,total,1615127,False
2014-03-13,W,total,1725440,False
2014-03-14,W,total,1775066,False
2014-03-15,A,total,1268711,True
2014-03-16,U,total,721365,False
2014-03-17,W,total,1696358,False
2014-03-18,W,total,1742382,False
2014-03-19,W,total,1687950,False
2014-03-20,W,total,1743324,False
2014-03-21,W,total,1738613,False
2014-03-22,A,total,1050052,False
2014-03-23,U,total,733391,False
2014-03-24,W,total,1630033,False
2014-03-25,W,total,1647390,False
2014-03-26,W,total,1695340,False
2014-03-27,W,total,1652939,False
2014-03-28,W,total,1676907,False
2014-03-29,A,total,1010821,False
2014-03-30,U,total,812100,True
2014-03-31,W,total,1702288,False
2014-04-01,W,total,1758805,False
2014-04-02,W,total,1736676,False
2014-04-03,W,total,1682849,False
2014-04-04,W,total,1747761,False
2014-04-05,A,total,1130691,False
2014-04-06,U,total,809402,True
2014-04-07,W,total,1666119,False
2014-04-08,W,total,1686395,False
2014-04-09,W,total,1782880,False
2014-04-10,W,total,1753724,False
2014-04-11,W,total,1756446,False
2014-04-12,A,total,1098992,False
2014-04-13,U,total,721507,False
2014-04-14,W,total,1490004,False
2014-04-15,W,total,1578948,False
2014-04-16,W,total,1624762,False
2014-04-17,W,total,1635519,False
2014-04-18,W,total,1526646,False
2014-04-19,A,total,1044163,False
2014-04-20,U,total,732669,False
2014-04-21,W,total,1618109,False
2014-04-22,W,total,1732599,False
2014-04-23,W,total,1705165,False
2014-04-24,W,total,1688365,False
2014-04-25,W,total,1733879,False
2014-04-26,A,total,1080177,False
2014-04-27,U,total,744805,False
2014-04-28,W,total,1619165,False
2014-04-29,W,total,1690330,False
2014-04-30,W,total,1697591,False
2014-05-01,W,total,1773174,False
2014-05-02,W,total,1775533,False
2014-05-03,A,total,1143461,False
2014-05-04,U,total,786122,False
2014-05-05,W,total,1733167,False
2014-05-06,W,total,1758680,False
2014-05-07,W,total,1740831,False
2014-05-08,W,total,1763244,False
2014-05-09,W,total,1684382,False
2014-05-10,A,total,1076246,False
2014-05-11,U,total,723560,False
2014-05-12,W,total,1591672,False
2014-05-13,W,total,1640079,False
2014-05-14,W,total,1665759,False
2014-05-15,W,total,1642002,False
2014-05-16,W,total,1664287,False
2014-05-17,A,total,1072378,False
2014-05-18,U,total,817340,False
2014-05-19,W,total,1617356,False
2014-05-20,W,total,1703755,False
2014-05-21,W,total,1716916,False
2014-05-22,W,total,1696604,False
2014-05-23,W,total,1669839,False
2014-05-24,A,total,1066118,False
2014-05-25,U,total,854226,False
2014-05-26,U,total,758799,False
2014-05-27,W,total,1608985,False
2014-05-28,W,total,1657164,False
2014-05-29,W,total,1663572,False
2014-05-30,W,total,1716904,False
2014-05-31,A,total,1108775,False
2014-06-01,U,total,822490,False
2014-06-02,W,total,1591146,False
2014-06-03,W,total,1748536,False
2014-06-04,W,total,1641432,False
2014-06-05,W,total,1708717,False
2014-06-06,W,total,1702959,False
2014-06-07,A,total,1110059,False
2014-06-08,U,total,822861,False
2014-06-09,W,total,1629121,False
2014-06-10,W,total,1607784,False
2014-06-11,W,total,1631926,False
2014-06-12,W,total,1660236,False
2014-06-13,W,total,1692884,False
2014-06-14,A,total,1138084,False
2014-06-15,U,total,798876,False
2014-06-16,W,total,1525979,False
2014-06-17,W,total,1544652,False
2014-06-18,W,total,1484271,False
2014-06-19,W,total,1545507,False
2014-06-20,W,total,1588660,False
2014-06-21,A,total,1040916,False
2014-06-22,U,total,880466,False
2014-06-23,W,total,1551840,False
2014-06-24,W,total,1615087,False
2014-06-25,W,total,1636697,False
2014-06-26,W,total,1662384,False
2014-06-27,W,total,1673253,False
2014-06-28,A,total,1098335,False
2014-06-29,U,total,962677,False
2014-06-30,W,total,1463798,False
2014-07-01,W,total,1608654,False
2014-07-02,W,total,1550132,False
2014-07-03,W,total,1583809,False
2014-07-04,U,total,952835,False
2014-07-05,A,total,952916,False
2014-07-06,U,total,764990,False
2014-07-07,W,total,1525975,False
2014-07-08,W,total,1562301,False
2014-07-09,W,total,1618957,False
2014-07-10,W,total,1637936,False
2014-07-11,W,total,1656585,False
2014-07-12,A,total,968747,False
2014-07-13,U,total,867297,False
2014-07-14,W,total,1519876,False
2014-07-15,W,total,1568920,False
2014-07-16,W,total,1597309,False
2014-07-17,W,total,1600506,False
2014-07-18,W,total,1659051,False
2014-07-19,A,total,1138019,False
2014-07-20,U,total,855339,False
2014-07-21,W,total,1561431,False
2014-07-22,W,total,1591342,False
2014-07-23,W,total,1616887,False
2014-07-24,W,total,1623128,False
2014-07-25,W,total,1606458,False
2014-07-26,A,total,1103444,False
2014-07-27,U,total,827525,False
2014-07-28,W,total,1540310,False
2014-07-29,W,total,1557503,False
2014-07-30,W,total,1576300,False
2014-07-31,W,total,1605049,False
2014-08-01,W,total,1666350,False
2014-08-02,A,total,1164146,False
2014-08-03,U,total,861803,False
2014-08-04,W,total,1515621,False
2014-08-05,W,total,1562009,False
2014-08-06,W,total,1568681,False
2014-08-07,W,total,1573403,False
2014-08-08,W,total,1624095,False
2014-08-09,A,total,1134872,False
2014-08-10,U,total,833674,False
2014-08-11,W,total,1490839,False
2014-08-12,W,total,1492412,False
2014-08-13,W,total,1563487,False
2014-08-14,W,total,1581308,False
2014-08-15,W,total,1570577,False
2014-08-16,A,total,1084408,False
2014-08-17,U,total,804555,False
2014-08-18,W,total,1494715,False
2014-08-19,W,total,1515658,False
2014-08-20,W,total,1587639,False
2014-08-21,W,total,1510988,False
2014-08-22,W,total,1579017,False
2014-08-23,A,total,976463,True
2014-08-24,U,total,819948,False
2014-08-25,W,total,1500497,False
2014-08-26,W,total,1615726,False
2014-08-27,W,total,1643353,False
2014-08-28,W,total,1641299,False
2014-08-29,W,total,1652968,False
2014-08-30,A,total,1102799,False
2014-08-31,U,total,900488,True
2014-09-01,U,total,786094,False
2014-09-02,W,total,1725573,False
2014-09-03,W,total,1798358,True
2014-09-04,W,total,1736766,False
2014-09-05,W,total,1735082,False
2014-09-06,A,total,1128436,False
2014-09-07,U,total,822932,False
2014-09-08,W,total,1742896,False
2014-09-09,W,total,1767917,False
2014-09-10,W,total,1687007,False
2014-09-11,W,total,1786469,False
2014-09-12,W,total,1746778,False
2014-09-13,A,total,1110728,False
2014-09-14,U,total,818282,False
2014-09-15,W,total,1728769,False
2014-09-16,W,total,1792384,False
2014-09-17,W,total,1808273,False
2014-09-18,W,total,1816044,False
2014-09-19,W,total,1810498,False
2014-09-20,A,total,1077975,False
2014-09-21,U,total,805604,False
2014-09-22,W,total,1766487,False
2014-09-23,W,total,1787161,False
2014-09-24,W,total,1794923,False
2014-09-25,W,total,1787901,False
2014-09-26,W,total,1772246,False
2014-09-27,A,total,1108209,False
2014-09-28,U,total,809631,False
2014-09-29,W,total,1728292,False
2014-09-30,W,total,1751207,False
2014-10-01,W,total,1835983,False
2014-10-02,W,total,1781366,False
2014-10-03,W,total,1766246,False
2014-10-04,A,total,1040425,False
2014-10-05,U,total,774036,False
2014-10-06,W,total,1756165,False
2014-10-07,W,total,1785699,False
2014-10-08,W,total,1794885,False
2014-10-09,W,total,1808020,False
2014-10-10,W,total,1793836,False
2014-10-11,A,total,1111795,False
2014-10-12,U,total,939472,True
2014-10-13,W,total,1458187,True
2014-10-14,W,total,1729658,False
2014-10-15,W,total,1782785,False
2014-10-16,W,total,1807231,False
2014-10-17,W,total,1794004,False
2014-10-18,A,total,1093399,False
2014-10-19,U,total,817721,False
2014-10-20,W,total,1740980,False
2014-10-21,W,total,1761968,False
2014-10-22,W,total,1777604,False
2014-10-23,W,total,1778763,False
2014-10-24,W,total,1758670,False
2014-10-25,A,total,1086516,False
2014-10-26,U,total,772954,False
2014-10-27,W,total,1732436,False
2014-10-28,W,total,1766230,False
2014-10-29,W,total,1757905,False
2014-10-30,W,total,1782419,False
2014-10-31,W,total,1694280,False
2014-11-01,A,total,1048003,False
2014-11-02,U,total,799959,False
2014-11-03,W,total,1800823,False
2014-11-04,W,total,1776629,False
2014-11-05,W,total,1817908,False
2014-11-06,W,total,1763456,False
2014-11-07,W,total,1675765,False
2014-11-08,A,total,1056390,False
2014-11-09,U,total,791403,False
2014-11-10,W,total,1724491,False
2014-11-11,W,total,1457322,True
2014-11-12,W,total,1709394,False
2014-11-13,W,total,1656083,False
2014-11-14,W,total,1705253,False
2014-11-15,A,total,991643,False
2014-11-16,U,total,704177,False
2014-11-17,W,total,1621774,False
2014-11-18,W,total,1602095,False
2014-11-19,W,total,1663335,False
2014-11-20,W,total,1686651,False
2014-11-21,W,total,1686180,False
2014-11-22,A,total,1059939,False
2014-11-23,U,total,721130,False
2014-11-24,W,total,1603811,False
2014-11-25,W,total,1669361,False
2014-11-26,W,total,1391482,True
2014-11-27,U,total,519264,False
2014-11-28,W,total,950533,True
2014-11-29,A,total,911621,False
2014-11-30,U,total,679266,False
2014-12-01,W,total,1656426,False
2014-12-02,W,total,1692369,False
2014-12-03,W,total,1746894,False
2014-12-04,W,total,1743485,False
2014-12-05,W,total,1738072,False
2014-12-06,A,total,1060426,False
2014-12-07,U,total,732344,False
2014-12-08,W,total,1617000,False
2014-12-09,W,total,1670182,False
2014-12-10,W,total,1677315,False
2014-12-11,W,total,1697563,False
2014-12-12,W,total,1685387,False
2014-12-13,A,total,1074558,False
2014-12-14,U,total,775164,False
2014-12-15,W,total,1597438,False
2014-12-16,W,total,1605768,False
2014-12-17,W,total,1589192,False
2014-12-18,W,total,1590517,False
2014-12-19,W,total,1573358,False
2014-12-20,A,total,974142,False
2014-12-21,U,total,729367,False
2014-12-22,W,total,1325273,True
2014-12-23,W,total,1337844,False
2014-12-24,W,total,937788,True
2014-12-25,U,total,397846,False
2014-12-26,W,total,992386,True
2014-12-27,A,total,786689,False
2014-12-28,U,total,636606,False
2014-12-29,W,total,1214028,False
2014-12-30,W,total,1213342,False
2014-12-31,W,total,1242297,False
2015-01-01,U,total,588180,False
2015-01-02,W,total,1183958,False
2015-01-03,A,total,781462,False
2015-01-04,U,total,597758,False
2015-01-05,W,total,1411795,False
2015-01-06,W,total,1451866,False
2015-01-07,W,total,1017890,False
2015-01-08,W,total,1138269,False
2015-01-09,W,total,1355235,False
2015-01-10,A,total,787812,False
2015-01-11,U,total,628521,False
2015-01-12,W,total,1609880,False
2015-01-13,W,total,1625000,False
2015-01-14,W,total,1627859,False
2015-01-15,W,total,1659699,False
2015-01-16,W,total,1646399,False
2015-01-17,A,total,957256,False
2015-01-18,U,total,692155,False
2015-01-19,W,total,1099723,True
2015-01-20,W,total,1668876,False
2015-01-21,W,total,1662038,False
2015-01-22,W,total,1664935,False
2015-01-23,W,total,1649943,False
2015-01-24,A,total,953889,False
2015-01-25,U,total,618556,False
2015-01-26,W,total,1635395,False
2015-01-27,W,total,1677905,False
2015-01-28,W,total,1685977,False
2015-01-29,W,total,1658391,False
2015-01-30,W,total,1688939,False
2015-01-31,A,total,971322,False
2015-02-01,U,total,564304,False
2015-02-02,W,total,1196137,True
2015-02-03,W,total,1753605,False
2015-02-04,W,total,1748617,False
2015-02-05,W,total,1712526,False
2015-02-06,W,total,1727739,False
2015-02-07,A,total,1040003,False
2015-02-08,U,total,698624,False
2015-02-09,W,total,1686611,False
2015-02-10,W,total,1738560,False
2015-02-11,W,total,1736956,False
2015-02-12,W,total,1612644,False
2015-02-13,W,total,1652508,False
2015-02-14,A,total,895568,False
2015-02-15,U,total,612459,False
2015-02-16,W,total,1200574,True
2015-02-17,W,total,1658104,False
2015-02-18,W,total,1541531,False
2015-02-19,W,total,1151506,True
2015-02-20,W,total,1545300,False
2015-02-21,A,total,976348,False
2015-02-22,U,total,678396,False
2015-02-23,W,total,1557756,False
2015-02-24,W,total,1630546,False
2015-02-25,W,total,1658245,False
2015-02-26,W,total,1612761,False
2015-02-27,W,total,1640084,False
2015-02-28,A,total,947720,False
2015-03-01,U,total,677935,False
2015-03-02,W,total,1628329,False
2015-03-03,W,total,1640390,False
2015-03-04,W,total,1679140,False
2015-03-05,W,total,1653421,False
2015-03-06,W,total,1642348,False
2015-03-07,A,total,1013101,False
2015-03-08,U,total,709286,False
2015-03-09,W,total,1688946,False
2015-03-10,W,total,1720724,False
2015-03-11,W,total,1733254,False
2015-03-12,W,total,1743520,False
2015-03-13,W,total,1752237,True
2015-03-14,A,total,1279465,True
2015-03-15,U,total,794100,False
2015-03-16,W,total,1707801,False
2015-03-17,W,total,1704519,False
2015-03-18,W,total,1708681,False
2015-03-19,W,total,1700056,False
2015-03-20,W,total,1693237,False
2015-03-21,A,total,1013940,False
2015-03-22,U,total,689417,False
2015-03-23,W,total,1510510,True
2015-03-24,W,total,1632232,True
2015-03-25,W,total,1650849,False
2015-03-26,W,total,1662048,False
2015-03-27,W,total,1615031,False
2015-03-28,A,total,968720,False
2015-03-29,U,total,688194,False
2015-03-30,W,total,1640684,False
2015-03-31,W,total,1675892,False
2015-04-01,W,total,1758438,False
2015-04-02,W,total,1659356,False
2015-04-03,W,total,1495458,False
2015-04-04,A,total,1009116,False
2015-04-05,U,total,720982,False
2015-04-06,W,total,1519312,False
2015-04-07,W,total,1540925,False
2015-04-08,W,total,1572564,False
2015-04-09,W,total,1459359,False
2015-04-10,W,total,1585820,False
2015-04-11,A,total,1055836,False
2015-04-12,U,total,742754,False
2015-04-13,W,total,1676146,False
2015-04-14,W,total,1742573,False
2015-04-15,W,total,1701105,False
2015-04-16,W,total,1681271,False
2015-04-17,W,total,1755086,False
2015-04-18,A,total,1103856,False
2015-04-19,U,total,732898,False
2015-04-20,W,total,1670119,False
2015-04-21,W,total,1711339,False
2015-04-22,W,total,1705949,False
2015-04-23,W,total,1735425,False
2015-04-24,W,total,1695552,False
2015-04-25,A,total,932300,False
2015-04-26,U,total,772387,False
2015-04-27,W,total,1695429,False
2015-04-28,W,total,1730927,False
2015-04-29,W,total,1728101,False
2015-04-30,W,total,1740731,False
2015-05-01,W,total,1829642,False
2015-05-02,A,total,1178477,False
2015-05-03,U,total,814605,False
2015-05-04,W,total,1689779,False
2015-05-05,W,total,1688403,False
2015-05-06,W,total,1741874,False
2015-05-07,W,total,1766739,False
2015-05-08,W,total,1696820,False
2015-05-09,A,total,1027500,False
2015-05-10,U,total,700538,False
2015-05-11,W,total,1612501,False
2015-05-12,W,total,1674839,False
2015-05-13,W,total,1710903,False
2015-05-14,W,total,1707727,False
2015-05-15,W,total,1725861,False
2015-05-16,A,total,1054469,False
2015-05-17,U,total,789095,False
2015-05-18,W,total,1670833,False
2015-05-19,W,total,1662786,False
2015-05-20,W,total,1667341,False
2015-05-21,W,total,1706238,False
2015-05-22,W,total,1669054,False
2015-05-23,A,total,1077265,False
2015-05-24,U,total,767496,False
2015-05-25,U,total,755178,False
2015-05-26,W,total,1622237,True
2015-05-27,W,total,1704953,False
2015-05-28,W,total,1712198,False
2015-05-29,W,total,1693061,False
2015-05-30,A,total,910278,False
2015-05-31,U,total,740025,False
2015-06-01,W,total,1700972,False
2015-06-02,W,total,1712419,False
2015-06-03,W,total,1759592,False
2015-06-04,W,total,1736298,False
2015-06-05,W,total,1703619,False
2015-06-06,A,total,1117993,False
2015-06-07,U,total,726694,False
2015-06-08,W,total,1651027,False
2015-06-09,W,total,1724812,False
2015-06-10,W,total,1716656,False
2015-06-11,W,total,1710076,False
2015-06-12,W,total,1666253,False
2015-06-13,A,total,1157915,False
2015-06-14,U,total,826424,False
2015-06-15,W,total,1592370,False
2015-06-16,W,total,1729968,False
2015-06-17,W,total,1645468,False
2015-06-18,W,total,1782297,False
2015-06-19,W,total,1706674,False
2015-06-20,A,total,1064589,False
2015-06-21,U,total,830070,False
2015-06-22,W,total,1490794,False
2015-06-23,W,total,1634275,False
2015-06-24,W,total,1609166,False
2015-06-25,W,total,1599683,False
2015-06-26,W,total,1522615,False
2015-06-27,A,total,1080206,False
2015-06-28,U,total,1017810,True
2015-06-29,W,total,1528013,False
2015-06-30,W,total,1586395,False
2015-07-01,W,total,1649098,False
2015-07-02,W,total,1624505,False
2015-07-03,U,total,1215335,True
2015-07-04,A,total,1053837,False
2015-07-05,U,total,862770,False
2015-07-06,W,total,1587256,False
2015-07-07,W,total,1629283,False
2015-07-08,W,total,1661409,False
2015-07-09,W,total,1690353,False
2015-07-10,W,total,1710375,False
2015-07-11,A,total,1136490,False
2015-07-12,U,total,925630,False
2015-07-13,W,total,1511744,False
2015-07-14,W,total,1597436,False
2015-07-15,W,total,1634719,False
2015-07-16,W,total,1564612,False
2015-07-17,W,total,1631806,False
2015-07-18,A,total,1045614,False
2015-07-19,U,total,883714,False
2015-07-20,W,total,1568812,False
2015-07-21,W,total,1630610,False
2015-07-22,W,total,1630524,False
2015-07-23,W,total,1628305,False
2015-07-24,W,total,1648434,False
2015-07-25,A,total,1113492,False
2015-07-26,U,total,821980,False
2015-07-27,W,total,1580840,False
2015-07-28,W,total,1609418,False
2015-07-29,W,total,1635106,False
2015-07-30,W,total,1637797,False
2015-07-31,W,total,1706607,False
2015-08-01,A,total,1161903,False
2015-08-02,U,total,895317,False
2015-08-03,W,total,1585403,False
2015-08-04,W,total,1602277,False
2015-08-05,W,total,1597200,False
2015-08-06,W,total,1620411,False
2015-08-07,W,total,1629329,False
2015-08-08,A,total,1112183,False
2015-08-09,U,total,799903,False
2015-08-10,W,total,1488760,True
2015-08-11,W,total,1593981,False
2015-08-12,W,total,1589611,False
2015-08-13,W,total,1608111,False
2015-08-14,W,total,1574276,False
2015-08-15,A,total,1084937,False
2015-08-16,U,total,869325,False
2015-08-17,W,total,1484657,True
2015-08-18,W,total,1527518,False
2015-08-19,W,total,1570446,False
2015-08-20,W,total,1599369,False
2015-08-21,W,total,1615451,False
2015-08-22,A,total,1102225,False
2015-08-23,U,total,806508,False
2015-08-24,W,total,1598347,False
2015-08-25,W,total,1607199,False
2015-08-26,W,total,1635250,False
2015-08-27,W,total,1662188,False
2015-08-28,W,total,1611593,False
2015-08-29,A,total,989186,False
2015-08-30,U,total,789700,False
2015-08-31,W,total,1607747,False
2015-09-01,W,total,1709470,False
2015-09-02,W,total,1674613,False
2015-09-03,W,total,1707515,False
2015-09-04,W,total,1672185,False
2015-09-05,A,total,1100562,False
2015-09-06,U,total,905286,False
2015-09-07,U,total,781627,False
2015-09-08,W,total,1641996,False
2015-09-09,W,total,1788333,False
2015-09-10,W,total,1752368,False
2015-09-11,W,total,1796595,False
2015-09-12,A,total,1083521,False
2015-09-13,U,total,840742,False
2015-09-14,W,total,1734328,False
2015-09-15,W,total,1809852,False
2015-09-16,W,total,1797216,False
2015-09-17,W,total,1779285,False
2015-09-18,W,total,1748796,False
2015-09-19,A,total,1116909,False
2015-09-20,U,total,862628,False
2015-09-21,W,total,1772532,False
2015-09-22,W,total,1790198,False
2015-09-23,W,total,1781428,False
2015-09-24,W,total,1777921,False
2015-09-25,W,total,1815036,False
2015-09-26,A,total,1164496,False
2015-09-27,U,total,829344,False
2015-09-28,W,total,1759069,False
2015-09-29,W,total,1737141,False
2015-09-30,W,total,1781375,False
2015-10-01,W,total,1841626,False
2015-10-02,W,total,1818198,False
2015-10-03,A,total,1059727,False
2015-10-04,U,total,789479,False
2015-10-05,W,total,1754090,False
2015-10-06,W,total,1798945,False
2015-10-07,W,total,1824565,False
2015-10-08,W,total,1811221,False
2015-10-09,W,total,1786375,False
2015-10-10,A,total,1118840,False
2015-10-11,U,total,958173,True
2015-10-12,W,total,1536222,True
2015-10-13,W,total,1821688,False
2015-10-14,W,total,1799585,False
2015-10-15,W,total,1807099,False
2015-10-16,W,total,1792070,False
2015-10-17,A,total,1124256,False
2015-10-18,U,total,808167,False
2015-10-19,W,total,1749522,False
2015-10-20,W,total,1826745,False
2015-10-21,W,total,1837821,False
2015-10-22,W,total,1795940,False
2015-10-23,W,total,1744301,False
2015-10-24,A,total,1048229,False
2015-10-25,U,total,783282,False
2015-10-26,W,total,1734885,False
2015-10-27,W,total,1741725,False
2015-10-28,W,total,1736967,False
2015-10-29,W,total,1754321,False
2015-10-30,W,total,1789431,False
2015-10-31,A,total,918366,False
2015-11-01,U,total,815664,False
2015-11-02,W,total,1758121,False
2015-11-03,W,total,1817842,False
2015-11-04,W,total,1798211,False
2015-11-05,W,total,1793984,False
2015-11-06,W,total,1757926,False
2015-11-07,A,total,1069874,False
2015-11-08,U,total,793969,False
2015-11-09,W,total,1735104,False
2015-11-10,W,total,1772503,False
2015-11-11,W,total,1494062,True
2015-11-12,W,total,1700337,False
2015-11-13,W,total,1641805,False
2015-11-14,A,total,1020645,False
2015-11-15,U,total,764192,False
2015-11-16,W,total,1705902,False
2015-11-17,W,total,1681304,False
2015-11-18,W,total,1702572,False
2015-11-19,W,total,1695885,False
2015-11-20,W,total,1707539,False
2015-11-21,A,total,899567,False
2015-11-22,U,total,695361,False
2015-11-23,W,total,1658781,False
2015-11-24,W,total,1703989,False
2015-11-25,W,total,1402972,True
2015-11-26,U,total,522567,False
2015-11-27,W,total,853309,True
2015-11-28,A,total,856524,False
2015-11-29,U,total,678304,False
2015-11-30,W,total,1627288,False
2015-12-01,W,total,1744693,False
2015-12-02,W,total,1698735,False
2015-12-03,W,total,1747674,False
2015-12-04,W,total,1745384,False
2015-12-05,A,total,1068221,False
2015-12-06,U,total,771240,False
2015-12-07,W,total,1656414,False
2015-12-08,W,total,1685713,False
2015-12-09,W,total,1705505,False
2015-12-10,W,total,1705686,False
2015-12-11,W,total,1714761,False
2015-12-12,A,total,1032504,False
2015-12-13,U,total,727750,False
2015-12-14,W,total,1577405,False
2015-12-15,W,total,1640388,False
2015-12-16,W,total,1626930,False
2015-12-17,W,total,1617049,False
2015-12-18,W,total,1584941,False
2015-12-19,A,total,930168,False
2015-12-20,U,total,718732,False
2015-12-21,W,total,1340544,False
2015-12-22,W,total,1386620,False
2015-12-23,W,total,1226126,False
2015-12-24,W,total,910305,False
2015-12-25,U,total,393818,False
2015-12-26,A,total,680189,False
2015-12-27,U,total,606906,False
2015-12-28,W,total,998520,False
2015-12-29,W,total,1209543,False
2015-12-30,W,total,1222043,False
2015-12-31,W,total,1170181,False
2016-01-01,U,total,623156,False
2016-01-02,A,total,814368,False
2016-01-03,U,total,628201,False
2016-01-04,W,total,1532614,False
2016-01-05,W,total,1574505,False
2016-01-06,W,total,1587071,False
2016-01-07,W,total,1583083,False
2016-01-08,W,total,1573989,False
2016-01-09,A,total,861136,False
2016-01-10,U,total,569969,False
2016-01-11,W,total,1447740,False
2016-01-12,W,total,1465843,False
2016-01-13,W,total,1503883,False
2016-01-14,W,total,1617215,False
2016-01-15,W,total,1600654,False
2016-01-16,A,total,891009,False
2016-01-17,U,total,507692,False
2016-01-18,W,total,845283,True
2016-01-19,W,total,1538104,False
2016-01-20,W,total,1615435,False
2016-01-21,W,total,1639439,False
2016-01-22,W,total,1586450,False
2016-01-23,A,total,904974,False
2016-01-24,U,total,646663,False
2016-01-25,W,total,1616590,False
2016-01-26,W,total,1636791,False
2016-01-27,W,total,1651073,False
2016-01-28,W,total,1648441,False
2016-01-29,W,total,1614638,False
2016-01-30,A,total,938388,False
2016-01-31,U,total,651417,False
2016-02-01,W,total,1686630,False
2016-02-02,W,total,1573158,False
2016-02-03,W,total,1698476,False
2016-02-04,W,total,1679633,False
2016-02-05,W,total,1517082,False
2016-02-06,A,total,945898,False
2016-02-07,U,total,678783,False
2016-02-08,W,total,1589934,False
2016-02-09,W,total,1611810,False
2016-02-10,W,total,1592535,False
2016-02-11,W,total,1619587,False
2016-02-12,W,total,1527075,False
2016-02-13,A,total,830298,False
2016-02-14,U,total,653429,False
2016-02-15,W,total,1153974,True
2016-02-16,W,total,1647255,False
2016-02-17,W,total,1656698,False
2016-02-18,W,total,1663944,False
2016-02-19,W,total,1649910,False
2016-02-20,A,total,1030870,False
2016-02-21,U,total,689959,False
2016-02-22,W,total,1614603,False
2016-02-23,W,total,1656258,False
2016-02-24,W,total,1520872,False
2016-02-25,W,total,1617975,False
2016-02-26,W,total,1615388,False
2016-02-27,A,total,992099,False
2016-02-28,U,total,708879,False
2016-02-29,W,total,1605352,False
2016-03-01,W,total,1601697,False
2016-03-02,W,total,1638695,False
2016-03-03,W,total,1646221,False
2016-03-04,W,total,1637809,False
2016-03-05,A,total,925176,False
2016-03-06,U,total,720783,False
2016-03-07,W,total,1605345,False
2016-03-08,W,total,1684189,False
2016-03-09,W,total,1650991,False
2016-03-10,W,total,1668771,False
2016-03-11,W,total,1684576,False
2016-03-12,A,total,1147428,False
2016-03-13,U,total,635332,False
2016-03-14,W,total,1637335,False
2016-03-15,W,total,1657033,False
2016-03-16,W,total,1656078,False
2016-03-17,W,total,1685170,False
2016-03-18,W,total,1641626,False
2016-03-19,A,total,958446,False
2016-03-20,U,total,706952,False
2016-03-21,W,total,1552796,False
2016-03-22,W,total,1590544,False
2016-03-23,W,total,1552873,False
2016-03-24,W,total,1460155,False
2016-03-25,W,total,1373830,True
2016-03-26,A,total,934468,False
2016-03-27,U,total,620367,False
2016-03-28,W,total,1574618,False
2016-03-29,W,total,1657206,False
2016-03-30,W,total,1611053,False
2016-03-31,W,total,1590789,False
2016-04-01,W,total,1616566,False
2016-04-02,A,total,898688,False
2016-04-03,U,total,741474,False
2016-04-04,W,total,1599501,False
2016-04-05,W,total,1673766,False
2016-04-06,W,total,1614178,False
2016-04-07,W,total,1653951,False
2016-04-08,W,total,1536205,True
2016-04-09,A,total,956062,False
2016-04-10,U,total,647581,False
2016-04-11,W,total,1667085,False
2016-04-12,W,total,1663923,False
2016-04-13,W,total,1647321,False
2016-04-14,W,total,1668584,False
2016-04-15,W,total,1687618,False
2016-04-16,A,total,1060043,False
2016-04-17,U,total,786217,False
2016-04-18,W,total,1517370,False
2016-04-19,W,total,1506995,False
2016-04-20,W,total,1519734,False
2016-04-21,W,total,1523450,False
2016-04-22,W,total,1466526,False
2016-04-23,A,total,949226,False
2016-04-24,U,total,740724,False
2016-04-25,W,total,1606106,False
2016-04-26,W,total,1644877,False
2016-04-27,W,total,1639313,False
2016-04-28,W,total,1672878,False
2016-04-29,W,total,1708913,False
2016-04-30,A,total,890726,False
2016-05-01,U,total,710406,False
2016-05-02,W,total,1629666,False
2016-05-03,W,total,1648975,False
2016-05-04,W,total,1646977,False
2016-05-05,W,total,1717206,False
2016-05-06,W,total,1692631,False
2016-05-07,A,total,997082,False
2016-05-08,U,total,751092,False
2016-05-09,W,total,1551991,False
2016-05-10,W,total,1588791,False
2016-05-11,W,total,1677431,False
2016-05-12,W,total,1624730,False
2016-05-13,W,total,1640070,False
2016-05-14,A,total,953352,False
2016-05-15,U,total,744807,False
2016-05-16,W,total,1566376,False
2016-05-17,W,total,1588075,False
2016-05-18,W,total,1614096,False
2016-05-19,W,total,1627902,False
2016-05-20,W,total,1590468,False
2016-05-21,A,total,974319,False
2016-05-22,U,total,751581,False
2016-05-23,W,total,1588542,False
2016-05-24,W,total,1622164,False
2016-05-25,W,total,1587671,False
2016-05-26,W,total,1628729,False
2016-05-27,W,total,1566225,False
2016-05-28,A,total,1033118,False
2016-05-29,U,total,840960,False
2016-05-30,U,total,784057,False
2016-05-31,W,total,1555392,False
2016-06-01,W,total,1661329,False
2016-06-02,W,total,1689040,False
2016-06-03,W,total,1717180,False
2016-06-04,A,total,967086,False
2016-06-05,U,total,811813,False
2016-06-06,W,total,1616743,False
2016-06-07,W,total,1658535,False
2016-06-08,W,total,1658452,False
2016-06-09,W,total,1618229,False
2016-06-10,W,total,1715970,False
2016-06-11,A,total,1073367,False
2016-06-12,U,total,823625,False
2016-06-13,W,total,1587894,False
2016-06-14,W,total,1612964,False
2016-06-15,W,total,1631872,False
2016-06-16,W,total,1610124,False
2016-06-17,W,total,1650555,False
2016-06-18,A,total,1047258,False
2016-06-19,U,total,801797,False
2016-06-20,W,total,1548256,False
2016-06-21,W,total,1644306,False
2016-06-22,W,total,1462617,False
2016-06-23,W,total,1518657,False
2016-06-24,W,total,1544215,False
2016-06-25,A,total,1037484,False
2016-06-26,U,total,834368,False
2016-06-27,W,total,1477031,False
2016-06-28,W,total,1520364,False
2016-06-29,W,total,1529646,False
2016-06-30,W,total,1546132,False
2016-07-01,W,total,1525645,False
2016-07-02,A,total,978854,False
2016-07-03,U,total,792068,False
2016-07-04,U,total,804783,False
2016-07-05,W,total,1504670,False
2016-07-06,W,total,1560621,False
2016-07-07,W,total,1543641,False
2016-07-08,W,total,1577000,False
2016-07-09,A,total,1052007,False
2016-07-10,U,total,807463,False
2016-07-11,W,total,1508286,False
2016-07-12,W,total,1532028,False
2016-07-13,W,total,1505266,False
2016-07-14,W,total,1570308,False
2016-07-15,W,total,1573807,False
2016-07-16,A,total,1057585,False
2016-07-17,U,total,781364,False
2016-07-18,W,total,1542958,False
2016-07-19,W,total,1592586,False
2016-07-20,W,total,1583299,False
2016-07-21,W,total,1491001,False
2016-07-22,W,total,1492888,False
2016-07-23,A,total,929377,False
2016-07-24,U,total,717010,False
2016-07-25,W,total,1502687,False
2016-07-26,W,total,1564008,False
2016-07-27,W,total,1621462,False
2016-07-28,W,total,1613463,False
2016-07-29,W,total,1607200,False
2016-07-30,A,total,1080053,False
2016-07-31,U,total,872818,False
2016-08-01,W,total,1584990,False
2016-08-02,W,total,1575271,False
2016-08-03,W,total,1607527,False
2016-08-04,W,total,1538489,False
2016-08-05,W,total,1526858,False
2016-08-06,A,total,1006562,False
2016-08-07,U,total,753981,False
2016-08-08,W,total,1467057,False
2016-08-09,W,total,1550637,False
2016-08-10,W,total,1543243,False
2016-08-11,W,total,1542998,False
2016-08-12,W,total,1415758,False
2016-08-13,A,total,1011007,False
2016-08-14,U,total,783324,False
2016-08-15,W,total,1406757,False
2016-08-16,W,total,1527210,False
2016-08-17,W,total,1507196,False
2016-08-18,W,total,1483724,False
2016-08-19,W,total,1461528,False
2016-08-20,A,total,926726,False
2016-08-21,U,total,813374,False
2016-08-22,W,total,1508855,False
2016-08-23,W,total,1528517,False
2016-08-24,W,total,1473781,False
2016-08-25,W,total,1513663,False
2016-08-26,W,total,1565485,False
2016-08-27,A,total,953380,False
2016-08-28,U,total,739807,False
2016-08-29,W,total,1531729,False
2016-08-30,W,total,1559088,False
2016-08-31,W,total,1594444,False
2016-09-01,W,total,1631480,False
2016-09-02,W,total,1615309,False
2016-09-03,A,total,1052150,False
2016-09-04,U,total,848673,False
2016-09-05,U,total,747105,False
2016-09-06,W,total,1671297,False
2016-09-07,W,total,1670708,False
2016-09-08,W,total,1680184,False
2016-09-09,W,total,1664613,False
2016-09-10,A,total,976407,False
2016-09-11,U,total,752425,False
2016-09-12,W,total,1670285,False
2016-09-13,W,total,1716676,False
2016-09-14,W,total,1710365,False
2016-09-15,W,total,1769977,True
2016-09-16,W,total,1732795,False
2016-09-17,A,total,1061750,False
2016-09-18,U,total,803888,False
2016-09-19,W,total,1710224,False
2016-09-20,W,total,1721702,False
2016-09-21,W,total,1677475,False
2016-09-22,W,total,1712506,False
2016-09-23,W,total,1713165,False
2016-09-24,A,total,1068494,False
2016-09-25,U,total,775213,False
2016-09-26,W,total,1672397,False
2016-09-27,W,total,1685549,False
2016-09-28,W,total,1643226,False
2016-09-29,W,total,1669663,False
2016-09-30,W,total,1676753,False
2016-10-01,A,total,956776,False
2016-10-02,U,total,743434,False
2016-10-03,W,total,1688341,False
2016-10-04,W,total,1718617,False
2016-10-05,W,total,1731296,False
2016-10-06,W,total,1676555,False
2016-10-07,W,total,1766545,False
2016-10-08,A,total,1083682,False
2016-10-09,U,total,896704,False
2016-10-10,W,total,1423898,True
2016-10-11,W,total,1690378,False
2016-10-12,W,total,1632798,False
2016-10-13,W,total,1725809,False
2016-10-14,W,total,1711027,False
2016-10-15,A,total,1077754,False
2016-10-16,U,total,788664,False
2016-10-17,W,total,1682053,False
2016-10-18,W,total,1711974,False
2016-10-19,W,total,1702120,False
2016-10-20,W,total,1692404,False
2016-10-21,W,total,1667841,False
2016-10-22,A,total,1100241,False
2016-10-23,U,total,754973,False
2016-10-24,W,total,1649479,False
2016-10-25,W,total,1677891,False
2016-10-26,W,total,1606132,False
2016-10-27,W,total,1715153,False
2016-10-28,W,total,1813046,False
2016-10-29,A,total,1166214,False
2016-10-30,U,total,823872,False
2016-10-31,W,total,1658286,False
2016-11-01,W,total,1746594,False
2016-11-02,W,total,1709697,False
2016-11-03,W,total,1811185,False
2016-11-04,W,total,1945417,True
2016-11-05,A,total,1068266,False
2016-11-06,U,total,786863,False
2016-11-07,W,total,1696880,False
2016-11-08,W,total,1672376,False
2016-11-09,W,total,1683096,False
2016-11-10,W,total,1649582,False
2016-11-11,W,total,1436343,True
2016-11-12,A,total,974994,False
2016-11-13,U,total,708325,False
2016-11-14,W,total,1638378,False
2016-11-15,W,total,1678460,False
2016-11-16,W,total,1685982,False
2016-11-17,W,total,1684933,False
2016-11-18,W,total,1612268,False
2016-11-19,A,total,978628,False
2016-11-20,U,total,661074,False
2016-11-21,W,total,1602880,False
2016-11-22,W,total,1594532,False
2016-11-23,W,total,1286403,True
2016-11-24,U,total,486116,False
2016-11-25,W,total,907530,True
2016-11-26,A,total,824426,False
2016-11-27,U,total,645533,False
2016-11-28,W,total,1522067,False
2016-11-29,W,total,1642925,False
2016-11-30,W,total,1620772,False
2016-12-01,W,total,1664688,False
2016-12-02,W,total,1662632,False
2016-12-03,A,total,974518,False
2016-12-04,U,total,646729,False
2016-12-05,W,total,1576520,False
2016-12-06,W,total,1604565,False
2016-12-07,W,total,1577392,False
2016-12-08,W,total,1515144,False
2016-12-09,W,total,1537686,False
2016-12-10,A,total,897242,False
2016-12-11,U,total,601431,False
2016-12-12,W,total,1489807,False
2016-12-13,W,total,1499314,False
2016-12-14,W,total,1423843,False
2016-12-15,W,total,1241332,True
2016-12-16,W,total,1435536,False
2016-12-17,A,total,840145,False
2016-12-18,U,total,523951,False
2016-12-19,W,total,1257376,False
2016-12-20,W,total,1427448,False
2016-12-21,W,total,1436115,False
2016-12-22,W,total,1382362,False
2016-12-23,W,total,1192991,False
2016-12-24,A,total,645066,False
2016-12-25,U,total,330762,False
2016-12-26,U,total,672501,False
2016-12-27,W,total,1066116,False
2016-12-28,W,total,1148619,False
2016-12-29,W,total,1126535,False
2016-12-30,W,total,1152633,False
2016-12-31,A,total,795220,False
2017-01-01,U,total,570398,False
2017-01-02,U,total,686663,False
2017-01-03,W,total,1341153,False
2017-01-04,W,total,1276461,False
2017-01-05,W,total,1241926,False
2017-01-06,W,total,1192077,False
2017-01-07,A,total,682254,False
2017-01-08,U,total,534156,False
2017-01-09,W,total,1473915,False
2017-01-10,W,total,1484986,False
2017-01-11,W,total,1518281,False
2017-01-12,W,total,1491361,False
2017-01-13,W,total,1469613,False
2017-01-14,A,total,793168,False
2017-01-15,U,total,609207,False
2017-01-16,W,total,921830,True
2017-01-17,W,total,1567901,False
2017-01-18,W,total,1577542,False
2017-01-19,W,total,1566966,False
2017-01-20,W,total,1530127,False
2017-01-21,A,total,1070933,False
2017-01-22,U,total,603406,False
2017-01-23,W,total,1541828,False
2017-01-24,W,total,1577703,False
2017-01-25,W,total,1575054,False
2017-01-26,W,total,1573867,False
2017-01-27,W,total,1507698,False
2017-01-28,A,total,821610,False
2017-01-29,U,total,579293,False
2017-01-30,W,total,1521304,False
2017-01-31,W,total,1569463,False
2017-02-01,W,total,1634345,True
2017-02-02,W,total,1565676,False
2017-02-03,W,total,1473314,True
2017-02-04,A,total,832616,False
2017-02-05,U,total,634439,False
2017-02-06,W,total,1552170,False
2017-02-07,W,total,1562471,False
2017-02-08,W,total,1578813,False
2017-02-09,W,total,1542225,False
2017-02-10,W,total,1553207,False
2017-02-11,A,total,902800,False
2017-02-12,U,total,654906,False
2017-02-13,W,total,1524136,False
2017-02-14,W,total,1622715,False
2017-02-15,W,total,1577091,False
2017-02-16,W,total,1569923,False
2017-02-17,W,total,1580366,False
2017-02-18,A,total,959264,False
2017-02-19,U,total,711972,False
2017-02-20,W,total,1181558,True
2017-02-21,W,total,1590724,False
2017-02-22,W,total,1631608,False
2017-02-23,W,total,1601511,False
2017-02-24,W,total,1544068,False
2017-02-25,A,total,824412,False
2017-02-26,U,total,638234,False
2017-02-27,W,total,1558146,False
2017-02-28,W,total,1554162,False
2017-03-01,W,total,1605772,False
2017-03-02,W,total,1584385,False
2017-03-03,W,total,1580589,False
2017-03-04,A,total,889068,False
2017-03-05,U,total,663166,False
2017-03-06,W,total,1526895,False
2017-03-07,W,total,1614099,False
2017-03-08,W,total,1609834,False
2017-03-09,W,total,1590207,False
2017-03-10,W,total,1547587,False
2017-03-11,A,total,953277,False
2017-03-12,U,total,629192,False
2017-03-13,W,total,1465358,False
2017-03-14,W,total,1439465,False
2017-03-15,W,total,1571126,False
2017-03-16,W,total,1585839,False
2017-03-17,W,total,1536327,False
2017-03-18,A,total,878388,False
2017-03-19,U,total,675460,False
2017-03-20,W,total,1493028,False
2017-03-21,W,total,1553945,False
2017-03-22,W,total,1523158,False
2017-03-23,W,total,1510967,False
2017-03-24,W,total,1537615,False
2017-03-25,A,total,770727,False
2017-03-26,U,total,633728,False
2017-03-27,W,total,1549484,False
2017-03-28,W,total,1594859,False
2017-03-29,W,total,1583345,False
2017-03-30,W,total,1475462,False
2017-03-31,W,total,1576480,False
2017-04-01,A,total,951096,False
2017-04-02,U,total,676689,False
2017-04-03,W,total,1583911,False
2017-04-04,W,total,1637065,False
2017-04-05,W,total,1487807,False
2017-04-06,W,total,1593734,False
2017-04-07,W,total,1506929,False
2017-04-08,A,total,960665,False
2017-04-09,U,total,724712,False
2017-04-10,W,total,1403963,False
2017-04-11,W,total,1456389,False
2017-04-12,W,total,1512794,False
2017-04-13,W,total,1469444,False
2017-04-14,W,total,1368522,False
2017-04-15,A,total,960904,False
2017-04-16,U,total,633283,False
2017-04-17,W,total,1547859,False
2017-04-18,W,total,1620310,False
2017-04-19,W,total,1568429,False
2017-04-20,W,total,1555174,False
2017-04-21,W,total,1573325,False
2017-04-22,A,total,961172,False
2017-04-23,U,total,704324,False
2017-04-24,W,total,1566896,False
2017-04-25,W,total,1621749,False
2017-04-26,W,total,1596621,False
2017-04-27,W,total,1556301,False
2017-04-28,W,total,1571079,False
2017-04-29,A,total,769414,True
2017-04-30,U,total,576953,False
2017-05-01,W,total,1595208,False
2017-05-02,W,total,1608856,False
2017-05-03,W,total,1668670,False
2017-05-04,W,total,1606635,False
2017-05-05,W,total,1612311,False
2017-05-06,A,total,963617,False
2017-05-07,U,total,705915,False
2017-05-08,W,total,1552255,False
2017-05-09,W,total,1565895,False
2017-05-10,W,total,1557264,False
2017-05-11,W,total,1587721,False
2017-05-12,W,total,1569790,False
2017-05-13,A,total,932009,False
2017-05-14,U,total,678203,False
2017-05-15,W,total,1515072,False
2017-05-16,W,total,1612044,False
2017-05-17,W,total,1598281,False
2017-05-18,W,total,1600103,False
2017-05-19,W,total,1494852,False
2017-05-20,A,total,837798,False
2017-05-21,U,total,716633,False
2017-05-22,W,total,1561591,False
2017-05-23,W,total,1553170,False
2017-05-24,W,total,1582964,False
2017-05-25,W,total,1606714,False
2017-05-26,W,total,1471647,False
2017-05-27,A,total,954384,False
2017-05-28,U,total,710963,False
2017-05-29,U,total,711612,False
2017-05-30,W,total,1525125,False
2017-05-31,W,total,1573079,False
2017-06-01,W,total,1631461,False
2017-06-02,W,total,1657459,False
2017-06-03,A,total,1018753,False
2017-06-04,U,total,784336,False
2017-06-05,W,total,1607300,False
2017-06-06,W,total,1632573,False
2017-06-07,W,total,1640347,False
2017-06-08,W,total,1626770,False
2017-06-09,W,total,1655618,False
2017-06-10,A,total,1083810,False
2017-06-11,U,total,847087,False
2017-06-12,W,total,1562393,False
2017-06-13,W,total,1581633,False
2017-06-14,W,total,1528734,False
2017-06-15,W,total,1607849,False
2017-06-16,W,total,1524339,False
2017-06-17,A,total,906122,False
2017-06-18,U,total,728667,False
2017-06-19,W,total,1495564,False
2017-06-20,W,total,1582348,False
2017-06-21,W,total,1534840,False
2017-06-22,W,total,1478464,False
2017-06-23,W,total,1476816,False
2017-06-24,A,total,986815,False
2017-06-25,U,total,904237,True
2017-06-26,W,total,1460661,False
2017-06-27,W,total,1515215,False
2017-06-28,W,total,1456375,False
2017-06-29,W,total,1525250,False
2017-06-30,W,total,1523782,False
2017-07-01,A,total,1002521,False
2017-07-02,U,total,763087,False
2017-07-03,W,total,1213627,True
2017-07-04,U,total,797782,False
2017-07-05,W,total,1479933,False
2017-07-06,W,total,1540464,False
2017-07-07,W,total,1530053,False
2017-07-08,A,total,1035839,False
2017-07-09,U,total,803100,False
2017-07-10,W,total,1414709,False
2017-07-11,W,total,1506399,False
2017-07-12,W,total,1396785,True
2017-07-13,W,total,1524609,False
2017-07-14,W,total,1511419,False
2017-07-15,A,total,1007158,False
2017-07-16,U,total,746270,False
2017-07-17,W,total,1495763,False
2017-07-18,W,total,1530731,False
2017-07-19,W,total,1520257,False
2017-07-20,W,total,1442728,False
2017-07-21,W,total,1495646,False
2017-07-22,A,total,957520,False
2017-07-23,U,total,752556,False
2017-07-24,W,total,1510573,False
2017-07-25,W,total,1537390,False
2017-07-26,W,total,1525494,False
2017-07-27,W,total,1540708,False
2017-07-28,W,total,1492847,False
2017-07-29,A,total,959381,False
2017-07-30,U,total,734894,False
2017-07-31,W,total,1440124,False
2017-08-01,W,total,1563329,False
2017-08-02,W,total,1582892,False
2017-08-03,W,total,1597698,False
2017-08-04,W,total,1560024,False
2017-08-05,A,total,1050406,False
2017-08-06,U,total,807380,False
2017-08-07,W,total,1437742,False
2017-08-08,W,total,1497084,False
2017-08-09,W,total,1492470,False
2017-08-10,W,total,1492949,False
2017-08-11,W,total,1503117,False
2017-08-12,A,total,983038,False
2017-08-13,U,total,735386,False
2017-08-14,W,total,1439010,False
2017-08-15,W,total,1474945,False
2017-08-16,W,total,1474202,False
2017-08-17,W,total,1474612,False
2017-08-18,W,total,1493030,False
2017-08-19,A,total,998723,False
2017-08-20,U,total,776974,False
2017-08-21,W,total,1383124,True
2017-08-22,W,total,1438496,True
2017-08-23,W,total,1482895,False
2017-08-24,W,total,1497361,False
2017-08-25,W,total,1490315,False
2017-08-26,A,total,933502,False
2017-08-27,U,total,694949,False
2017-08-28,W,total,1502183,False
2017-08-29,W,total,1546611,False
2017-08-30,W,total,1580682,False
2017-08-31,W,total,1577272,False
2017-09-01,W,total,1588055,False
2017-09-02,A,total,994111,False
2017-09-03,U,total,828658,False
2017-09-04,U,total,701628,False
2017-09-05,W,total,1656373,False
2017-09-06,W,total,1640875,False
2017-09-07,W,total,1669134,False
2017-09-08,W,total,1658916,False
2017-09-09,A,total,999801,False
2017-09-10,U,total,758785,False
2017-09-11,W,total,1629651,False
2017-09-12,W,total,1697198,False
2017-09-13,W,total,1689738,False
2017-09-14,W,total,1713081,False
2017-09-15,W,total,1709657,False
2017-09-16,A,total,1038722,False
2017-09-17,U,total,766199,False
2017-09-18,W,total,1638563,False
2017-09-19,W,total,1647919,False
2017-09-20,W,total,1682072,False
2017-09-21,W,total,1647472,False
2017-09-22,W,total,1635095,False
2017-09-23,A,total,964271,False
2017-09-24,U,total,729522,False
2017-09-25,W,total,1628702,False
2017-09-26,W,total,1668812,False
2017-09-27,W,total,1679414,False
2017-09-28,W,total,1691062,False
2017-09-29,W,total,1710460,False
2017-09-30,A,total,1007490,False
2017-10-01,U,total,750626,False
2017-10-02,W,total,1645532,False
2017-10-03,W,total,1715104,False
2017-10-04,W,total,1687703,False
2017-10-05,W,total,1705860,False
2017-10-06,W,total,1647745,False
2017-10-07,A,total,954039,False
2017-10-08,U,total,913102,True
2017-10-09,W,total,1464664,True
2017-10-10,W,total,1696215,False
2017-10-11,W,total,1668138,False
2017-10-12,W,total,1681438,False
2017-10-13,W,total,1676505,False
2017-10-14,A,total,744554,True
2017-10-15,U,total,698001,False
2017-10-16,W,total,1643829,False
2017-10-17,W,total,1702236,False
2017-10-18,W,total,1719895,False
2017-10-19,W,total,1724426,False
2017-10-20,W,total,1659534,False
2017-10-21,A,total,1001673,False
2017-10-22,U,total,665151,False
2017-10-23,W,total,1553512,False
2017-10-24,W,total,1582473,False
2017-10-25,W,total,1670572,False
2017-10-26,W,total,1677538,False
2017-10-27,W,total,1603140,False
2017-10-28,A,total,894826,False
2017-10-29,U,total,676303,False
2017-10-30,W,total,1591536,False
2017-10-31,W,total,1602443,False
2017-11-01,W,total,1661723,False
2017-11-02,W,total,1659222,False
2017-11-03,W,total,1571271,False
2017-11-04,A,total,844852,False
2017-11-05,U,total,671408,False
2017-11-06,W,total,1639474,False
2017-11-07,W,total,1656765,False
2017-11-08,W,total,1672489,False
2017-11-09,W,total,1661354,False
2017-11-10,W,total,1462348,True
2017-11-11,A,total,889027,False
2017-11-12,U,total,644153,False
2017-11-13,W,total,1604679,False
2017-11-14,W,total,1643885,False
2017-11-15,W,total,1596645,False
2017-11-16,W,total,1605565,False
2017-11-17,W,total,1615454,False
2017-11-18,A,total,856070,False
2017-11-19,U,total,689758,False
2017-11-20,W,total,1587551,False
2017-11-21,W,total,1570983,False
2017-11-22,W,total,1298547,True
2017-11-23,U,total,472080,True
2017-11-24,W,total,918916,True
2017-11-25,A,total,794918,False
2017-11-26,U,total,627683,False
2017-11-27,W,total,1566219,False
2017-11-28,W,total,1601118,False
2017-11-29,W,total,1611833,False
2017-11-30,W,total,1623552,False
2017-12-01,W,total,1676040,False
2017-12-02,A,total,973375,False
2017-12-03,U,total,717077,False
2017-12-04,W,total,1595337,False
2017-12-05,W,total,1560100,False
2017-12-06,W,total,1571713,False
2017-12-07,W,total,1536063,False
2017-12-08,W,total,1545751,False
2017-12-09,A,total,845649,False
2017-12-10,U,total,631661,False
2017-12-11,W,total,1514042,False
2017-12-12,W,total,1493261,False
2017-12-13,W,total,1516173,False
2017-12-14,W,total,1513644,False
2017-12-15,W,total,1481161,False
2017-12-16,A,total,904365,False
2017-12-17,U,total,647632,False
2017-12-18,W,total,1459440,False
2017-12-19,W,total,1510302,False
2017-12-20,W,total,1482042,False
2017-12-21,W,total,1429400,False
2017-12-22,W,total,1313452,False
2017-12-23,A,total,762982,False
2017-12-24,U,total,481738,False
2017-12-25,U,total,282910,False
2017-12-26,W,total,726565,True
2017-12-27,W,total,882872,True
2017-12-28,W,total,966461,False
2017-12-29,W,total,1018916,False
2017-12-30,A,total,611588,False
2017-12-31,U,total,510092,False
2018-01-01,U,total,395365,False
2018-01-02,W,total,1021822,False
2018-01-03,W,total,1186318,False
2018-01-04,W,total,1185495,False
2018-01-05,W,total,1169688,False
2018-01-06,A,total,664884,False
2018-01-07,U,total,511042,False
2018-01-08,W,total,1420040,False
2018-01-09,W,total,1464808,False
2018-01-10,W,total,1478131,False
2018-01-11,W,total,1469693,False
2018-01-12,W,total,1373946,False
2018-01-13,A,total,715907,False
2018-01-14,U,total,536582,False
2018-01-15,W,total,883472,True
2018-01-16,W,total,1490100,False
2018-01-17,W,total,1500701,False
2018-01-18,W,total,1508519,False
2018-01-19,W,total,1485577,False
2018-01-20,A,total,887608,False
2018-01-21,U,total,576466,False
2018-01-22,W,total,1493803,False
2018-01-23,W,total,1528808,False
2018-01-24,W,total,1540446,False
2018-01-25,W,total,1557206,False
2018-01-26,W,total,1529441,False
2018-01-27,A,total,840393,False
2018-01-28,U,total,589774,False
2018-01-29,W,total,1474199,False
2018-01-30,W,total,1525320,False
2018-01-31,W,total,1544671,False
2018-02-01,W,total,1549031,False
2018-02-02,W,total,1364040,True
2018-02-03,A,total,779863,False
2018-02-04,U,total,512259,False
2018-02-05,W,total,1409640,False
2018-02-06,W,total,1491593,False
2018-02-07,W,total,1504600,False
2018-02-08,W,total,1510148,False
2018-02-09,W,total,970401,True
2018-02-10,A,total,751307,False
2018-02-11,U,total,554823,False
2018-02-12,W,total,1463566,False
2018-02-13,W,total,1576188,False
2018-02-14,W,total,1602649,False
2018-02-15,W,total,1566469,False
2018-02-16,W,total,1528501,False
2018-02-17,A,total,822236,False
2018-02-18,U,total,645421,False
2018-02-19,W,total,1093604,True
2018-02-20,W,total,1504849,False
2018-02-21,W,total,1571629,False
2018-02-22,W,total,1577268,False
2018-02-23,W,total,1541246,False
2018-02-24,A,total,848767,False
2018-02-25,U,total,639783,False
2018-02-26,W,total,1544491,False
2018-02-27,W,total,1589965,False
2018-02-28,W,total,1574688,False
2018-03-01,W,total,1532068,False
2018-03-02,W,total,1558410,False
2018-03-03,A,total,889789,False
2018-03-04,U,total,649177,False
2018-03-05,W,total,1479469,False
2018-03-06,W,total,1541361,False
2018-03-07,W,total,1561600,False
2018-03-08,W,total,1547664,False
2018-03-09,W,total,1518244,False
2018-03-10,A,total,865157,False
2018-03-11,U,total,626703,False
2018-03-12,W,total,1513281,False
2018-03-13,W,total,1540786,False
2018-03-14,W,total,1581792,False
2018-03-15,W,total,1583762,False
2018-03-16,W,total,1547802,False
2018-03-17,A,total,1079505,True
2018-03-18,U,total,682133,False
2018-03-19,W,total,1517042,False
2018-03-20,W,total,1518226,False
2018-03-21,W,total,1531154,False
2018-03-22,W,total,1530463,False
2018-03-23,W,total,1489796,False
2018-03-24,A,total,814077,False
2018-03-25,U,total,638206,False
2018-03-26,W,total,1345406,True
2018-03-27,W,total,1372802,False
2018-03-28,W,total,1415064,False
2018-03-29,W,total,1378143,False
2018-03-30,W,total,1280876,False
2018-03-31,A,total,777426,False
2018-04-01,U,total,544204,False
2018-04-02,W,total,1470130,False
2018-04-03,W,total,1536473,False
2018-04-04,W,total,1561698,False
2018-04-05,W,total,1570865,False
2018-04-06,W,total,1513701,False
2018-04-07,A,total,871142,False
2018-04-08,U,total,618820,False
2018-04-09,W,total,1482398,False
2018-04-10,W,total,1547032,False
2018-04-11,W,total,1619524,False
2018-04-12,W,total,1611615,False
2018-04-13,W,total,1445775,False
2018-04-14,A,total,792112,False
2018-04-15,U,total,559134,False
2018-04-16,W,total,1478008,False
2018-04-17,W,total,1590053,False
2018-04-18,W,total,1511503,False
2018-04-19,W,total,1524225,False
2018-04-20,W,total,1548131,False
2018-04-21,A,total,848298,False
2018-04-22,U,total,642710,False
2018-04-23,W,total,1522864,False
2018-04-24,W,total,1570774,False
2018-04-25,W,total,1587009,False
2018-04-26,W,total,1615336,False
2018-04-27,W,total,1565346,False
2018-04-28,A,total,906981,False
2018-04-29,U,total,682311,False
2018-04-30,W,total,1564530,False
2018-05-01,W,total,1654457,True
2018-05-02,W,total,1586861,False
2018-05-03,W,total,1584334,False
2018-05-04,W,total,1567144,False
2018-05-05,A,total,949557,False
2018-05-06,U,total,674546,False
2018-05-07,W,total,1564236,False
2018-05-08,W,total,1622465,False
2018-05-09,W,total,1559948,False
2018-05-10,W,total,1601466,False
2018-05-11,W,total,1532922,False
2018-05-12,A,total,833022,False
2018-05-13,U,total,641777,False
2018-05-14,W,total,1429595,True
2018-05-15,W,total,1538095,False
2018-05-16,W,total,1557512,False
2018-05-17,W,total,1551202,False
2018-05-18,W,total,1502196,False
2018-05-19,A,total,869357,False
2018-05-20,U,total,610670,False
2018-05-21,W,total,1379601,False
2018-05-22,W,total,1582639,False
2018-05-23,W,total,1602256,False
2018-05-24,W,total,1571255,False
2018-05-25,W,total,1528062,False
2018-05-26,A,total,946482,False
2018-05-27,U,total,758012,False
2018-05-28,U,total,689653,False
2018-05-29,W,total,1513570,False
2018-05-30,W,total,1510234,False
2018-05-31,W,total,1573050,False
2018-06-01,W,total,1624869,False
2018-06-02,A,total,933303,False
2018-06-03,U,total,726096,False
2018-06-04,W,total,1547222,False
2018-06-05,W,total,1604831,False
2018-06-06,W,total,1598684,False
2018-06-07,W,total,1620210,False
2018-06-08,W,total,1545893,False
2018-06-09,A,total,939454,False
2018-06-10,U,total,671429,False
2018-06-11,W,total,1505812,False
2018-06-12,W,total,1557538,False
2018-06-13,W,total,1543786,False
2018-06-14,W,total,1550425,False
2018-06-15,W,total,1510839,False
2018-06-16,A,total,914206,False
2018-06-17,U,total,676689,False
2018-06-18,W,total,1465430,False
2018-06-19,W,total,1547623,False
2018-06-20,W,total,1504766,False
2018-06-21,W,total,1312162,False
2018-06-22,W,total,1358787,False
2018-06-23,A,total,940004,False
2018-06-24,U,total,897821,False
2018-06-25,W,total,1440782,False
2018-06-26,W,total,1432557,False
2018-06-27,W,total,1478347,False
2018-06-28,W,total,1510286,False
2018-06-29,W,total,1504586,False
2018-06-30,A,total,941869,False
2018-07-01,U,total,683055,False
2018-07-02,W,total,1413118,False
2018-07-03,W,total,1488553,False
2018-07-04,U,total,751848,False
2018-07-05,W,total,1268461,False
2018-07-06,W,total,1419198,False
2018-07-07,A,total,924736,False
2018-07-08,U,total,722824,False
2018-07-09,W,total,1447064,False
2018-07-10,W,total,1508323,False
2018-07-11,W,total,1537340,False
2018-07-12,W,total,1521677,False
2018-07-13,W,total,1537214,False
2018-07-14,A,total,926947,False
2018-07-15,U,total,758148,False
2018-07-16,W,total,1432334,False
2018-07-17,W,total,1507794,False
2018-07-18,W,total,1515847,False
2018-07-19,W,total,1546104,False
2018-07-20,W,total,1484228,False
2018-07-21,A,total,952937,False
2018-07-22,U,total,697297,False
2018-07-23,W,total,1489246,False
2018-07-24,W,total,1541846,False
2018-07-25,W,total,1531519,False
2018-07-26,W,total,1539184,False
2018-07-27,W,total,1471300,False
2018-07-28,A,total,937250,False
2018-07-29,U,total,729415,False
2018-07-30,W,total,1440560,False
2018-07-31,W,total,1462968,False
2018-08-01,W,total,1535810,False
2018-08-02,W,total,1605412,False
2018-08-03,W,total,1596969,False
2018-08-04,A,total,1002286,False
2018-08-05,U,total,792353,False
2018-08-06,W,total,1375559,False
2018-08-07,W,total,1412495,False
2018-08-08,W,total,1464334,False
2018-08-09,W,total,1452223,False
2018-08-10,W,total,1486058,False
2018-08-11,A,total,983810,False
2018-08-12,U,total,744383,False
2018-08-13,W,total,1386954,False
2018-08-14,W,total,1461590,False
2018-08-15,W,total,1430747,False
2018-08-16,W,total,1432356,False
2018-08-17,W,total,1400209,False
2018-08-18,A,total,962849,False
2018-08-19,U,total,737458,False
2018-08-20,W,total,1340765,False
2018-08-21,W,total,1420427,False
2018-08-22,W,total,1458885,False
2018-08-23,W,total,1499527,False
2018-08-24,W,total,1391118,False
2018-08-25,A,total,910025,False
2018-08-26,U,total,703654,False
2018-08-27,W,total,1491935,False
2018-08-28,W,total,1515521,False
2018-08-29,W,total,1520359,False
2018-08-30,W,total,1557263,False
2018-08-31,W,total,1499988,False
2018-09-01,A,total,873119,False
2018-09-02,U,total,762161,False
2018-09-03,U,total,624260,False
2018-09-04,W,total,1620659,False
2018-09-05,W,total,1639906,False
2018-09-06,W,total,1605735,False
2018-09-07,W,total,1610617,False
2018-09-08,A,total,947747,False
2018-09-09,U,total,691391,False
2018-09-10,W,total,1636775,False
2018-09-11,W,total,1679744,False
2018-09-12,W,total,1701440,False
2018-09-13,W,total,1672555,False
2018-09-14,W,total,1675062,False
2018-09-15,A,total,1003669,False
2018-09-16,U,total,751535,False
2018-09-17,W,total,1634146,False
2018-09-18,W,total,1642657,False
2018-09-19,W,total,1631108,False
2018-09-20,W,total,1653235,False
2018-09-21,W,total,1635561,False
2018-09-22,A,total,961554,False
2018-09-23,U,total,704705,False
2018-09-24,W,total,1636098,False
2018-09-25,W,total,1657188,False
2018-09-26,W,total,1706893,False
2018-09-27,W,total,1705797,False
2018-09-28,W,total,1641087,False
2018-09-29,A,total,993070,False
2018-09-30,U,total,728168,False
2018-10-01,W,total,1687112,False
2018-10-02,W,total,1695243,False
2018-10-03,W,total,1739915,False
2018-10-04,W,total,1720880,False
2018-10-05,W,total,1579450,False
2018-10-06,A,total,937974,False
2018-10-07,U,total,835688,False
2018-10-08,W,total,1419733,True
2018-10-09,W,total,1696032,False
2018-10-10,W,total,1625974,False
2018-10-11,W,total,1677979,False
2018-10-12,W,total,1600859,False
2018-10-13,A,total,961019,False
2018-10-14,U,total,694414,False
2018-10-15,W,total,1614599,False
2018-10-16,W,total,1658897,False
2018-10-17,W,total,1673904,False
2018-10-18,W,total,1673110,False
2018-10-19,W,total,1589344,False
2018-10-20,A,total,903593,False
2018-10-21,U,total,685985,False
2018-10-22,W,total,1610234,False
2018-10-23,W,total,1651827,False
2018-10-24,W,total,1651699,False
2018-10-25,W,total,1648975,False
2018-10-26,W,total,1620726,False
2018-10-27,A,total,928367,False
2018-10-28,U,total,649725,False
2018-10-29,W,total,1601855,False
2018-10-30,W,total,1636184,False
2018-10-31,W,total,1616985,False
2018-11-01,W,total,1664628,False
2018-11-02,W,total,1540169,False
2018-11-03,A,total,942149,False
2018-11-04,U,total,613347,False
2018-11-05,W,total,1623565,False
2018-11-06,W,total,1601652,False
2018-11-07,W,total,1624246,False
2018-11-08,W,total,1638565,False
2018-11-09,W,total,1547737,False
2018-11-10,A,total,851562,False
2018-11-11,U,total,648762,False
2018-11-12,W,total,1305207,True
2018-11-13,W,total,1593639,False
2018-11-14,W,total,1586190,False
2018-11-15,W,total,1533814,False
2018-11-16,W,total,1599846,False
2018-11-17,A,total,891349,False
2018-11-18,U,total,655422,False
2018-11-19,W,total,1544082,False
2018-11-20,W,total,1548850,False
2018-11-21,W,total,1255285,True
2018-11-22,U,total,440914,True
2018-11-23,W,total,866694,True
2018-11-24,A,total,755837,False
2018-11-25,U,total,532458,False
2018-11-26,W,total,1328455,True
2018-11-27,W,total,1531037,False
2018-11-28,W,total,1554257,False
2018-11-29,W,total,1574355,False
2018-11-30,W,total,1600965,False
2018-12-01,A,total,787193,False
2018-12-02,U,total,624310,False
2018-12-03,W,total,1562510,False
2018-12-04,W,total,1580839,False
2018-12-05,W,total,1553365,False
2018-12-06,W,total,1577847,False
2018-12-07,W,total,1516584,False
2018-12-08,A,total,856625,False
2018-12-09,U,total,638130,False
2018-12-10,W,total,1501183,False
2018-12-11,W,total,1548343,False
2018-12-12,W,total,1536375,False
2018-12-13,W,total,1542786,False
2018-12-14,W,total,1514142,False
2018-12-15,A,total,906617,False
2018-12-16,U,total,662310,False
2018-12-17,W,total,1459260,False
2018-12-18,W,total,1496503,False
2018-12-19,W,total,1500092,False
2018-12-20,W,total,1444630,False
2018-12-21,W,total,1361050,False
2018-12-22,A,total,782118,False
2018-12-23,U,total,590592,False
2018-12-24,W,total,701693,True
2018-12-25,U,total,316690,True
2018-12-26,W,total,927023,False
2018-12-27,W,total,962977,False
2018-12-28,W,total,1071458,False
2018-12-29,A,total,701193,False
2018-12-30,U,total,579860,False
2018-12-31,W,total,849223,False
2019-01-01,U,total,494731,False
2019-01-02,W,total,1164548,False
2019-01-03,W,total,1292223,False
2019-01-04,W,total,1297326,False
2019-01-05,A,total,792691,False
2019-01-06,U,total,579179,False
2019-01-07,W,total,1385493,False
2019-01-08,W,total,1485778,False
2019-01-09,W,total,1433393,False
2019-01-10,W,total,1438012,False
2019-01-11,W,total,1442833,False
2019-01-12,A,total,707683,False
2019-01-13,U,total,552077,False
2019-01-14,W,total,1462161,False
2019-01-15,W,total,1503208,False
2019-01-16,W,total,1528585,False
2019-01-17,W,total,1535277,False
2019-01-18,W,total,1476646,False
2019-01-19,A,total,649504,False
2019-01-20,U,total,508705,False
2019-01-21,W,total,847037,True
2019-01-22,W,total,1470087,False
2019-01-23,W,total,1483035,False
2019-01-24,W,total,1457172,False
2019-01-25,W,total,1158774,False
2019-01-26,A,total,639688,False
2019-01-27,U,total,479965,False
2019-01-28,W,total,1347002,False
2019-01-29,W,total,1161581,False
2019-01-30,W,total,222071,True
2019-01-31,W,total,526248,True
2019-02-01,W,total,1331150,False
2019-02-02,A,total,781091,False
2019-02-03,U,total,573212,False
2019-02-04,W,total,1526819,False
2019-02-05,W,total,1543039,False
2019-02-06,W,total,1526933,False
2019-02-07,W,total,1521693,False
2019-02-08,W,total,1366505,False
2019-02-09,A,total,762528,False
2019-02-10,U,total,548001,False
2019-02-11,W,total,1484053,False
2019-02-12,W,total,1439470,False
2019-02-13,W,total,1523969,False
2019-02-14,W,total,1571093,False
2019-02-15,W,total,1442084,False
2019-02-16,A,total,801067,False
2019-02-17,U,total,553299,False
2019-02-18,W,total,1074910,True
2019-02-19,W,total,1537687,False
2019-02-20,W,total,1496832,False
2019-02-21,W,total,1540560,False
2019-02-22,W,total,1501299,False
2019-02-23,A,total,735018,False
2019-02-24,U,total,528846,False
2019-02-25,W,total,1443701,False
2019-02-26,W,total,1472511,False
2019-02-27,W,total,1509627,False
2019-02-28,W,total,1498620,False
2019-03-01,W,total,1495207,False
2019-03-02,A,total,803511,False
2019-03-03,U,total,565689,False
2019-03-04,W,total,1334439,True
2019-03-05,W,total,1454726,False
2019-03-06,W,total,1499784,False
2019-03-07,W,total,1501727,False
2019-03-08,W,total,1465763,False
2019-03-09,A,total,736465,False
2019-03-10,U,total,561129,False
2019-03-11,W,total,1482112,False
2019-03-12,W,total,1545705,False
2019-03-13,W,total,1512406,False
2019-03-14,W,total,1503919,False
2019-03-15,W,total,1485890,False
2019-03-16,A,total,1038884,True
2019-03-17,U,total,638955,True
2019-03-18,W,total,1497857,False
2019-03-19,W,total,1539949,False
2019-03-20,W,total,1495674,False
2019-03-21,W,total,1515447,False
2019-03-22,W,total,1479997,False
2019-03-23,A,total,859348,False
2019-03-24,U,total,592947,False
2019-03-25,W,total,1428310,False
2019-03-26,W,total,1483302,False
2019-03-27,W,total,1495916,False
2019-03-28,W,total,1475091,False
2019-03-29,W,total,1432002,False
2019-03-30,A,total,775213,False
2019-03-31,U,total,588952,False
2019-04-01,W,total,1533024,False
2019-04-02,W,total,1542633,False
2019-04-03,W,total,1590861,False
2019-04-04,W,total,1527112,False
2019-04-05,W,total,1465376,False
2019-04-06,A,total,901463,False
2019-04-07,U,total,608221,False
2019-04-08,W,total,1577497,False
2019-04-09,W,total,1538867,False
2019-04-10,W,total,1492406,False
2019-04-11,W,total,1518507,False
2019-04-12,W,total,1526902,False
2019-04-13,A,total,890588,False
2019-04-14,U,total,455608,True
2019-04-15,W,total,1374053,False
2019-04-16,W,total,1434079,False
2019-04-17,W,total,1409854,False
2019-04-18,W,total,1330738,False
2019-04-19,W,total,1263282,False
2019-04-20,A,total,835074,False
2019-04-21,U,total,607205,False
2019-04-22,W,total,1460138,False
2019-04-23,W,total,1553709,False
2019-04-24,W,total,1572801,False
2019-04-25,W,total,1590225,False
2019-04-26,W,total,1537501,False
2019-04-27,A,total,688544,False
2019-04-28,U,total,627788,False
2019-04-29,W,total,1403291,False
2019-04-30,W,total,1465182,False
2019-05-01,W,total,1570687,False
2019-05-02,W,total,1515868,False
2019-05-03,W,total,1584886,False
2019-05-04,A,total,932870,False
2019-05-05,U,total,741190,True
2019-05-06,W,total,1527852,False
2019-05-07,W,total,1544111,False
2019-05-08,W,total,1577687,False
2019-05-09,W,total,1562941,False
2019-05-10,W,total,1565574,False
2019-05-11,A,total,863804,False
2019-05-12,U,total,635475,False
2019-05-13,W,total,1487983,False
2019-05-14,W,total,1531286,False
2019-05-15,W,total,1535051,False
2019-05-16,W,total,1482532,False
2019-05-17,W,total,1449789,False
2019-05-18,A,total,836488,False
2019-05-19,U,total,627935,False
2019-05-20,W,total,1502458,False
2019-05-21,W,total,1501429,False
2019-05-22,W,total,1568015,False
2019-05-23,W,total,1568414,False
2019-05-24,W,total,1431270,False
2019-05-25,A,total,910041,False
2019-05-26,U,total,684803,False
2019-05-27,U,total,555744,True
2019-05-28,W,total,1463361,False
2019-05-29,W,total,1508740,False
2019-05-30,W,total,1527599,False
2019-05-31,W,total,1555955,False
2019-06-01,A,total,852248,False
2019-06-02,U,total,689383,False
2019-06-03,W,total,1546178,False
2019-06-04,W,total,1547270,False
2019-06-05,W,total,1582854,False
2019-06-06,W,total,1592989,False
2019-06-07,W,total,1558824,False
2019-06-08,A,total,986895,False
2019-06-09,U,total,702340,False
2019-06-10,W,total,1505339,False
2019-06-11,W,total,1560939,False
2019-06-12,W,total,1491240,False
2019-06-13,W,total,1542009,False
2019-06-14,W,total,1556118,False
2019-06-15,A,total,867113,False
2019-06-16,U,total,667168,False
2019-06-17,W,total,1424323,False
2019-06-18,W,total,1531300,False
2019-06-19,W,total,1498059,False
2019-06-20,W,total,1509103,False
2019-06-21,W,total,1489949,False
2019-06-22,A,total,954445,False
2019-06-23,U,total,686561,False
2019-06-24,W,total,1408425,False
2019-06-25,W,total,1546968,False
2019-06-26,W,total,1537382,False
2019-06-27,W,total,1521255,False
2019-06-28,W,total,1459908,False
2019-06-29,A,total,945099,False
2019-06-30,U,total,816353,True
2019-07-01,W,total,1443755,False
2019-07-02,W,total,1430830,False
2019-07-03,W,total,1456770,False
2019-07-04,U,total,740609,False
2019-07-05,W,total,1085402,True
2019-07-06,A,total,855390,False
2019-07-07,U,total,693347,False
2019-07-08,W,total,1435176,False
2019-07-09,W,total,1494020,False
2019-07-10,W,total,1485727,False
2019-07-11,W,total,1528889,False
2019-07-12,W,total,1515902,False
2019-07-13,A,total,967671,False
2019-07-14,U,total,749780,False
2019-07-15,W,total,1457092,False
2019-07-16,W,total,1483030,False
2019-07-17,W,total,1502887,False
2019-07-18,W,total,1380672,False
2019-07-19,W,total,1421950,False
2019-07-20,A,total,886543,False
2019-07-21,U,total,703227,False
2019-07-22,W,total,1449490,False
2019-07-23,W,total,1486495,False
2019-07-24,W,total,1492574,False
2019-07-25,W,total,1493130,False
2019-07-26,W,total,1442226,False
2019-07-27,A,total,927477,False
2019-07-28,U,total,713285,False
2019-07-29,W,total,1340346,False
2019-07-30,W,total,1465901,False
2019-07-31,W,total,1478222,False
2019-08-01,W,total,1559036,False
2019-08-02,W,total,1545318,False
2019-08-03,A,total,1010431,False
2019-08-04,U,total,792603,False
2019-08-05,W,total,1451538,False
2019-08-06,W,total,1475853,False
2019-08-07,W,total,1491578,False
2019-08-08,W,total,1481523,False
2019-08-09,W,total,1436165,False
2019-08-10,A,total,918556,False
2019-08-11,U,total,697774,False
2019-08-12,W,total,1332068,False
2019-08-13,W,total,1413232,False
2019-08-14,W,total,1406519,False
2019-08-15,W,total,1426582,False
2019-08-16,W,total,1374894,False
2019-08-17,A,total,853123,False
2019-08-18,U,total,620738,False
2019-08-19,W,total,1367486,False
2019-08-20,W,total,1359419,False
2019-08-21,W,total,1457018,False
2019-08-22,W,total,1481170,False
2019-08-23,W,total,1444651,False
2019-08-24,A,total,923639,False
2019-08-25,U,total,723596,False
2019-08-26,W,total,1371909,False
2019-08-27,W,total,1517011,False
2019-08-28,W,total,1509399,False
2019-08-29,W,total,1516786,False
2019-08-30,W,total,1478930,False
2019-08-31,A,total,911121,False
2019-09-01,U,total,736642,False
2019-09-02,U,total,703343,False
2019-09-03,W,total,1560073,False
2019-09-04,W,total,1624154,False
2019-09-05,W,total,1653618,False
2019-09-06,W,total,1565968,False
2019-09-07,A,total,906925,False
2019-09-08,U,total,655208,False
2019-09-09,W,total,1566426,False
2019-09-10,W,total,1625971,False
2019-09-11,W,total,1625576,False
2019-09-12,W,total,1640252,False
2019-09-13,W,total,1623009,False
2019-09-14,A,total,985967,False
2019-09-15,U,total,705731,False
2019-09-16,W,total,1603424,False
2019-09-17,W,total,1653249,False
2019-09-18,W,total,1666985,False
2019-09-19,W,total,1661710,False
2019-09-20,W,total,1634048,False
2019-09-21,A,total,929619,False
2019-09-22,U,total,638076,False
2019-09-23,W,total,1599474,False
2019-09-24,W,total,1631203,False
2019-09-25,W,total,1640542,False
2019-09-26,W,total,1644751,False
2019-09-27,W,total,1434958,True
2019-09-28,A,total,877979,False
2019-09-29,U,total,652524,False
2019-09-30,W,total,1588492,False
2019-10-01,W,total,1677559,False
2019-10-02,W,total,1610346,False
2019-10-03,W,total,1667620,False
2019-10-04,W,total,1592852,False
2019-10-05,A,total,881399,False
2019-10-06,U,total,710394,False
2019-10-07,W,total,1593559,False
2019-10-08,W,total,1641814,False
2019-10-09,W,total,1623653,False
2019-10-10,W,total,1659323,False
2019-10-11,W,total,1538620,False
2019-10-12,A,total,950332,False
2019-10-13,U,total,842701,False
2019-10-14,W,total,1365009,True
2019-10-15,W,total,1632927,False
2019-10-16,W,total,1627676,False
2019-10-17,W,total,1577487,False
2019-10-18,W,total,1541277,False
2019-10-19,A,total,967494,False
2019-10-20,U,total,717978,False
2019-10-21,W,total,1466770,False
2019-10-22,W,total,1522786,False
2019-10-23,W,total,1581251,False
2019-10-24,W,total,1557412,False
2019-10-25,W,total,1487128,False
2019-10-26,A,total,769190,False
2019-10-27,U,total,704830,False
2019-10-28,W,total,1492389,False
2019-10-29,W,total,1533454,False
2019-10-30,W,total,1455020,False
2019-10-31,W,total,1392896,False
2019-11-01,W,total,1517809,False
2019-11-02,A,total,849831,False
2019-11-03,U,total,666988,False
2019-11-04,W,total,1598602,False
2019-11-05,W,total,1624288,False
2019-11-06,W,total,1602414,False
2019-11-07,W,total,1589523,False
2019-11-08,W,total,1421338,False
2019-11-09,A,total,866171,False
2019-11-10,U,total,645212,False
2019-11-11,W,total,1195189,False
2019-11-12,W,total,1481052,False
2019-11-13,W,total,1491387,False
2019-11-14,W,total,1509372,False
2019-11-15,W,total,1527037,False
2019-11-16,A,total,866911,False
2019-11-17,U,total,621357,False
2019-11-18,W,total,1539286,False
2019-11-19,W,total,1577409,False
2019-11-20,W,total,1596030,False
2019-11-21,W,total,1542778,False
2019-11-22,W,total,1600283,False
2019-11-23,A,total,911731,False
2019-11-24,U,total,659982,False
2019-11-25,W,total,1532552,False
2019-11-26,W,total,1498666,False
2019-11-27,W,total,1245624,False
2019-11-28,U,total,430965,False
2019-11-29,W,total,853813,True
2019-11-30,A,total,689172,False
2019-12-01,U,total,572963,False
2019-12-02,W,total,1506318,False
2019-12-03,W,total,1582091,False
2019-12-04,W,total,1576842,False
2019-12-05,W,total,1594915,False
2019-12-06,W,total,1528782,False
2019-12-07,A,total,876601,False
2019-12-08,U,total,633940,False
2019-12-09,W,total,1476874,False
2019-12-10,W,total,1468157,False
2019-12-11,W,total,1446652,False
2019-12-12,W,total,1504100,False
2019-12-13,W,total,1492942,False
2019-12-14,A,total,838711,False
2019-12-15,U,total,604175,False
2019-12-16,W,total,1392460,False
2019-12-17,W,total,1443401,False
2019-12-18,W,total,1392932,False
2019-12-19,W,total,1410513,False
2019-12-20,W,total,1372233,False
2019-12-21,A,total,811158,False
2019-12-22,U,total,634053,False
2019-12-23,W,total,1103209,False
2019-12-24,W,total,772702,False
2019-12-25,U,total,333130,True
2019-12-26,W,total,920859,False
2019-12-27,W,total,998033,False
2019-12-28,A,total,693515,False
2019-12-29,U,total,566533,False
2019-12-30,W,total,1025434,False
2019-12-31,W,total,942966,False
2020-01-01,U,total,523059,False
2020-01-02,W,total,1216560,False
2020-01-03,W,total,1266367,False
2020-01-04,A,total,715899,False
2020-01-05,U,total,548579,False
2020-01-06,W,total,1409870,False
2020-01-07,W,total,1453262,False
2020-01-08,W,total,1409488,False
2020-01-09,W,total,1437307,False
2020-01-10,W,total,1408210,False
2020-01-11,A,total,627280,False
2020-01-12,U,total,532193,False
2020-01-13,W,total,1475788,False
2020-01-14,W,total,1527516,False
2020-01-15,W,total,1514878,False
2020-01-16,W,total,1490353,False
2020-01-17,W,total,1424862,False
2020-01-18,A,total,691338,False
2020-01-19,U,total,475034,False
2020-01-20,W,total,888319,True
2020-01-21,W,total,1502104,False
2020-01-22,W,total,1509612,False
2020-01-23,W,total,1486070,False
2020-01-24,W,total,1422846,False
2020-01-25,A,total,728956,False
2020-01-26,U,total,559977,False
2020-01-27,W,total,1487385,False
2020-01-28,W,total,1517984,False
2020-01-29,W,total,1504917,False
2020-01-30,W,total,1506433,False
2020-01-31,W,total,1401094,True
2020-02-01,A,total,775037,False
2020-02-02,U,total,605205,False
2020-02-03,W,total,1505846,False
2020-02-04,W,total,1517018,False
2020-02-05,W,total,1510567,False
2020-02-06,W,total,1463654,False
2020-02-07,W,total,1455285,False
2020-02-08,A,total,781829,False
2020-02-09,U,total,534116,False
2020-02-10,W,total,1494019,False
2020-02-11,W,total,1536625,False
2020-02-12,W,total,1483138,False
2020-02-13,W,total,1435817,False
2020-02-14,W,total,1303689,False
2020-02-15,A,total,735230,False
2020-02-16,U,total,606133,False
2020-02-17,W,total,1070450,True
2020-02-18,W,total,1526403,False
2020-02-19,W,total,1511695,False
2020-02-20,W,total,1479273,False
2020-02-21,W,total,1458826,False
2020-02-22,A,total,807888,False
2020-02-23,U,total,618289,False
2020-02-24,W,total,1471534,False
2020-02-25,W,total,1475474,False
2020-02-26,W,total,1439437,False
2020-02-27,W,total,1477878,False
2020-02-28,W,total,1451945,False
2020-02-29,A,total,796584,False
2020-03-01,U,total,624695,False
2020-03-02,W,total,1451746,False
2020-03-03,W,total,1536417,False
2020-03-04,W,total,1514612,False
2020-03-05,W,total,1501992,False
2020-03-06,W,total,1422094,False
2020-03-07,A,total,822202,False
2020-03-08,U,total,612868,False
2020-03-09,W,total,1383615,False
2020-03-10,W,total,1466021,False
2020-03-11,W,total,1428349,False
2020-03-12,W,total,1339310,False
2020-03-13,W,total,1171068,False
2020-03-14,A,total,583766,False
2020-03-15,U,total,423166,False
2020-03-16,W,total,778023,False
2020-03-17,W,total,607385,False
2020-03-18,W,total,499558,False
2020-03-19,W,total,468514,False
2020-03-20,W,total,456679,False
2020-03-21,A,total,272101,False
2020-03-22,U,total,173772,False
2020-03-23,W,total,316113,False
2020-03-24,W,total,325631,False
2020-03-25,W,total,336327,False
2020-03-26,W,total,312606,False
2020-03-27,W,total,323429,False
2020-03-28,A,total,213133,False
2020-03-29,U,total,168924,False
2020-03-30,W,total,305758,False
2020-03-31,W,total,295246,False
2020-04-01,W,total,335545,False
2020-04-02,W,total,309405,False
2020-04-03,W,total,341543,False
2020-04-04,A,total,220029,False
2020-04-05,U,total,171874,False
2020-04-06,W,total,289037,False
2020-04-07,W,total,293453,False
2020-04-08,W,total,286683,False
2020-04-09,W,total,276623,False
2020-04-10,W,total,288542,False
2020-04-11,A,total,221551,False
2020-04-12,U,total,164150,False
2020-04-13,W,total,278753,False
2020-04-14,W,total,275893,False
2020-04-15,W,total,278389,False
2020-04-16,W,total,293626,False
2020-04-17,W,total,283215,False
2020-04-18,A,total,234234,False
2020-04-19,U,total,183051,False
2020-04-20,W,total,304955,False
2020-04-21,W,total,297006,False
2020-04-22,W,total,290902,False
2020-04-23,W,total,292049,False
2020-04-24,W,total,304464,False
2020-04-25,A,total,207943,False
2020-04-26,U,total,192373,False
2020-04-27,W,total,308733,False
2020-04-28,W,total,309115,False
2020-04-29,W,total,280395,False
2020-04-30,W,total,304731,False
2020-05-01,W,total,361839,True
2020-05-02,A,total,269759,False
2020-05-03,U,total,204951,False
2020-05-04,W,total,324666,False
2020-05-05,W,total,302370,False
2020-05-06,W,total,330960,False
2020-05-07,W,total,331538,False
2020-05-08,W,total,324509,False
2020-05-09,A,total,266279,False
2020-05-10,U,total,177820,False
2020-05-11,W,total,314171,False
2020-05-12,W,total,326155,False
2020-05-13,W,total,342698,False
2020-05-14,W,total,288046,False
2020-05-15,W,total,343602,False
2020-05-16,A,total,264577,False
2020-05-17,U,total,160149,False
2020-05-18,W,total,323390,False
2020-05-19,W,total,308164,False
2020-05-20,W,total,339512,False
2020-05-21,W,total,329500,False
2020-05-22,W,total,342330,False
2020-05-23,A,total,257872,False
2020-05-24,U,total,224376,False
2020-05-25,U,total,222960,False
2020-05-26,W,total,345698,False
2020-05-27,W,total,345231,False
2020-05-28,W,total,337254,False
2020-05-29,W,total,357652,False
2020-05-30,A,total,279852,False
2020-05-31,U,total,110047,False
2020-06-01,W,total,174448,True
2020-06-02,W,total,185958,True
2020-06-03,W,total,275925,False
2020-06-04,W,total,320195,False
2020-06-05,W,total,342871,False
2020-06-06,A,total,254028,False
2020-06-07,U,total,196929,False
2020-06-08,W,total,364036,False
2020-06-09,W,total,343871,False
2020-06-10,W,total,360208,False
2020-06-11,W,total,393306,False
2020-06-12,W,total,389707,False
2020-06-13,A,total,288113,False
2020-06-14,U,total,231683,False
2020-06-15,W,total,406473,False
2020-06-16,W,total,416447,False
2020-06-17,W,total,424178,False
2020-06-18,W,total,424534,False
2020-06-19,W,total,428664,False
2020-06-20,A,total,303254,False
2020-06-21,U,total,236797,False
2020-06-22,W,total,375146,False
2020-06-23,W,total,430780,False
2020-06-24,W,total,419695,False
2020-06-25,W,total,443810,False
2020-06-26,W,total,405642,False
2020-06-27,A,total,339450,False
2020-06-28,U,total,258659,False
2020-06-29,W,total,412674,False
2020-06-30,W,total,439345,False
2020-07-01,W,total,476667,False
2020-07-02,W,total,469930,False
2020-07-03,U,total,400019,True
2020-07-04,A,total,282979,False
2020-07-05,U,total,251975,False
2020-07-06,W,total,444371,False
2020-07-07,W,total,447818,False
2020-07-08,W,total,451737,False
2020-07-09,W,total,451231,False
2020-07-10,W,total,467755,False
2020-07-11,A,total,345793,False
2020-07-12,U,total,265143,False
2020-07-13,W,total,458817,False
2020-07-14,W,total,465137,False
2020-07-15,W,total,443442,False
2020-07-16,W,total,461200,False
2020-07-17,W,total,477217,False
2020-07-18,A,total,328766,False
2020-07-19,U,total,229175,False
2020-07-20,W,total,456665,False
2020-07-21,W,total,446291,False
2020-07-22,W,total,459281,False
2020-07-23,W,total,472371,False
2020-07-24,W,total,479293,False
2020-07-25,A,total,345023,False
2020-07-26,U,total,253401,False
2020-07-27,W,total,439747,False
2020-07-28,W,total,468120,False
2020-07-29,W,total,457611,False
2020-07-30,W,total,463888,False
2020-07-31,W,total,502625,False
2020-08-01,A,total,353358,False
2020-08-02,U,total,258735,False
2020-08-03,W,total,476580,False
2020-08-04,W,total,483887,False
2020-08-05,W,total,476716,False
2020-08-06,W,total,480360,False
2020-08-07,W,total,490993,False
2020-08-08,A,total,351399,False
2020-08-09,U,total,268912,False
2020-08-10,W,total,347314,True
2020-08-11,W,total,447590,False
2020-08-12,W,total,460419,False
2020-08-13,W,total,464858,False
2020-08-14,W,total,470964,False
2020-08-15,A,total,322791,False
2020-08-16,U,total,262091,False
2020-08-17,W,total,452115,False
2020-08-18,W,total,468444,False
2020-08-19,W,total,476488,False
2020-08-20,W,total,478042,False
2020-08-21,W,total,487667,False
2020-08-22,A,total,349358,False
2020-08-23,U,total,260860,False
2020-08-24,W,total,448045,False
2020-08-25,W,total,462740,False
2020-08-26,W,total,470301,False
2020-08-27,W,total,467173,False
2020-08-28,W,total,477602,False
2020-08-29,A,total,348750,False
2020-08-30,U,total,268189,False
2020-08-31,W,total,468752,False
2020-09-01,W,total,477298,False
2020-09-02,W,total,503014,False
2020-09-03,W,total,519924,True
2020-09-04,W,total,516173,False
2020-09-05,A,total,373747,False
2020-09-06,U,total,259284,False
2020-09-07,U,total,294383,False
2020-09-08,W,total,440412,True
2020-09-09,W,total,481333,False
2020-09-10,W,total,488623,False
2020-09-11,W,total,496458,False
2020-09-12,A,total,331365,False
2020-09-13,U,total,288043,False
2020-09-14,W,total,473987,False
2020-09-15,W,total,490337,False
2020-09-16,W,total,494967,False
2020-09-17,W,total,494158,False
2020-09-18,W,total,508360,False
2020-09-19,A,total,375371,False
2020-09-20,U,total,277287,False
2020-09-21,W,total,473248,False
2020-09-22,W,total,491406,False
2020-09-23,W,total,495823,False
2020-09-24,W,total,491267,False
2020-09-25,W,total,519059,False
2020-09-26,A,total,376074,False
2020-09-27,U,total,279251,False
2020-09-28,W,total,458854,False
2020-09-29,W,total,490936,False
2020-09-30,W,total,489491,False
2020-10-01,W,total,510298,False
2020-10-02,W,total,532077,False
2020-10-03,A,total,375693,False
2020-10-04,U,total,280341,False
2020-10-05,W,total,490759,False
2020-10-06,W,total,500930,False
2020-10-07,W,total,505352,False
2020-10-08,W,total,508834,False
2020-10-09,W,total,519386,False
2020-10-10,A,total,386704,False
2020-10-11,U,total,284438,False
2020-10-12,W,total,417560,True
2020-10-13,W,total,505143,False
2020-10-14,W,total,507330,False
2020-10-15,W,total,496312,False
2020-10-16,W,total,503051,False
2020-10-17,A,total,365801,False
2020-10-18,U,total,242723,False
2020-10-19,W,total,458848,False
2020-10-20,W,total,473902,False
2020-10-21,W,total,489128,False
2020-10-22,W,total,486836,False
2020-10-23,W,total,455246,False
2020-10-24,A,total,371359,False
2020-10-25,U,total,255538,False
2020-10-26,W,total,449442,False
2020-10-27,W,total,458073,False
2020-10-28,W,total,484376,False
2020-10-29,W,total,469702,False
2020-10-30,W,total,507004,False
2020-10-31,A,total,344965,False
2020-11-01,U,total,235830,False
2020-11-02,W,total,455842,False
2020-11-03,W,total,467464,False
2020-11-04,W,total,458051,False
2020-11-05,W,total,470270,False
2020-11-06,W,total,486006,False
2020-11-07,A,total,353127,False
2020-11-08,U,total,260737,False
2020-11-09,W,total,465224,False
2020-11-10,W,total,451505,False
2020-11-11,W,total,433957,False
2020-11-12,W,total,463993,False
2020-11-13,W,total,464889,False
2020-11-14,A,total,311191,False
2020-11-15,U,total,212053,False
2020-11-16,W,total,422951,False
2020-11-17,W,total,420728,False
2020-11-18,W,total,428576,False
2020-11-19,W,total,440834,False
2020-11-20,W,total,446904,False
2020-11-21,A,total,307051,False
2020-11-22,U,total,221488,False
2020-11-23,W,total,422000,False
2020-11-24,W,total,399619,False
2020-11-25,W,total,399491,False
2020-11-26,U,total,176309,False
2020-11-27,W,total,328570,False
2020-11-28,A,total,296001,False
2020-11-29,U,total,221958,False
2020-11-30,W,total,386227,False
2020-12-01,W,total,429270,False
2020-12-02,W,total,427528,False
2020-12-03,W,total,443437,False
2020-12-04,W,total,441508,False
2020-12-05,A,total,307377,False
2020-12-06,U,total,218421,False
2020-12-07,W,total,405900,False
2020-12-08,W,total,414284,False
2020-12-09,W,total,437089,False
2020-12-10,W,total,441827,False
2020-12-11,W,total,416113,False
2020-12-12,A,total,274066,False
2020-12-13,U,total,228724,False
2020-12-14,W,total,404977,False
2020-12-15,W,total,410195,False
2020-12-16,W,total,407797,False
2020-12-17,W,total,413166,False
2020-12-18,W,total,429409,False
2020-12-19,A,total,303376,False
2020-12-20,U,total,237868,False
2020-12-21,W,total,418588,False
2020-12-22,W,total,430051,False
2020-12-23,W,total,421462,False
2020-12-24,W,total,293789,True
2020-12-25,U,total,121644,True
2020-12-26,A,total,252087,False
2020-12-27,U,total,211713,False
2020-12-28,W,total,384869,False
2020-12-29,W,total,381995,False
2020-12-30,W,total,370666,False
2020-12-31,W,total,369125,False
2021-01-01,U,total,176192,True
2021-01-02,A,total,277911,False
2021-01-03,U,total,212831,False
2021-01-04,W,total,414986,False
2021-01-05,W,total,416238,False
2021-01-06,W,total,414386,False
2021-01-07,W,total,405432,False
2021-01-08,W,total,410008,False
2021-01-09,A,total,306465,False
2021-01-10,U,total,217279,False
2021-01-11,W,total,391970,False
2021-01-12,W,total,414748,False
2021-01-13,W,total,422536,False
2021-01-14,W,total,413381,False
2021-01-15,W,total,417916,False
2021-01-16,A,total,289833,False
2021-01-17,U,total,216493,False
2021-01-18,W,total,340835,True
2021-01-19,W,total,407724,False
2021-01-20,W,total,388951,False
2021-01-21,W,total,431984,False
2021-01-22,W,total,403328,False
2021-01-23,A,total,287491,False
2021-01-24,U,total,213534,False
2021-01-25,W,total,401400,False
2021-01-26,W,total,361570,False
2021-01-27,W,total,401180,False
2021-01-28,W,total,405411,False
2021-01-29,W,total,433878,False
2021-01-30,A,total,294386,False
2021-01-31,U,total,195366,False
2021-02-01,W,total,430722,False
2021-02-02,W,total,434419,False
2021-02-03,W,total,467975,False
2021-02-04,W,total,426108,False
2021-02-05,W,total,389982,False
2021-02-06,A,total,250502,False
2021-02-07,U,total,175096,False
2021-02-08,W,total,371897,False
2021-02-09,W,total,397836,False
2021-02-10,W,total,408481,False
2021-02-11,W,total,416056,False
2021-02-12,W,total,430028,False
2021-02-13,A,total,292287,False
2021-02-14,U,total,194673,False
2021-02-15,W,total,315170,True
2021-02-16,W,total,321027,True
2021-02-17,W,total,428758,False
2021-02-18,W,total,438418,False
2021-02-19,W,total,444684,False
2021-02-20,A,total,304168,False
2021-02-21,U,total,227327,False
2021-02-22,W,total,426904,False
2021-02-23,W,total,465842,False
2021-02-24,W,total,464093,False
2021-02-25,W,total,458171,False
2021-02-26,W,total,473782,False
2021-02-27,A,total,359678,False
2021-02-28,U,total,245208,False
2021-03-01,W,total,458932,False
2021-03-02,W,total,465138,False
2021-03-03,W,total,496976,False
2021-03-04,W,total,469191,False
2021-03-05,W,total,485400,False
2021-03-06,A,total,353741,False
2021-03-07,U,total,268977,False
2021-03-08,W,total,476779,False
2021-03-09,W,total,492208,False
2021-03-10,W,total,473810,False
2021-03-11,W,total,483178,False
2021-03-12,W,total,495675,False
2021-03-13,A,total,395742,False
2021-03-14,U,total,260686,False
2021-03-15,W,total,410808,False
2021-03-16,W,total,458754,False
2021-03-17,W,total,475863,False
2021-03-18,W,total,454335,False
2021-03-19,W,total,508772,False
2021-03-20,A,total,387769,False
2021-03-21,U,total,299091,False
2021-03-22,W,total,483957,False
2021-03-23,W,total,463511,False
2021-03-24,W,total,489351,False
2021-03-25,W,total,484468,False
2021-03-26,W,total,496641,False
2021-03-27,A,total,373645,False
2021-03-28,U,total,272716,False
2021-03-29,W,total,481699,False
2021-03-30,W,total,494806,False
2021-03-31,W,total,482476,False
2021-04-01,W,total,508681,False
2021-04-02,W,total,509746,False
2021-04-03,A,total,409566,False
2021-04-04,U,total,283619,False
2021-04-05,W,total,479830,False
2021-04-06,W,total,520459,False
2021-04-07,W,total,521581,False
2021-04-08,W,total,473709,False
2021-04-09,W,total,517527,False
2021-04-10,A,total,342807,False
2021-04-11,U,total,283444,False
2021-04-12,W,total,496482,False
2021-04-13,W,total,514332,False
2021-04-14,W,total,494527,False
2021-04-15,W,total,501056,False
2021-04-16,W,total,533230,False
2021-04-17,A,total,392473,False
2021-04-18,U,total,289845,False
2021-04-19,W,total,473015,False
2021-04-20,W,total,480079,False
2021-04-21,W,total,487030,False
2021-04-22,W,total,524496,False
2021-04-23,W,total,545691,False
2021-04-24,A,total,384074,False
2021-04-25,U,total,288608,False
2021-04-26,W,total,513411,False
2021-04-27,W,total,546100,False
2021-04-28,W,total,476258,False
2021-04-29,W,total,511505,False
2021-04-30,W,total,565495,False
2021-05-01,A,total,436644,False
2021-05-02,U,total,322131,False
2021-05-03,W,total,508787,False
2021-05-04,W,total,514161,False
2021-05-05,W,total,540442,False
2021-05-06,W,total,509998,False
2021-05-07,W,total,563205,False
2021-05-08,A,total,416954,False
2021-05-09,U,total,267180,True
2021-05-10,W,total,493719,False
2021-05-11,W,total,528112,False
2021-05-12,W,total,531064,False
2021-05-13,W,total,553503,False
2021-05-14,W,total,576780,False
2021-05-15,A,total,401510,False
2021-05-16,U,total,333349,False
2021-05-17,W,total,523353,False
2021-05-18,W,total,533572,False
2021-05-19,W,total,530392,False
2021-05-20,W,total,565636,False
2021-05-21,W,total,579997,False
2021-05-22,A,total,453190,False
2021-05-23,U,total,314450,False
2021-05-24,W,total,534814,False
2021-05-25,W,total,551050,False
2021-05-26,W,total,557789,False
2021-05-27,W,total,543673,False
2021-05-28,W,total,530750,False
2021-05-29,A,total,475763,False
2021-05-30,U,total,387682,False
2021-05-31,U,total,342781,False
2021-06-01,W,total,570853,False
2021-06-02,W,total,579447,False
2021-06-03,W,total,613559,False
2021-06-04,W,total,618929,False
2021-06-05,A,total,477159,False
2021-06-06,U,total,352818,False
2021-06-07,W,total,546749,False
2021-06-08,W,total,589695,False
2021-06-09,W,total,599377,False
2021-06-10,W,total,621239,False
2021-06-11,W,total,646958,False
2021-06-12,A,total,489409,False
2021-06-13,U,total,403974,False
2021-06-14,W,total,589644,False
2021-06-15,W,total,611403,False
2021-06-16,W,total,617147,False
2021-06-17,W,total,620086,False
2021-06-18,W,total,635626,False
2021-06-19,A,total,515000,False
2021-06-20,U,total,352900,False
2021-06-21,W,total,587480,False
2021-06-22,W,total,632595,False
2021-06-23,W,total,602540,False
2021-06-24,W,total,585626,False
2021-06-25,W,total,595757,False
2021-06-26,A,total,423469,False
2021-06-27,U,total,396785,False
2021-06-28,W,total,556342,False
2021-06-29,W,total,576135,False
2021-06-30,W,total,594600,False
2021-07-01,W,total,655570,False
2021-07-02,W,total,644141,False
2021-07-03,A,total,507571,False
2021-07-04,U,total,382256,False
2021-07-05,U,total,416226,False
2021-07-06,W,total,633526,False
2021-07-07,W,total,633397,False
2021-07-08,W,total,652397,False
2021-07-09,W,total,692787,False
2021-07-10,A,total,514515,False
2021-07-11,U,total,355273,False
2021-07-12,W,total,600978,False
2021-07-13,W,total,625805,False
2021-07-14,W,total,658276,False
2021-07-15,W,total,635423,False
2021-07-16,W,total,660079,False
2021-07-17,A,total,541780,False
2021-07-18,U,total,417565,False
2021-07-19,W,total,625953,False
2021-07-20,W,total,655049,False
2021-07-21,W,total,666671,False
2021-07-22,W,total,666423,False
2021-07-23,W,total,685158,False
2021-07-24,A,total,530941,False
2021-07-25,U,total,420444,False
2021-07-26,W,total,633502,False
2021-07-27,W,total,666376,False
2021-07-28,W,total,688817,False
2021-07-29,W,total,756857,False
2021-07-30,W,total,765313,False
2021-07-31,A,total,603531,False
2021-08-01,U,total,467565,False
2021-08-02,W,total,634395,False
2021-08-03,W,total,675416,False
2021-08-04,W,total,673134,False
2021-08-05,W,total,684964,False
2021-08-06,W,total,701830,False
2021-08-07,A,total,576592,False
2021-08-08,U,total,410997,False
2021-08-09,W,total,575067,False
2021-08-10,W,total,637315,False
2021-08-11,W,total,622926,False
2021-08-12,W,total,661821,False
2021-08-13,W,total,673649,False
2021-08-14,A,total,547055,False
2021-08-15,U,total,426829,False
2021-08-16,W,total,618572,False
2021-08-17,W,total,644414,False
2021-08-18,W,total,652995,False
2021-08-19,W,total,664920,False
2021-08-20,W,total,697684,False
2021-08-21,A,total,530910,False
2021-08-22,U,total,433663,False
2021-08-23,W,total,653156,False
2021-08-24,W,total,642389,False
2021-08-25,W,total,677294,False
2021-08-26,W,total,705056,False
2021-08-27,W,total,713692,False
2021-08-28,A,total,523217,False
2021-08-29,U,total,395523,False
2021-08-30,W,total,735440,False
2021-08-31,W,total,752396,False
2021-09-01,W,total,786855,False
2021-09-02,W,total,783462,False
2021-09-03,W,total,793784,False
2021-09-04,A,total,538601,False
2021-09-05,U,total,471086,False
2021-09-06,U,total,421531,False
2021-09-07,W,total,737792,False
2021-09-08,W,total,800202,False
2021-09-09,W,total,798224,False
2021-09-10,W,total,825188,False
2021-09-11,A,total,569030,False
2021-09-12,U,total,422909,False
2021-09-13,W,total,747081,False
2021-09-14,W,total,780777,False
2021-09-15,W,total,801918,False
2021-09-16,W,total,832749,False
2021-09-17,W,total,846885,False
2021-09-18,A,total,593149,False
2021-09-19,U,total,442578,False
2021-09-20,W,total,742199,False
2021-09-21,W,total,771541,False
2021-09-22,W,total,773405,False
2021-09-23,W,total,791811,False
2021-09-24,W,total,829102,False
2021-09-25,A,total,597442,False
2021-09-26,U,total,410338,False
2021-09-27,W,total,756666,False
2021-09-28,W,total,790121,False
2021-09-29,W,total,794320,False
2021-09-30,W,total,796270,False
2021-10-01,W,total,829499,False
2021-10-02,A,total,531967,False
2021-10-03,U,total,397884,False
2021-10-04,W,total,750825,False
2021-10-05,W,total,787010,False
2021-10-06,W,total,792160,False
2021-10-07,W,total,771505,False
2021-10-08,W,total,809903,False
2021-10-09,A,total,583425,False
2021-10-10,U,total,506982,True
2021-10-11,W,total,604747,True
2021-10-12,W,total,807249,False
2021-10-13,W,total,780571,False
2021-10-14,W,total,803451,False
2021-10-15,W,total,794472,False
2021-10-16,A,total,567907,False
2021-10-17,U,total,416315,False
2021-10-18,W,total,750904,False
2021-10-19,W,total,790465,False
2021-10-20,W,total,794609,False
2021-10-21,W,total,779418,False
2021-10-22,W,total,774976,False
2021-10-23,A,total,533292,False
2021-10-24,U,total,316416,False
2021-10-25,W,total,654345,True
2021-10-26,W,total,797971,False
2021-10-27,W,total,802905,False
2021-10-28,W,total,776307,False
2021-10-29,W,total,715693,False
2021-10-30,A,total,525069,False
2021-10-31,U,total,386661,False
2021-11-01,W,total,753933,False
2021-11-02,W,total,783030,False
2021-11-03,W,total,808799,False
2021-11-04,W,total,797070,False
2021-11-05,W,total,716689,False
2021-11-06,A,total,514680,False
2021-11-07,U,total,388931,False
2021-11-08,W,total,763790,False
2021-11-09,W,total,790124,False
2021-11-10,W,total,807188,False
2021-11-11,W,total,636519,True
2021-11-12,W,total,684176,False
2021-11-13,A,total,485237,False
2021-11-14,U,total,344976,False
2021-11-15,W,total,720657,False
2021-11-16,W,total,784981,False
2021-11-17,W,total,747933,False
2021-11-18,W,total,728169,False
2021-11-19,W,total,780449,False
2021-11-20,A,total,547791,False
2021-11-21,U,total,393554,False
2021-11-22,W,total,716231,False
2021-11-23,W,total,737838,False
2021-11-24,W,total,617143,False
2021-11-25,U,total,239788,True
2021-11-26,W,total,447394,True
2021-11-27,A,total,424904,False
2021-11-28,U,total,332647,False
2021-11-29,W,total,697412,False
2021-11-30,W,total,752579,False
2021-12-01,W,total,773688,False
2021-12-02,W,total,790583,False
2021-12-03,W,total,780573,False
2021-12-04,A,total,519873,False
2021-12-05,U,total,326362,False
2021-12-06,W,total,698222,False
2021-12-07,W,total,699173,False
2021-12-08,W,total,740540,False
2021-12-09,W,total,752245,False
2021-12-10,W,total,722722,False
2021-12-11,A,total,475463,False
2021-12-12,U,total,365669,False
2021-12-13,W,total,697670,False
2021-12-14,W,total,737234,False
2021-12-15,W,total,741191,False
2021-12-16,W,total,722250,False
2021-12-17,W,total,687475,False
2021-12-18,A,total,440116,False
2021-12-19,U,total,344227,False
2021-12-20,W,total,581951,False
2021-12-21,W,total,568685,False
2021-12-22,W,total,523693,False
2021-12-23,W,total,504753,False
2021-12-24,U,total,334291,False
2021-12-25,A,total,165197,True
2021-12-26,U,total,266627,False
2021-12-27,W,total,447549,False
2021-12-28,W,total,441438,False
2021-12-29,W,total,486158,False
2021-12-30,W,total,489875,False
2021-12-31,U,total,390632,False
2022-01-01,A,total,232054,False
2022-01-02,U,total,255170,False
2022-01-03,W,total,493620,False
2022-01-04,W,total,546126,False
2022-01-05,W,total,438857,False
2022-01-06,W,total,432448,False
2022-01-07,W,total,418258,False
2022-01-08,A,total,324413,False
2022-01-09,U,total,241743,False
2022-01-10,W,total,449749,False
2022-01-11,W,total,490178,False
2022-01-12,W,total,578558,False
2022-01-13,W,total,582743,False
2022-01-14,W,total,579403,False
2022-01-15,A,total,355332,False
2022-01-16,U,total,275342,False
2022-01-17,W,total,408103,False
2022-01-18,W,total,634302,False
2022-01-19,W,total,609528,False
2022-01-20,W,total,570671,False
2022-01-21,W,total,588672,False
2022-01-22,A,total,367067,False
2022-01-23,U,total,262799,False
2022-01-24,W,total,587662,False
2022-01-25,W,total,586267,False
2022-01-26,W,total,529201,False
2022-01-27,W,total,643500,False
2022-01-28,W,total,540286,False
2022-01-29,A,total,377234,False
2022-01-30,U,total,278928,False
2022-01-31,W,total,658502,False
2022-02-01,W,total,712041,False
2022-02-02,W,total,441936,False
2022-02-03,W,total,574029,False
2022-02-04,W,total,655365,False
2022-02-05,A,total,392605,False
2022-02-06,U,total,305022,False
2022-02-07,W,total,663635,False
2022-02-08,W,total,711398,False
2022-02-09,W,total,716830,False
2022-02-10,W,total,710359,False
2022-02-11,W,total,682862,False
2022-02-12,A,total,414086,False
2022-02-13,U,total,309010,False
2022-02-14,W,total,661195,False
2022-02-15,W,total,717419,False
2022-02-16,W,total,722563,False
2022-02-17,W,total,625237,False
2022-02-18,W,total,652777,False
2022-02-19,A,total,408181,False
2022-02-20,U,total,340503,False
2022-02-21,W,total,549742,True
2022-02-22,W,total,678554,False
2022-02-23,W,total,723208,False
2022-02-24,W,total,707797,False
2022-02-25,W,total,690169,False
2022-02-26,A,total,450718,False
2022-02-27,U,total,337355,False
2022-02-28,W,total,709702,False
2022-03-01,W,total,769498,False
2022-03-02,W,total,766318,False
2022-03-03,W,total,752249,False
2022-03-04,W,total,726139,False
2022-03-05,A,total,512995,False
2022-03-06,U,total,336276,False
2022-03-07,W,total,660975,False
2022-03-08,W,total,768072,False
2022-03-09,W,total,777320,False
2022-03-10,W,total,755156,False
2022-03-11,W,total,717240,False
2022-03-12,A,total,535398,True
2022-03-13,U,total,369700,False
2022-03-14,W,total,742726,False
2022-03-15,W,total,785824,False
2022-03-16,W,total,813420,False
2022-03-17,W,total,800001,False
2022-03-18,W,total,697279,False
2022-03-19,A,total,454681,False
2022-03-20,U,total,403877,False
2022-03-21,W,total,745529,False
2022-03-22,W,total,723719,False
2022-03-23,W,total,696581,False
2022-03-24,W,total,732076,False
2022-03-25,W,total,722398,False
2022-03-26,A,total,433224,False
2022-03-27,U,total,341082,False
2022-03-28,W,total,726429,False
2022-03-29,W,total,769559,False
2022-03-30,W,total,725315,False
2022-03-31,W,total,760542,False
2022-04-01,W,total,799513,False
2022-04-02,A,total,458427,False
2022-04-03,U,total,372776,False
2022-04-04,W,total,748471,False
2022-04-05,W,total,808939,False
2022-04-06,W,total,798326,False
2022-04-07,W,total,815641,False
2022-04-08,W,total,699337,False
2022-04-09,A,total,515695,False
2022-04-10,U,total,406249,False
2022-04-11,W,total,664583,False
2022-04-12,W,total,749486,False
2022-04-13,W,total,666511,False
2022-04-14,W,total,724726,False
2022-04-15,W,total,644215,False
2022-04-16,A,total,490488,False
2022-04-17,U,total,323575,False
2022-04-18,W,total,695701,False
2022-04-19,W,total,786168,False
2022-04-20,W,total,776620,False
2022-04-21,W,total,794918,False
2022-04-22,W,total,709463,False
2022-04-23,A,total,590891,False
2022-04-24,U,total,355206,False
2022-04-25,W,total,748466,False
2022-04-26,W,total,799795,False
2022-04-27,W,total,798846,False
2022-04-28,W,total,790775,False
2022-04-29,W,total,796940,False
2022-04-30,A,total,469133,False
2022-05-01,U,total,376871,False
2022-05-02,W,total,744968,False
2022-05-03,W,total,731277,False
2022-05-04,W,total,844662,False
2022-05-05,W,total,793785,False
2022-05-06,W,total,728087,False
2022-05-07,A,total,571442,False
2022-05-08,U,total,372108,False
2022-05-09,W,total,752782,False
2022-05-10,W,total,822502,False
2022-05-11,W,total,814350,False
2022-05-12,W,total,820984,False
2022-05-13,W,total,802880,False
2022-05-14,A,total,552405,False
2022-05-15,U,total,382913,False
2022-05-16,W,total,765480,False
2022-05-17,W,total,816709,False
2022-05-18,W,total,775572,False
2022-05-19,W,total,837918,False
2022-05-20,W,total,779205,False
2022-05-21,A,total,477735,False
2022-05-22,U,total,414758,False
2022-05-23,W,total,754416,False
2022-05-24,W,total,820361,False
2022-05-25,W,total,781663,False
2022-05-26,W,total,799922,False
2022-05-27,W,total,735290,False
2022-05-28,A,total,579761,False
2022-05-29,U,total,485992,False
2022-05-30,U,total,446286,False
2022-05-31,W,total,794926,False
2022-06-01,W,total,843690,False
2022-06-02,W,total,847944,False
2022-06-03,W,total,848796,False
2022-06-04,A,total,560908,False
2022-06-05,U,total,447260,False
2022-06-06,W,total,729832,False
2022-06-07,W,total,841719,False
2022-06-08,W,total,783073,False
2022-06-09,W,total,847776,False
2022-06-10,W,total,778398,False
2022-06-11,A,total,576420,False
2022-06-12,U,total,417935,False
2022-06-13,W,total,740303,False
2022-06-14,W,total,812977,False
2022-06-15,W,total,774390,False
2022-06-16,W,total,793443,False
2022-06-17,W,total,795020,False
2022-06-18,A,total,624031,False
2022-06-19,U,total,453214,False
2022-06-20,W,total,623655,True
2022-06-21,W,total,748688,False
2022-06-22,W,total,780353,False
2022-06-23,W,total,788251,False
2022-06-24,W,total,782974,False
2022-06-25,A,total,536269,False
2022-06-26,U,total,530106,True
2022-06-27,W,total,714953,False
2022-06-28,W,total,793924,False
2022-06-29,W,total,798610,False
2022-06-30,W,total,788609,False
2022-07-01,W,total,746184,False
2022-07-02,A,total,586951,False
2022-07-03,U,total,455892,False
2022-07-04,U,total,359758,False
2022-07-05,W,total,684511,False
2022-07-06,W,total,753588,False
2022-07-07,W,total,775300,False
2022-07-08,W,total,737898,False
2022-07-09,A,total,602761,False
2022-07-10,U,total,437330,False
2022-07-11,W,total,700657,False
2022-07-12,W,total,812185,False
2022-07-13,W,total,820166,False
2022-07-14,W,total,824199,False
2022-07-15,W,total,692912,False
2022-07-16,A,total,601770,False
2022-07-17,U,total,421259,False
2022-07-18,W,total,732028,False
2022-07-19,W,total,788959,False
2022-07-20,W,total,793644,False
2022-07-21,W,total,788361,False
2022-07-22,W,total,750407,False
2022-07-23,A,total,540687,False
2022-07-24,U,total,412184,False
2022-07-25,W,total,738399,False
2022-07-26,W,total,813311,False
2022-07-27,W,total,786326,False
2022-07-28,W,total,829245,False
2022-07-29,W,total,809653,False
2022-07-30,A,total,631440,False
2022-07-31,U,total,477088,False
2022-08-01,W,total,738724,False
2022-08-02,W,total,787627,False
2022-08-03,W,total,752007,False
2022-08-04,W,total,791127,False
2022-08-05,W,total,802946,False
2022-08-06,A,total,583076,False
2022-08-07,U,total,395386,False
2022-08-08,W,total,667621,False
2022-08-09,W,total,806854,False
2022-08-10,W,total,801563,False
2022-08-11,W,total,782673,False
2022-08-12,W,total,750912,False
2022-08-13,A,total,549199,False
2022-08-14,U,total,403837,False
2022-08-15,W,total,735385,False
2022-08-16,W,total,781356,False
2022-08-17,W,total,787037,False
2022-08-18,W,total,790304,False
2022-08-19,W,total,806322,False
2022-08-20,A,total,539769,False
2022-08-21,U,total,456881,False
2022-08-22,W,total,806958,False
2022-08-23,W,total,880215,True
2022-08-24,W,total,879168,True
2022-08-25,W,total,858470,False
2022-08-26,W,total,843625,False
2022-08-27,A,total,562693,False
2022-08-28,U,total,408553,False
2022-08-29,W,total,761214,True
2022-08-30,W,total,891765,False
2022-08-31,W,total,888045,False
2022-09-01,W,total,897822,False
2022-09-02,W,total,868391,False
2022-09-03,A,total,620321,False
2022-09-04,U,total,456791,False
2022-09-05,U,total,417557,False
2022-09-06,W,total,889161,False
2022-09-07,W,total,922732,False
2022-09-08,W,total,920901,False
2022-09-09,W,total,879186,False
2022-09-10,A,total,621620,False
2022-09-11,U,total,355898,False
2022-09-12,W,total,823721,False
2022-09-13,W,total,918312,False
2022-09-14,W,total,926839,False
2022-09-15,W,total,935374,False
2022-09-16,W,total,940532,False
2022-09-17,A,total,657928,False
2022-09-18,U,total,479015,False
2022-09-19,W,total,845504,False
2022-09-20,W,total,909388,False
2022-09-21,W,total,930515,False
2022-09-22,W,total,928855,False
2022-09-23,W,total,813671,True
2022-09-24,A,total,585145,False
2022-09-25,U,total,425634,False
2022-09-26,W,total,835610,False
2022-09-27,W,total,920325,False
2022-09-28,W,total,929753,False
2022-09-29,W,total,920445,False
2022-09-30,W,total,889663,False
2022-10-01,A,total,610548,False
2022-10-02,U,total,429281,False
2022-10-03,W,total,869709,False
2022-10-04,W,total,926737,False
2022-10-05,W,total,921786,False
2022-10-06,W,total,936316,False
2022-10-07,W,total,883550,False
2022-10-08,A,total,627432,False
2022-10-09,U,total,559300,True
2022-10-10,W,total,745523,False
2022-10-11,W,total,914134,False
2022-10-12,W,total,882793,False
2022-10-13,W,total,953270,False
2022-10-14,W,total,873638,False
2022-10-15,A,total,597374,False
2022-10-16,U,total,419271,False
2022-10-17,W,total,803577,False
2022-10-18,W,total,871703,False
2022-10-19,W,total,903987,False
2022-10-20,W,total,890844,False
2022-10-21,W,total,806704,False
2022-10-22,A,total,583237,False
2022-10-23,U,total,428836,False
2022-10-24,W,total,841879,False
2022-10-25,W,total,848201,False
2022-10-26,W,total,933329,False
2022-10-27,W,total,923955,False
2022-10-28,W,total,854827,False
2022-10-29,A,total,565586,False
2022-10-30,U,total,395165,False
2022-10-31,W,total,773804,False
2022-11-01,W,total,913818,False
2022-11-02,W,total,912247,False
2022-11-03,W,total,930247,False
2022-11-04,W,total,835430,False
2022-11-05,A,total,510512,False
2022-11-06,U,total,432710,False
2022-11-07,W,total,847300,False
2022-11-08,W,total,788712,False
2022-11-09,W,total,906375,False
2022-11-10,W,total,931419,False
2022-11-11,W,total,788113,False
2022-11-12,A,total,517471,False
2022-11-13,U,total,401072,False
2022-11-14,W,total,810142,False
2022-11-15,W,total,845926,False
2022-11-16,W,total,868403,False
2022-11-17,W,total,857318,False
2022-11-18,W,total,786185,False
2022-11-19,A,total,484970,False
2022-11-20,U,total,367840,False
2022-11-21,W,total,723167,False
2022-11-22,W,total,749167,False
2022-11-23,W,total,673878,False
2022-11-24,U,total,272186,False
2022-11-25,W,total,521787,False
2022-11-26,A,total,490004,False
2022-11-27,U,total,336812,False
2022-11-28,W,total,779592,False
2022-11-29,W,total,838562,False
2022-11-30,W,total,813275,False
2022-12-01,W,total,845791,False
2022-12-02,W,total,817935,False
2022-12-03,A,total,538461,False
2022-12-04,U,total,394522,False
2022-12-05,W,total,774326,False
2022-12-06,W,total,835376,False
2022-12-07,W,total,850020,False
2022-12-08,W,total,845415,False
2022-12-09,W,total,744495,False
2022-12-10,A,total,551605,False
2022-12-11,U,total,399190,False
2022-12-12,W,total,771009,False
2022-12-13,W,total,839123,False
2022-12-14,W,total,794836,False
2022-12-15,W,total,837889,False
2022-12-16,W,total,756387,False
2022-12-17,A,total,495234,False
2022-12-18,U,total,374047,False
2022-12-19,W,total,694054,False
2022-12-20,W,total,760008,False
2022-12-21,W,total,742954,False
2022-12-22,W,total,546260,False
2022-12-23,W,total,261890,True
2022-12-24,A,total,244846,True
2022-12-25,U,total,140554,True
2022-12-26,U,total,328373,False
2022-12-27,W,total,517792,False
2022-12-28,W,total,533545,False
2022-12-29,W,total,578445,False
2022-12-30,W,total,607966,False
2022-12-31,A,total,438529,False
2023-01-01,U,total,305265,False
2023-01-02,U,total,419921,False
2023-01-03,W,total,659093,False
2023-01-04,W,total,690930,False
2023-01-05,W,total,676946,False
2023-01-06,W,total,630559,False
2023-01-07,A,total,456563,False
2023-01-08,U,total,354774,False
2023-01-09,W,total,746268,False
2023-01-10,W,total,845384,False
2023-01-11,W,total,842594,False
2023-01-12,W,total,814850,False
2023-01-13,W,total,735402,False
2023-01-14,A,total,490174,False
2023-01-15,U,total,374527,False
2023-01-16,W,total,492201,True
2023-01-17,W,total,841688,False
2023-01-18,W,total,842285,False
2023-01-19,W,total,826521,False
2023-01-20,W,total,754198,False
2023-01-21,A,total,482289,False
2023-01-22,U,total,342347,False
2023-01-23,W,total,776140,False
2023-01-24,W,total,860927,False
2023-01-25,W,total,799724,False
2023-01-26,W,total,834495,False
2023-01-27,W,total,725579,False
2023-01-28,A,total,461337,False
2023-01-29,U,total,344093,False
2023-01-30,W,total,704941,False
2023-01-31,W,total,739237,False
2023-02-01,W,total,821096,False
2023-02-02,W,total,827474,False
2023-02-03,W,total,615077,False
2023-02-04,A,total,484401,False
2023-02-05,U,total,376187,False
2023-02-06,W,total,793736,False
2023-02-07,W,total,861126,False
2023-02-08,W,total,865664,False
2023-02-09,W,total,783567,False
2023-02-10,W,total,769760,False
2023-02-11,A,total,487828,False
2023-02-12,U,total,368935,False
2023-02-13,W,total,776139,False
2023-02-14,W,total,866177,False
2023-02-15,W,total,845013,False
2023-02-16,W,total,775513,False
2023-02-17,W,total,744892,False
2023-02-18,A,total,521089,False
2023-02-19,U,total,409032,False
2023-02-20,W,total,622633,False
2023-02-21,W,total,861321,False
2023-02-22,W,total,765358,False
2023-02-23,W,total,850364,False
2023-02-24,W,total,771621,False
2023-02-25,A,total,513824,False
2023-02-26,U,total,399091,False
2023-02-27,W,total,723042,False
2023-02-28,W,total,866435,False
2023-03-01,W,total,895434,False
2023-03-02,W,total,858414,False
2023-03-03,W,total,727039,False
2023-03-04,A,total,542026,False
2023-03-05,U,total,402294,False
2023-03-06,W,total,773719,False
2023-03-07,W,total,891354,False
2023-03-08,W,total,881367,False
2023-03-09,W,total,850797,False
2023-03-10,W,total,778838,False
2023-03-11,A,total,667880,False
2023-03-12,U,total,375039,False
2023-03-13,W,total,766654,False
2023-03-14,W,total,890822,False
2023-03-15,W,total,903329,False
2023-03-16,W,total,860110,False
2023-03-17,W,total,754616,False
2023-03-18,A,total,483920,False
2023-03-19,U,total,396602,False
2023-03-20,W,total,778652,False
2023-03-21,W,total,858057,False
2023-03-22,W,total,839640,False
2023-03-23,W,total,832081,False
2023-03-24,W,total,781817,False
2023-03-25,A,total,489746,False
2023-03-26,U,total,402391,False
2023-03-27,W,total,813551,False
2023-03-28,W,total,887343,False
2023-03-29,W,total,823622,False
2023-03-30,W,total,905741,False
2023-03-31,W,total,777513,False
2023-04-01,A,total,550502,False
2023-04-02,U,total,452443,False
2023-04-03,W,total,743546,False
2023-04-04,W,total,753448,False
2023-04-05,W,total,774637,False
2023-04-06,W,total,812995,False
2023-04-07,W,total,732579,False
2023-04-08,A,total,577774,False
2023-04-09,U,total,405795,False
2023-04-10,W,total,817184,False
2023-04-11,W,total,927821,False
2023-04-12,W,total,905806,False
2023-04-13,W,total,927516,False
2023-04-14,W,total,872304,False
2023-04-15,A,total,615046,False
2023-04-16,U,total,387571,False
2023-04-17,W,total,768607,False
2023-04-18,W,total,902337,False
2023-04-19,W,total,907370,False
2023-04-20,W,total,910265,False
2023-04-21,W,total,866423,False
2023-04-22,A,total,569627,False
2023-04-23,U,total,420112,False
2023-04-24,W,total,830940,False
2023-04-25,W,total,894924,False
2023-04-26,W,total,927849,False
2023-04-27,W,total,928632,False
2023-04-28,W,total,843574,False
2023-04-29,A,total,555554,False
2023-04-30,U,total,404240,False
2023-05-01,W,total,797978,False
2023-05-02,W,total,902784,False
2023-05-03,W,total,936693,False
2023-05-04,W,total,934223,False
2023-05-05,W,total,886427,False
2023-05-06,A,total,613966,False
2023-05-07,U,total,479683,False
2023-05-08,W,total,795034,False
2023-05-09,W,total,944421,False
2023-05-10,W,total,942488,False
2023-05-11,W,total,918744,False
2023-05-12,W,total,810289,False
2023-05-13,A,total,565322,False
2023-05-14,U,total,389727,False
2023-05-15,W,total,807041,False
2023-05-16,W,total,918093,False
2023-05-17,W,total,910033,False
2023-05-18,W,total,915440,False
2023-05-19,W,total,823441,False
2023-05-20,A,total,595964,False
2023-05-21,U,total,466060,False
2023-05-22,W,total,832900,False
2023-05-23,W,total,944440,False
2023-05-24,W,total,936897,False
2023-05-25,W,total,923108,False
2023-05-26,W,total,854016,False
2023-05-27,A,total,631925,False
2023-05-28,U,total,520542,False
2023-05-29,U,total,479385,False
2023-05-30,W,total,900349,False
2023-05-31,W,total,906580,False
2023-06-01,W,total,937365,False
2023-06-02,W,total,900476,False
2023-06-03,A,total,672560,False
2023-06-04,U,total,516813,False
2023-06-05,W,total,861073,False
2023-06-06,W,total,911317,False
2023-06-07,W,total,926031,False
2023-06-08,W,total,880538,False
2023-06-09,W,total,858084,False
2023-06-10,A,total,699882,False
2023-06-11,U,total,433278,False
2023-06-12,W,total,784994,False
2023-06-13,W,total,825859,False
2023-06-14,W,total,886097,False
2023-06-15,W,total,881406,False
2023-06-16,W,total,815083,False
2023-06-17,A,total,668774,False
2023-06-18,U,total,493809,False
2023-06-19,W,total,646147,True
2023-06-20,W,total,863628,False
2023-06-21,W,total,897176,False
2023-06-22,W,total,888392,False
2023-06-23,W,total,853348,False
2023-06-24,A,total,668200,False
2023-06-25,U,total,553943,False
2023-06-26,W,total,769007,False
2023-06-27,W,total,892483,False
2023-06-28,W,total,888765,False
2023-06-29,W,total,864266,False
2023-06-30,W,total,851956,False
2023-07-01,A,total,646480,False
2023-07-02,U,total,362557,False
2023-07-03,W,total,738116,False
2023-07-04,U,total,477533,False
2023-07-05,W,total,772673,False
2023-07-06,W,total,870485,False
2023-07-07,W,total,826866,False
2023-07-08,A,total,612201,False
2023-07-09,U,total,486649,False
2023-07-10,W,total,816423,False
2023-07-11,W,total,856016,False
2023-07-12,W,total,797225,False
2023-07-13,W,total,900426,False
2023-07-14,W,total,850250,False
2023-07-15,A,total,647282,False
2023-07-16,U,total,515658,False
2023-07-17,W,total,829935,False
2023-07-18,W,total,910835,False
2023-07-19,W,total,917791,False
2023-07-20,W,total,916683,False
2023-07-21,W,total,874513,False
2023-07-22,A,total,673837,False
2023-07-23,U,total,535466,False
2023-07-24,W,total,813002,False
2023-07-25,W,total,891908,False
2023-07-26,W,total,849628,False
2023-07-27,W,total,887744,False
2023-07-28,W,total,781359,False
2023-07-29,A,total,651265,False
2023-07-30,U,total,505432,False
2023-07-31,W,total,803219,False
2023-08-01,W,total,917972,False
2023-08-02,W,total,942941,False
2023-08-03,W,total,1002159,False
2023-08-04,W,total,949360,False
2023-08-05,A,total,684776,False
2023-08-06,U,total,563060,False
2023-08-07,W,total,814092,False
2023-08-08,W,total,897740,False
2023-08-09,W,total,896333,False
2023-08-10,W,total,889888,False
2023-08-11,W,total,842457,False
2023-08-12,A,total,685554,False
2023-08-13,U,total,504303,False
2023-08-14,W,total,699424,True
2023-08-15,W,total,882530,False
2023-08-16,W,total,908678,False
2023-08-17,W,total,850583,False
2023-08-18,W,total,857280,False
2023-08-19,A,total,684794,False
2023-08-20,U,total,535503,False
2023-08-21,W,total,895168,False
2023-08-22,W,total,954794,False
2023-08-23,W,total,896874,False
2023-08-24,W,total,866805,False
2023-08-25,W,total,928331,False
2023-08-26,A,total,635127,False
2023-08-27,U,total,508516,False
2023-08-28,W,total,938370,False
2023-08-29,W,total,1004460,False
2023-08-30,W,total,1009981,False
2023-08-31,W,total,992459,False
2023-09-01,W,total,972486,False
2023-09-02,A,total,675757,False
2023-09-03,U,total,558282,False
2023-09-04,U,total,513517,False
2023-09-05,W,total,995210,False
2023-09-06,W,total,1003688,False
2023-09-07,W,total,1040143,False
2023-09-08,W,total,952545,False
2023-09-09,A,total,708625,False
2023-09-10,U,total,545114,False
2023-09-11,W,total,861187,True
2023-09-12,W,total,1035645,False
2023-09-13,W,total,1025053,False
2023-09-14,W,total,1024759,False
2023-09-15,W,total,998884,False
2023-09-16,A,total,692914,False
2023-09-17,U,total,471761,False
2023-09-18,W,total,942841,False
2023-09-19,W,total,988316,False
2023-09-20,W,total,1046433,False
2023-09-21,W,total,1031136,False
2023-09-22,W,total,926655,False
2023-09-23,A,total,694588,False
2023-09-24,U,total,524914,False
2023-09-25,W,total,923202,False
2023-09-26,W,total,981791,False
2023-09-27,W,total,1011016,False
2023-09-28,W,total,1035297,False
2023-09-29,W,total,979222,False
2023-09-30,A,total,692379,False
2023-10-01,U,total,533321,False
2023-10-02,W,total,954964,False
2023-10-03,W,total,1053955,False
2023-10-04,W,total,1056410,False
2023-10-05,W,total,1032644,False
2023-10-06,W,total,987806,False
2023-10-07,A,total,721124,False
2023-10-08,U,total,656406,True
2023-10-09,W,total,819234,False
2023-10-10,W,total,1044594,False
2023-10-11,W,total,1040613,False
2023-10-12,W,total,1001685,False
2023-10-13,W,total,893448,False
2023-10-14,A,total,604944,False
2023-10-15,U,total,516521,False
2023-10-16,W,total,926491,False
2023-10-17,W,total,1027497,False
2023-10-18,W,total,1034448,False
2023-10-19,W,total,1013562,False
2023-10-20,W,total,958233,False
2023-10-21,A,total,674086,False
2023-10-22,U,total,508746,False
2023-10-23,W,total,934718,False
2023-10-24,W,total,1033640,False
2023-10-25,W,total,997522,False
2023-10-26,W,total,947619,False
2023-10-27,W,total,876844,False
2023-10-28,A,total,635490,False
2023-10-29,U,total,436296,False
2023-10-30,W,total,919293,False
2023-10-31,W,total,910179,False
2023-11-01,W,total,986420,False
2023-11-02,W,total,998874,False
2023-11-03,W,total,937355,False
2023-11-04,A,total,681926,False
2023-11-05,U,total,497103,False
2023-11-06,W,total,944143,False
2023-11-07,W,total,1012867,False
2023-11-08,W,total,1000411,False
2023-11-09,W,total,1042184,False
2023-11-10,W,total,813113,False
2023-11-11,A,total,620955,False
2023-11-12,U,total,489286,False
2023-11-13,W,total,928831,False
2023-11-14,W,total,1005137,False
2023-11-15,W,total,1010218,False
2023-11-16,W,total,996164,False
2023-11-17,W,total,963451,False
2023-11-18,A,total,663908,False
2023-11-19,U,total,479777,False
2023-11-20,W,total,806125,False
2023-11-21,W,total,804934,False
2023-11-22,W,total,742075,False
2023-11-23,U,total,316257,True
2023-11-24,W,total,550356,False
2023-11-25,A,total,523339,False
2023-11-26,U,total,380232,False
2023-11-27,W,total,831721,False
2023-11-28,W,total,891553,False
2023-11-29,W,total,940544,False
2023-11-30,W,total,956197,False
2023-12-01,W,total,853271,False
2023-12-02,A,total,619375,False
2023-12-03,U,total,441790,False
2023-12-04,W,total,875583,False
2023-12-05,W,total,941065,False
2023-12-06,W,total,962534,False
2023-12-07,W,total,984807,False
2023-12-08,W,total,934270,False
2023-12-09,A,total,652530,False
2023-12-10,U,total,460520,False
2023-12-11,W,total,843720,False
2023-12-12,W,total,935068,False
2023-12-13,W,total,938357,False
2023-12-14,W,total,943683,False
2023-12-15,W,total,887376,False
2023-12-16,A,total,552750,False
2023-12-17,U,total,456220,False
2023-12-18,W,total,805485,False
2023-12-19,W,total,870217,False
2023-12-20,W,total,884471,False
2023-12-21,W,total,844760,False
2023-12-22,W,total,686021,False
2023-12-23,A,total,548333,False
2023-12-24,U,total,388970,False
2023-12-25,U,total,225639,False
2023-12-26,W,total,569123,False
2023-12-27,W,total,655283,False
2023-12-28,W,total,646252,False
2023-12-29,W,total,677432,False
2023-12-30,A,total,553108,False
2023-12-31,U,total,437348,False
2024-01-01,U,total,358731,False
2024-01-02,W,total,695600,False
2024-01-03,W,total,758650,False
2024-01-04,W,total,777714,False
2024-01-05,W,total,726385,False
2024-01-06,A,total,505855,False
2024-01-07,U,total,401345,False
2024-01-08,W,total,844015,False
2024-01-09,W,total,808690,False
2024-01-10,W,total,918328,False
2024-01-11,W,total,930833,False
2024-01-12,W,total,607596,False
2024-01-13,A,total,469861,False
2024-01-14,U,total,239781,True
2024-01-15,W,total,333860,False
2024-01-16,W,total,466417,False
2024-01-17,W,total,789591,False
2024-01-18,W,total,883472,False
2024-01-19,W,total,756636,False
2024-01-20,A,total,493261,False
2024-01-21,U,total,374316,False
2024-01-22,W,total,854857,False
2024-01-23,W,total,891249,False
2024-01-24,W,total,938918,False
2024-01-25,W,total,945284,False
2024-01-26,W,total,864565,False
2024-01-27,A,total,571101,False
2024-01-28,U,total,413539,False
2024-01-29,W,total,886325,False
2024-01-30,W,total,960015,False
2024-01-31,W,total,968558,False
2024-02-01,W,total,994944,False
2024-02-02,W,total,888212,False
2024-02-03,A,total,602575,False
2024-02-04,U,total,442993,False
2024-02-05,W,total,897881,False
2024-02-06,W,total,986496,False
2024-02-07,W,total,984460,False
2024-02-08,W,total,976084,False
2024-02-09,W,total,849222,False
2024-02-10,A,total,605311,False
2024-02-11,U,total,443268,False
2024-02-12,W,total,859251,False
2024-02-13,W,total,994841,False
2024-02-14,W,total,992641,False
2024-02-15,W,total,955864,False
2024-02-16,W,total,859033,False
2024-02-17,A,total,565299,False
2024-02-18,U,total,469883,False
2024-02-19,W,total,689228,True
2024-02-20,W,total,980579,False
2024-02-21,W,total,996156,False
2024-02-22,W,total,984333,False
2024-02-23,W,total,887808,False
2024-02-24,A,total,570422,False
2024-02-25,U,total,455660,False
2024-02-26,W,total,908046,False
2024-02-27,W,total,979779,False
2024-02-28,W,total,924270,False
2024-02-29,W,total,963955,False
2024-03-01,W,total,905305,False
2024-03-02,A,total,642263,False
2024-03-03,U,total,483486,False
2024-03-04,W,total,890158,False
2024-03-05,W,total,953828,False
2024-03-06,W,total,988677,False
2024-03-07,W,total,971263,False
2024-03-08,W,total,803226,False
2024-03-09,A,total,625049,False
2024-03-10,U,total,458792,False
2024-03-11,W,total,919652,False
2024-03-12,W,total,1010703,False
2024-03-13,W,total,1013467,False
2024-03-14,W,total,932670,False
2024-03-15,W,total,953153,False
2024-03-16,A,total,898430,True
2024-03-17,U,total,487735,False
2024-03-18,W,total,881664,False
2024-03-19,W,total,980126,False
2024-03-20,W,total,976933,False
2024-03-21,W,total,948219,False
2024-03-22,W,total,809723,False
2024-03-23,A,total,622520,False
2024-03-24,U,total,485457,False
2024-03-25,W,total,793990,False
2024-03-26,W,total,873923,False
2024-03-27,W,total,879866,False
2024-03-28,W,total,887633,False
2024-03-29,W,total,793551,False
2024-03-30,A,total,619562,False
2024-03-31,U,total,410467,False
2024-04-01,W,total,812843,False
2024-04-02,W,total,964009,False
2024-04-03,W,total,968123,False
2024-04-04,W,total,976787,False
2024-04-05,W,total,952334,False
2024-04-06,A,total,683962,False
2024-04-07,U,total,442299,False
2024-04-08,W,total,913049,False
2024-04-09,W,total,994316,False
2024-04-10,W,total,1010179,False
2024-04-11,W,total,954295,False
2024-04-12,W,total,948475,False
2024-04-13,A,total,693734,False
2024-04-14,U,total,538718,False
2024-04-15,W,total,957608,False
2024-04-16,W,total,1004997,False
2024-04-17,W,total,1008558,False
2024-04-18,W,total,1024075,False
2024-04-19,W,total,975135,False
2024-04-20,A,total,686607,False
2024-04-21,U,total,510829,False
2024-04-22,W,total,929396,False
2024-04-23,W,total,1010049,False
2024-04-24,W,total,1015994,False
2024-04-25,W,total,1044067,False
2024-04-26,W,total,909424,False
2024-04-27,A,total,705930,False
2024-04-28,U,total,490070,False
2024-04-29,W,total,906090,False
2024-04-30,W,total,1041598,False
2024-05-01,W,total,1061358,False
2024-05-02,W,total,1009308,False
2024-05-03,W,total,996678,False
2024-05-04,A,total,717875,False
2024-05-05,U,total,544176,False
2024-05-06,W,total,977099,False
2024-05-07,W,total,984827,False
2024-05-08,W,total,1068795,False
2024-05-09,W,total,975787,False
2024-05-10,W,total,970094,False
2024-05-11,A,total,689757,False
2024-05-12,U,total,521950,False
2024-05-13,W,total,899845,False
2024-05-14,W,total,1008736,False
2024-05-15,W,total,1035065,False
2024-05-16,W,total,1036008,False
2024-05-17,W,total,997447,False
2024-05-18,A,total,746174,False
2024-05-19,U,total,580125,False
2024-05-20,W,total,927768,False
2024-05-21,W,total,1062496,False
2024-05-22,W,total,1071247,False
2024-05-23,W,total,1067308,False
2024-05-24,W,total,926092,False
2024-05-25,A,total,762349,False
2024-05-26,U,total,500087,False
2024-05-27,U,total,511834,False
2024-05-28,W,total,981313,False
2024-05-29,W,total,1035494,False
2024-05-30,W,total,1029048,False
2024-05-31,W,total,1001902,False
2024-06-01,A,total,616771,False
2024-06-02,U,total,604112,False
2024-06-03,W,total,972273,False
2024-06-04,W,total,1046035,False
2024-06-05,W,total,1052756,False
2024-06-06,W,total,1046898,False
2024-06-07,W,total,923009,False
2024-06-08,A,total,683446,False
2024-06-09,U,total,603997,False
2024-06-10,W,total,881779,False
2024-06-11,W,total,972615,False
2024-06-12,W,total,999976,False
2024-06-13,W,total,956116,False
2024-06-14,W,total,949187,False
2024-06-15,A,total,751449,False
2024-06-16,U,total,553428,False
2024-06-17,W,total,863389,False
2024-06-18,W,total,978611,False
2024-06-19,W,total,832063,True
2024-06-20,W,total,959469,False
2024-06-21,W,total,945335,False
2024-06-22,A,total,764800,False
2024-06-23,U,total,592571,False
2024-06-24,W,total,901578,False
2024-06-25,W,total,928520,False
2024-06-26,W,total,1013201,False
2024-06-27,W,total,1008436,False
2024-06-28,W,total,891353,False
2024-06-29,A,total,722863,False
2024-06-30,U,total,655404,False
2024-07-01,W,total,918178,False
2024-07-02,W,total,965681,False
2024-07-03,W,total,980099,False
2024-07-04,U,total,557002,False
2024-07-05,W,total,818643,False
2024-07-06,A,total,723401,False
2024-07-07,U,total,546124,False
2024-07-08,W,total,888073,False
2024-07-09,W,total,944394,False
2024-07-10,W,total,970267,False
2024-07-11,W,total,988542,False
2024-07-12,W,total,929599,False
2024-07-13,A,total,725019,False
2024-07-14,U,total,520517,False
2024-07-15,W,total,875268,False
2024-07-16,W,total,973879,False
2024-07-17,W,total,996525,False
2024-07-18,W,total,987210,False
2024-07-19,W,total,943733,False
2024-07-20,A,total,752184,False
2024-07-21,U,total,598765,False
2024-07-22,W,total,921605,False
2024-07-23,W,total,995615,False
2024-07-24,W,total,1009246,False
2024-07-25,W,total,999333,False
2024-07-26,W,total,936635,False
2024-07-27,A,total,755124,False
2024-07-28,U,total,531689,False
2024-07-29,W,total,847066,False
2024-07-30,W,total,982915,False
2024-07-31,W,total,1004311,False
2024-08-01,W,total,1061421,False
2024-08-02,W,total,1014594,False
2024-08-03,A,total,826961,False
2024-08-04,U,total,634975,False
2024-08-05,W,total,874037,False
2024-08-06,W,total,954440,False
2024-08-07,W,total,1007418,False
2024-08-08,W,total,970852,False
2024-08-09,W,total,942105,False
2024-08-10,A,total,785397,False
2024-08-11,U,total,613797,False
2024-08-12,W,total,878639,False
2024-08-13,W,total,994431,False
2024-08-14,W,total,980662,False
2024-08-15,W,total,911264,False
2024-08-16,W,total,919587,False
2024-08-17,A,total,700891,False
2024-08-18,U,total,572678,False
2024-08-19,W,total,834256,False
2024-08-20,W,total,882576,False
2024-08-21,W,total,892822,False
2024-08-22,W,total,906665,False
2024-08-23,W,total,887875,False
2024-08-24,A,total,700756,False
2024-08-25,U,total,565482,False
2024-08-26,W,total,972614,False
2024-08-27,W,total,992768,False
2024-08-28,W,total,1079777,False
2024-08-29,W,total,1113704,False
2024-08-30,W,total,1024107,False
2024-08-31,A,total,781742,False
2024-09-01,U,total,635730,False
2024-09-02,U,total,565471,False
2024-09-03,W,total,1091357,False
2024-09-04,W,total,1107360,False
2024-09-05,W,total,1091965,False
2024-09-06,W,total,1051319,False
2024-09-07,A,total,745210,False
2024-09-08,U,total,587700,False
2024-09-09,W,total,1023721,False
2024-09-10,W,total,1098155,False
2024-09-11,W,total,1108228,False
2024-09-12,W,total,1092118,False
2024-09-13,W,total,1018564,False
2024-09-14,A,total,736344,False
2024-09-15,U,total,565679,False
2024-09-16,W,total,1020544,False
2024-09-17,W,total,1118048,False
2024-09-18,W,total,1122994,False
2024-09-19,W,total,1131064,False
2024-09-20,W,total,1067453,False
2024-09-21,A,total,777118,False
2024-09-22,U,total,490715,True
2024-09-23,W,total,1020758,False
2024-09-24,W,total,1017490,False
2024-09-25,W,total,1142209,False
2024-09-26,W,total,1133996,False
2024-09-27,W,total,982512,False
2024-09-28,A,total,697397,False
2024-09-29,U,total,559636,False
2024-09-30,W,total,1026214,False
2024-10-01,W,total,1133213,False
2024-10-02,W,total,1115719,False
2024-10-03,W,total,1124910,False
2024-10-04,W,total,1029042,False
2024-10-05,A,total,749729,False
2024-10-06,U,total,584676,False
2024-10-07,W,total,1029363,False
2024-10-08,W,total,1112630,False
2024-10-09,W,total,1128878,False
2024-10-10,W,total,1135499,False
2024-10-11,W,total,1081054,False
2024-10-12,A,total,797609,False
2024-10-13,U,total,747736,True
2024-10-14,W,total,871313,True
2024-10-15,W,total,1026934,False
2024-10-16,W,total,1115085,False
2024-10-17,W,total,1116172,False
2024-10-18,W,total,1040830,False
2024-10-19,A,total,780096,False
2024-10-20,U,total,560631,False
2024-10-21,W,total,1023334,False
2024-10-22,W,total,1094260,False
2024-10-23,W,total,1115160,False
2024-10-24,W,total,1119817,False
2024-10-25,W,total,1020490,False
2024-10-26,A,total,723801,False
2024-10-27,U,total,528559,False
2024-10-28,W,total,1000400,False
2024-10-29,W,total,1097380,False
2024-10-30,W,total,1109857,False
2024-10-31,W,total,1030888,False
2024-11-01,W,total,1000780,False
2024-11-02,A,total,691836,False
2024-11-03,U,total,495732,False
2024-11-04,W,total,936732,False
2024-11-05,W,total,898684,False
2024-11-06,W,total,1059964,False
2024-11-07,W,total,1095186,False
2024-11-08,W,total,998099,False
2024-11-09,A,total,679925,False
2024-11-10,U,total,539309,False
2024-11-11,W,total,914845,False
2024-11-12,W,total,1078087,False
2024-11-13,W,total,1068009,False
2024-11-14,W,total,1060012,False
2024-11-15,W,total,1000181,False
2024-11-16,A,total,715925,False
2024-11-17,U,total,542728,False
2024-11-18,W,total,948150,False
2024-11-19,W,total,1078952,False
2024-11-20,W,total,1054456,False
2024-11-21,W,total,954470,False
2024-11-22,W,total,1015409,False
2024-11-23,A,total,724965,False
2024-11-24,U,total,523539,False
2024-11-25,W,total,857014,False
2024-11-26,W,total,875296,False
2024-11-27,W,total,786166,False
2024-11-28,U,total,323373,True
2024-11-29,W,total,568640,False
2024-11-30,A,total,526429,False
2024-12-01,U,total,426319,False
2024-12-02,W,total,903267,False
2024-12-03,W,total,1013641,False
2024-12-04,W,total,1011615,False
2024-12-05,W,total,966057,False
2024-12-06,W,total,930979,False
2024-12-07,A,total,671260,False
2024-12-08,U,total,526452,False
2024-12-09,W,total,949811,False
2024-12-10,W,total,1004093,False
2024-12-11,W,total,978107,False
2024-12-12,W,total,832311,False
2024-12-13,W,total,882539,False
2024-12-14,A,total,610753,False
2024-12-15,U,total,475192,False
2024-12-16,W,total,893964,False
2024-12-17,W,total,974018,False
2024-12-18,W,total,960168,False
2024-12-19,W,total,926319,False
2024-12-20,W,total,836241,False
2024-12-21,A,total,581427,False
2024-12-22,U,total,459705,False
2024-12-23,W,total,693736,False
2024-12-24,W,total,522712,False
2024-12-25,U,total,232879,False
2024-12-26,W,total,592056,False
2024-12-27,W,total,640164,False
2024-12-28,A,total,571490,False
2024-12-29,U,total,389660,False
2024-12-30,W,total,733119,False
2024-12-31,W,total,667653,False
2025-01-01,U,total,418748,False
2025-01-02,W,total,745590,False
2025-01-03,W,total,761148,False
2025-01-04,A,total,558968,False
2025-01-05,U,total,417157,False
2025-01-06,W,total,840256,False
2025-01-07,W,total,957736,False
2025-01-08,W,total,967188,False
2025-01-09,W,total,962280,False
2025-01-10,W,total,851093,False
2025-01-11,A,total,605271,False
2025-01-12,U,total,438023,False
2025-01-13,W,total,911060,False
2025-01-14,W,total,970189,False
2025-01-15,W,total,978340,False
2025-01-16,W,total,1026110,False
2025-01-17,W,total,967131,False
2025-01-18,A,total,625533,False
2025-01-19,U,total,387975,False
2025-01-20,W,total,448307,True
2025-01-21,W,total,530886,True
2025-01-22,W,total,894832,False
2025-01-23,W,total,987168,False
2025-01-24,W,total,879954,False
2025-01-25,A,total,619203,False
2025-01-26,U,total,456891,False
2025-01-27,W,total,956859,False
2025-01-28,W,total,1053807,False
2025-01-29,W,total,1058328,False
2025-01-30,W,total,1045688,False
2025-01-31,W,total,859913,False
2025-02-01,A,total,645390,False
2025-02-02,U,total,479284,False
2025-02-03,W,total,959943,False
2025-02-04,W,total,1051845,False
2025-02-05,W,total,1036480,False
2025-02-06,W,total,998743,False
2025-02-07,W,total,950697,False
2025-02-08,A,total,615154,False
2025-02-09,U,total,489524,False
2025-02-10,W,total,958511,False
2025-02-11,W,total,1050986,False
2025-02-12,W,total,865706,False
2025-02-13,W,total,992026,False
2025-02-14,W,total,908408,False
2025-02-15,A,total,627027,False
2025-02-16,U,total,480560,False
2025-02-17,W,total,645274,True
2025-02-18,W,total,865606,False
2025-02-19,W,total,967222,False
2025-02-20,W,total,1006699,False
2025-02-21,W,total,933381,False
2025-02-22,A,total,647378,False
2025-02-23,U,total,485442,False
2025-02-24,W,total,986957,False
2025-02-25,W,total,1032611,False
2025-02-26,W,total,1066915,False
2025-02-27,W,total,1076048,False
2025-02-28,W,total,1000594,False
2025-03-01,A,total,663873,False
2025-03-02,U,total,501942,False
2025-03-03,W,total,979667,False
2025-03-04,W,total,1028156,False
2025-03-05,W,total,1061083,False
2025-03-06,W,total,1085763,False
2025-03-07,W,total,944873,False
2025-03-08,A,total,701778,False
2025-03-09,U,total,525951,False
2025-03-10,W,total,1023511,False
2025-03-11,W,total,1107304,False
2025-03-12,W,total,1117463,False
2025-03-13,W,total,1129029,False
2025-03-14,W,total,1086966,False
2025-03-15,A,total,1038464,True
2025-03-16,U,total,515622,False
2025-03-17,W,total,1039724,False
2025-03-18,W,total,1127833,False
2025-03-19,W,total,1055391,False
2025-03-20,W,total,1068537,False
2025-03-21,W,total,1010814,False
2025-03-22,A,total,707645,False
2025-03-23,U,total,511569,False
2025-03-24,W,total,865398,True
2025-03-25,W,total,967190,False
2025-03-26,W,total,977449,False
2025-03-27,W,total,957565,False
2025-03-28,W,total,907506,False
2025-03-29,A,total,698698,False
2025-03-30,U,total,504351,False
2025-03-31,W,total,933402,False
2025-04-01,W,total,1057934,False
2025-04-02,W,total,946991,False
2025-04-03,W,total,1154935,False
2025-04-04,W,total,1064014,False
2025-04-05,A,total,781649,False
2025-04-06,U,total,579134,False
2025-04-07,W,total,1018654,False
2025-04-08,W,total,1095053,False
2025-04-09,W,total,1087020,False
2025-04-10,W,total,1097470,False
2025-04-11,W,total,1062992,False
2025-04-12,A,total,767968,False
2025-04-13,U,total,584178,False
2025-04-14,W,total,1051006,False
2025-04-15,W,total,1112432,False
2025-04-16,W,total,1143114,False
2025-04-17,W,total,1112512,False
2025-04-18,W,total,962502,False
2025-04-19,A,total,732959,False
2025-04-20,U,total,505241,False
2025-04-21,W,total,986009,False
2025-04-22,W,total,1142526,False
2025-04-23,W,total,1121486,False
2025-04-24,W,total,1151996,False
2025-04-25,W,total,1042440,False
2025-04-26,A,total,788105,False
2025-04-27,U,total,609825,False
2025-04-28,W,total,1069250,False
2025-04-29,W,total,1135673,False
2025-04-30,W,total,1118989,False
2025-05-01,W,total,1113373,False
2025-05-02,W,total,1066284,False
2025-05-03,A,total,760834,False
2025-05-04,U,total,538223,False
2025-05-05,W,total,1065047,False
2025-05-06,W,total,1168346,False
2025-05-07,W,total,1157234,False
2025-05-08,W,total,1134480,False
2025-05-09,W,total,1070564,False
2025-05-10,A,total,768996,False
2025-05-11,U,total,569864,False
2025-05-12,W,total,1031143,False
2025-05-13,W,total,1134324,False
2025-05-14,W,total,1146067,False
2025-05-15,W,total,1126195,False
2025-05-16,W,total,1102379,False
2025-05-17,A,total,806956,False
2025-05-18,U,total,651222,False
2025-05-19,W,total,1033195,False
2025-05-20,W,total,1010539,False
2025-05-21,W,total,1078880,False
2025-05-22,W,total,1118548,False
2025-05-23,W,total,1049202,False
2025-05-24,A,total,801446,False
2025-05-25,U,total,638157,False
2025-05-26,U,total,598712,False
2025-05-27,W,total,1083285,False
2025-05-28,W,total,1080160,False
2025-05-29,W,total,1118224,False
2025-05-30,W,total,1072254,False
2025-05-31,A,total,806090,False
2025-06-01,U,total,629549,False
2025-06-02,W,total,1059855,False
2025-06-03,W,total,1145252,False
2025-06-04,W,total,1048769,False
2025-06-05,W,total,1141757,False
2025-06-06,W,total,1090629,False
2025-06-07,A,total,834879,False
2025-06-08,U,total,633014,False
2025-06-09,W,total,1028159,False
2025-06-10,W,total,1126866,False
2025-06-11,W,total,1143398,False
2025-06-12,W,total,1150560,False
2025-06-13,W,total,998893,False
2025-06-14,A,total,902530,True
2025-06-15,U,total,648995,False
2025-06-16,W,total,967481,False
2025-06-17,W,total,1095567,False
2025-06-18,W,total,976553,False
2025-06-19,W,total,938702,False
2025-06-20,W,total,1026812,False
2025-06-21,A,total,836371,False
2025-06-22,U,total,634803,False
2025-06-23,W,total,951222,False
2025-06-24,W,total,1032910,False
2025-06-25,W,total,1080878,False
2025-06-26,W,total,1096234,False
2025-06-27,W,total,1022172,False
2025-06-28,A,total,823480,False
2025-06-29,U,total,688554,False
2025-06-30,W,total,975662,False
2025-07-01,W,total,1114348,False
2025-07-02,W,total,1078460,False
2025-07-03,W,total,1044853,False
2025-07-04,U,total,650159,False
2025-07-05,A,total,770879,False
2025-07-06,U,total,606832,False
2025-07-07,W,total,1004241,False
2025-07-08,W,total,1064991,False
2025-07-09,W,total,1078798,False
2025-07-10,W,total,1092958,False
2025-07-11,W,total,997000,False
2025-07-12,A,total,810785,False
2025-07-13,U,total,638130,False
2025-07-14,W,total,994442,False
2025-07-15,W,total,1085896,False
2025-07-16,W,total,1048186,False
2025-07-17,W,total,1092145,False
2025-07-18,W,total,1085086,False
2025-07-19,A,total,809445,False
2025-07-20,U,total,662095,False
2025-07-21,W,total,1035087,False
2025-07-22,W,total,1124976,False
2025-07-23,W,total,1096763,False
2025-07-24,W,total,1006217,False
2025-07-25,W,total,974046,False
2025-07-26,A,total,817460,False
2025-07-27,U,total,656051,False
2025-07-28,W,total,953037,False
2025-07-29,W,total,1072025,False
2025-07-30,W,total,1058290,False
2025-07-31,W,total,1175212,False
2025-08-01,W,total,1169088,False
2025-08-02,A,total,945351,True
2025-08-03,U,total,751408,False
2025-08-04,W,total,1029378,False
2025-08-05,W,total,1101893,False
2025-08-06,W,total,1096724,False
2025-08-07,W,total,1076756,False
2025-08-08,W,total,1016582,False
2025-08-09,A,total,821912,False
2025-08-10,U,total,647109,False
2025-08-11,W,total,968027,False
2025-08-12,W,total,977251,False
2025-08-13,W,total,1079411,False
2025-08-14,W,total,1071832,False
2025-08-15,W,total,1065865,False
2025-08-16,A,total,842186,False
2025-08-17,U,total,693891,False
2025-08-18,W,total,1028162,False
2025-08-19,W,total,1146434,False
2025-08-20,W,total,1169878,False
2025-08-21,W,total,1173134,False
2025-08-22,W,total,1087143,False
2025-08-23,A,total,812682,False
2025-08-24,U,total,637514,False
2025-08-25,W,total,1088142,False
2025-08-26,W,total,1172852,False
2025-08-27,W,total,1177435,False
2025-08-28,W,total,1219671,False
2025-08-29,W,total,1169653,False
2025-08-30,A,total,867064,False
2025-08-31,U,total,738708,False
2025-09-01,U,total,672473,False
2025-09-02,W,total,1177115,False
2025-09-03,W,total,1171883,False
2025-09-04,W,total,1185940,False
2025-09-05,W,total,1142470,False
2025-09-06,A,total,838532,False
2025-09-07,U,total,656273,False
2025-09-08,W,total,1104574,False
2025-09-09,W,total,1173120,False
2025-09-10,W,total,1191281,False
2025-09-11,W,total,1182636,False
2025-09-12,W,total,1128284,False
2025-09-13,A,total,754128,False
2025-09-14,U,total,626644,False
2025-09-15,W,total,1110119,False
2025-09-16,W,total,1185659,False
2025-09-17,W,total,1195750,False
2025-09-18,W,total,1206339,False
2025-09-19,W,total,1159650,False
2025-09-20,A,total,808902,False
2025-09-21,U,total,648410,False
2025-09-22,W,total,1109000,False
2025-09-23,W,total,1171633,False
2025-09-24,W,total,1213345,False
2025-09-25,W,total,1225949,False
2025-09-26,W,total,1077022,False
2025-09-27,A,total,836042,False
2025-09-28,U,total,634998,False
2025-09-29,W,total,1091217,False
2025-09-30,W,total,1198271,False
2025-10-01,W,total,1229733,False
2025-10-02,W,total,1194374,False
2025-10-03,W,total,1114888,False
2025-10-04,A,total,801068,False
2025-10-05,U,total,615590,False
2025-10-06,W,total,1078171,False
2025-10-07,W,total,1125951,False
2025-10-08,W,total,1219748,False
2025-10-09,W,total,1230328,False
2025-10-10,W,total,1150345,False
2025-10-11,A,total,866514,False
2025-10-12,U,total,871608,True
2025-10-13,W,total,930054,False
2025-10-14,W,total,1189671,False
2025-10-15,W,total,1154264,False
2025-10-16,W,total,1192102,False
2025-10-17,W,total,1099346,False
2025-10-18,A,total,891691,False
2025-10-19,U,total,582067,False
2025-10-20,W,total,1083967,False
2025-10-21,W,total,1130450,False
2025-10-22,W,total,1130718,False
2025-10-23,W,total,1148201,False
2025-10-24,W,total,1056494,False
2025-10-25,A,total,734202,False
2025-10-26,U,total,577408,False
2025-10-27,W,total,995206,False
2025-10-28,W,total,1148913,False
2025-10-29,W,total,1158855,False
2025-10-30,W,total,1172395,False
2025-10-31,W,total,1107118,False
2025-11-01,A,total,753120,False
2025-11-02,U,total,592127,False
2025-11-03,W,total,1085292,False
2025-11-04,W,total,1138031,False
2025-11-05,W,total,1139786,False
2025-11-06,W,total,1135692,False
2025-11-07,W,total,1081591,False
2025-11-08,A,total,719241,False
2025-11-09,U,total,522270,False
2025-11-10,W,total,928751,False
2025-11-11,W,total,908595,False
2025-11-12,W,total,1144218,False
2025-11-13,W,total,1141212,False
2025-11-14,W,total,1069902,False
2025-11-15,A,total,802538,False
2025-11-16,U,total,565887,False
2025-11-17,W,total,1056661,False
2025-11-18,W,total,1100467,False
2025-11-19,W,total,1130819,False
2025-11-20,W,total,1129295,False
2025-11-21,W,total,1109002,False
2025-11-22,A,total,776261,False
2025-11-23,U,total,587264,False
2025-11-24,W,total,932677,False
2025-11-25,W,total,938269,False
2025-11-26,W,total,774811,False
2025-11-27,U,total,344860,False
2025-11-28,W,total,638736,False
2025-11-29,A,total,492072,False
2025-11-30,U,total,460563,False
2025-12-01,W,total,985680,False
2025-12-02,W,total,1070323,False
2025-12-03,W,total,1101593,False
2025-12-04,W,total,1007233,False
2025-12-05,W,total,990925,False
2025-12-06,A,total,660376,False
2025-12-07,U,total,514373,False
2025-12-08,W,total,983231,False
2025-12-09,W,total,1075291,False
2025-12-10,W,total,1071970,False
2025-12-11,W,total,1068891,False
2025-12-12,W,total,999679,False
2025-12-13,A,total,606129,False
2025-12-14,U,total,433031,False
2025-12-15,W,total,877269,False
2025-12-16,W,total,1026426,False
2025-12-17,W,total,1060271,False
2025-12-18,W,total,978363,False
2025-12-19,W,total,891895,False
2025-12-20,A,total,679026,False
2025-12-21,U,total,518334,False
2025-12-22,W,total,796865,False
2025-12-23,W,total,812524,False
2025-12-24,W,total,592719,False
2025-12-25,U,total,281133,False
2025-12-26,W,total,629973,False
2025-12-27,A,total,585563,False
2025-12-28,U,total,423443,False
2025-12-29,W,total,674496,False
2025-12-30,W,total,738624,False
2025-12-31,W,total,739557,False
2026-01-01,U,total,435653,False
2026-01-02,W,total,725152,False
2026-01-03,A,total,591538,False
2026-01-04,U,total,492531,False
2026-01-05,W,total,870404,False
2026-01-06,W,total,1021091,False
2026-01-07,W,total,1043183,False
2026-01-08,W,total,997817,False
2026-01-09,W,total,948721,False
2026-01-10,A,total,656795,False
2026-01-11,U,total,488729,False
2026-01-12,W,total,1002446,False
2026-01-13,W,total,1088023,False
2026-01-14,W,total,987310,False
2026-01-15,W,total,1034033,False
2026-01-16,W,total,936223,False
2026-01-17,A,total,604037,False
2026-01-18,U,total,485482,False
2026-01-19,W,total,511945,True
2026-01-20,W,total,968418,False
2026-01-21,W,total,1046992,False
2026-01-22,W,total,991825,False
2026-01-23,W,total,387388,True
2026-01-24,A,total,420251,False
2026-01-25,U,total,380517,True
2026-01-26,W,total,808114,False
2026-01-27,W,total,986884,False
2026-01-28,W,total,958785,False
2026-01-29,W,total,1005964,False
2026-01-30,W,total,910290,False
2026-01-31,A,total,603719,False
2026-02-01,U,total,489426,False
2026-02-02,W,total,978466,False
2026-02-03,W,total,1087109,False
2026-02-04,W,total,1073423,False
2026-02-05,W,total,1053480,False
2026-02-06,W,total,961168,False
2026-02-07,A,total,655214,False
2026-02-08,U,total,496427,False
2026-02-09,W,total,977204,False
2026-02-10,W,total,1096631,False
2026-02-11,W,total,1099545,False
2026-02-12,W,total,1062035,False
2026-02-13,W,total,1014713,False
2026-02-14,A,total,721260,False
2026-02-15,U,total,582036,True
2026-02-16,W,total,807706,False
2026-02-17,W,total,1009685,False
2026-02-18,W,total,1116220,False
2026-02-19,W,total,1085769,False
2026-02-20,W,total,950788,False
2026-02-21,A,total,662096,False
2026-02-22,U,total,475623,False
2026-02-23,W,total,956589,False
2026-02-24,W,total,1058405,False
2026-02-25,W,total,1086687,False
2026-02-26,W,total,1066642,False
2026-02-27,W,total,1031260,False
2026-02-28,A,total,679182,False
2026-03-01,U,total,530819,False
2026-03-02,W,total,987544,False
2026-03-03,W,total,1086146,False
2026-03-04,W,total,1082938,False
2026-03-05,W,total,1070184,False
2026-03-06,W,total,946002,True
2026-03-07,A,total,701289,False
2026-03-08,U,total,553276,False
2026-03-09,W,total,1053545,False
2026-03-10,W,total,1060486,False
2026-03-11,W,total,1034804,False
2026-03-12,W,total,1136174,False
2026-03-13,W,total,1041897,False
2026-03-14,A,total,997449,True
2026-03-15,U,total,516140,False
2026-03-16,W,total,940630,False
2026-03-17,W,total,1002386,False
2026-03-18,W,total,1025811,False
2026-03-19,W,total,1114208,False
2026-03-20,W,total,1046101,False
2026-03-21,A,total,787483,False
2026-03-22,U,total,531691,False
2026-03-23,W,total,873836,False
2026-03-24,W,total,950652,False
2026-03-25,W,total,987030,False
2026-03-26,W,total,934583,False
2026-03-27,W,total,889197,False
2026-03-28,A,total,788435,False
2026-03-29,U,total,593687,False
2026-03-30,W,total,1099488,False
2026-03-31,W,total,1075818,False
2026-04-01,W,total,1135547,False
2026-04-02,W,total,1039744,False
2026-04-03,W,total,970235,False
2026-04-04,A,total,704913,True
2026-04-05,U,total,541905,False
2026-04-06,W,total,1045775,False
2026-04-07,W,total,1138729,False
2026-04-08,W,total,1152573,False
2026-04-09,W,total,1142163,False
2026-04-10,W,total,1054071,False
2026-04-11,A,total,789226,False
2026-04-12,U,total,619264,False
2026-04-13,W,total,1046402,False
2026-04-14,W,total,1108742,False
2026-04-15,W,total,1111571,False
2026-04-16,W,total,1128817,False
2026-04-17,W,total,1094607,False
2026-04-18,A,total,782072,False
2026-04-19,U,total,591825,False
2026-04-20,W,total,1075473,False
2026-04-21,W,total,1149771,False
2026-04-22,W,total,1174577,False
2026-04-23,W,total,1185301,False
2026-04-24,W,total,1057104,False
2026-04-25,A,total,798235,False
2026-04-26,U,total,597491,False
2026-04-27,W,total,961318,True
2026-04-28,W,total,1143881,False
2026-04-29,W,total,1135575,False
2026-04-30,W,total,1130540,False
2026-05-01,W,total,1106298,False
2026-05-02,A,total,816657,False
2026-05-03,U,total,625008,False
2026-05-04,W,total,1099244,False
2026-05-05,W,total,1163564,False
2026-05-06,W,total,1181136,False
2026-05-07,W,total,1175888,False
2026-05-08,W,total,1085274,False
2026-05-09,A,total,808182,False
2026-05-10,U,total,594552,False
2026-05-11,W,total,1030067,False
2026-05-12,W,total,1114349,False
2026-05-13,W,total,1143786,False
2026-05-14,W,total,1161048,False
2026-05-15,W,total,1105394,False
2026-05-16,A,total,855772,False
2026-05-17,U,total,699013,False
2026-05-18,W,total,1046901,False
2026-05-19,W,total,1165699,False
2026-05-20,W,total,1178497,False
2026-05-21,W,total,1132514,False
2026-05-22,W,total,1086938,False
2026-05-23,A,total,861282,False
2026-05-24,U,total,693884,False
2026-05-25,U,total,675726,False
2026-05-26,W,total,1122780,False
2026-05-27,W,total,1151383,False
2026-05-28,W,total,1149957,False
2026-05-29,W,total,1089186,False
2026-05-30,A,total,809748,False
2026-05-31,U,total,634012,False
2026-06-01,W,total,1064095,False
2026-06-02,W,total,1177312,False
2026-06-03,W,total,1195594,False
2026-06-04,W,total,1226319,False
2026-06-05,W,total,1069826,False
2026-06-06,A,total,912907,False
2026-06-07,U,total,722319,False
2026-06-08,W,total,992536,False
2026-06-09,W,total,1107900,False
2026-06-10,W,total,1051970,False
2026-06-11,W,total,1011798,False
2026-06-12,W,total,1121056,False
2026-06-13,A,total,871338,False
2026-06-14,U,total,643372,False
2026-06-15,W,total,1043511,False
2026-06-16,W,total,1104501,False
2026-06-17,W,total,939407,False
2026-06-18,W,total,1113804,False
2026-06-19,W,total,1012954,False
2026-06-20,A,total,930137,False
2026-06-21,U,total,574544,False
2026-06-22,W,total,1031069,False
2026-06-23,W,total,1145607,False
2026-06-24,W,total,1072494,False
2026-06-25,W,total,1139365,False
2026-06-26,W,total,1035089,False
2026-06-27,A,total,882362,False
2026-06-28,U,total,765733,False
2026-06-29,W,total,1035536,False
2026-06-30,W,total,1091687,False
